relError,absError,h,nbQuadptsInterface,IntegrationTime_sec_
0.940212267809206,0.656391989636533,1.331,216,16.7941933
