relError,absError,h,nbQuadptsInterface,IntegrationTime_sec_
0.0644544458680026,0.044997691917804,1.331,4872,8.7551059
