ISO-10303-21;
HEADER;
FILE_DESCRIPTION(('Open CASCADE Model'),'2;1');
FILE_NAME('Open CASCADE Shape Model','2022-11-30T10:46:13',('Author'),(
    'Open CASCADE'),'Open CASCADE STEP processor 7.6','Open CASCADE 7.6'
  ,'Unknown');
FILE_SCHEMA(('AUTOMOTIVE_DESIGN { 1 0 10303 214 1 1 1 1 }'));
ENDSEC;
DATA;
#1 = APPLICATION_PROTOCOL_DEFINITION('international standard',
  'automotive_design',2000,#2);
#2 = APPLICATION_CONTEXT(
  'core data for automotive mechanical design processes');
#3 = SHAPE_DEFINITION_REPRESENTATION(#4,#10);
#4 = PRODUCT_DEFINITION_SHAPE('','',#5);
#5 = PRODUCT_DEFINITION('design','',#6,#9);
#6 = PRODUCT_DEFINITION_FORMATION('','',#7);
#7 = PRODUCT('Open CASCADE STEP translator 7.6 1',
  'Open CASCADE STEP translator 7.6 1','',(#8));
#8 = PRODUCT_CONTEXT('',#2,'mechanical');
#9 = PRODUCT_DEFINITION_CONTEXT('part definition',#2,'design');
#10 = MANIFOLD_SURFACE_SHAPE_REPRESENTATION('',(#11,#15),#4548);
#11 = AXIS2_PLACEMENT_3D('',#12,#13,#14);
#12 = CARTESIAN_POINT('',(0.,0.,0.));
#13 = DIRECTION('',(0.,0.,1.));
#14 = DIRECTION('',(1.,0.,-0.));
#15 = SHELL_BASED_SURFACE_MODEL('',(#16));
#16 = CLOSED_SHELL('',(#17,#2072,#4187,#4411,#4495));
#17 = ADVANCED_FACE('',(#18),#31,.T.);
#18 = FACE_BOUND('',#19,.T.);
#19 = EDGE_LOOP('',(#20,#325,#347,#348,#809,#1125,#1194,#1508,#1820));
#20 = ORIENTED_EDGE('',*,*,#21,.T.);
#21 = EDGE_CURVE('',#22,#24,#26,.T.);
#22 = VERTEX_POINT('',#23);
#23 = CARTESIAN_POINT('',(-0.8,0.6,-1.039230484541));
#24 = VERTEX_POINT('',#25);
#25 = CARTESIAN_POINT('',(-0.8,2.,-3.464101615138));
#26 = SEAM_CURVE('',#27,(#30,#318),.PCURVE_S1.);
#27 = B_SPLINE_CURVE_WITH_KNOTS('',1,(#28,#29),.UNSPECIFIED.,.F.,.F.,(2,
    2),(1.2,4.),.PIECEWISE_BEZIER_KNOTS.);
#28 = CARTESIAN_POINT('',(-0.8,0.6,-1.039230484541));
#29 = CARTESIAN_POINT('',(-0.8,2.,-3.464101615138));
#30 = PCURVE('',#31,#312);
#31 = ( BOUNDED_SURFACE() B_SPLINE_SURFACE(2,2,(
    (#32,#33,#34,#35,#36,#37,#38,#39,#40,#41)
    ,(#42,#43,#44,#45,#46,#47,#48,#49,#50,#51)
    ,(#52,#53,#54,#55,#56,#57,#58,#59,#60,#61)
    ,(#62,#63,#64,#65,#66,#67,#68,#69,#70,#71)
    ,(#72,#73,#74,#75,#76,#77,#78,#79,#80,#81)
    ,(#82,#83,#84,#85,#86,#87,#88,#89,#90,#91)
    ,(#92,#93,#94,#95,#96,#97,#98,#99,#100,#101)
    ,(#102,#103,#104,#105,#106,#107,#108,#109,#110,#111)
    ,(#112,#113,#114,#115,#116,#117,#118,#119,#120,#121)
    ,(#122,#123,#124,#125,#126,#127,#128,#129,#130,#131)
    ,(#132,#133,#134,#135,#136,#137,#138,#139,#140,#141)
    ,(#142,#143,#144,#145,#146,#147,#148,#149,#150,#151)
    ,(#152,#153,#154,#155,#156,#157,#158,#159,#160,#161)
    ,(#162,#163,#164,#165,#166,#167,#168,#169,#170,#171)
    ,(#172,#173,#174,#175,#176,#177,#178,#179,#180,#181)
    ,(#182,#183,#184,#185,#186,#187,#188,#189,#190,#191)
    ,(#192,#193,#194,#195,#196,#197,#198,#199,#200,#201)
    ,(#202,#203,#204,#205,#206,#207,#208,#209,#210,#211)
    ,(#212,#213,#214,#215,#216,#217,#218,#219,#220,#221)
    ,(#222,#223,#224,#225,#226,#227,#228,#229,#230,#231)
    ,(#232,#233,#234,#235,#236,#237,#238,#239,#240,#241)
    ,(#242,#243,#244,#245,#246,#247,#248,#249,#250,#251)
    ,(#252,#253,#254,#255,#256,#257,#258,#259,#260,#261)
    ,(#262,#263,#264,#265,#266,#267,#268,#269,#270,#271)
    ,(#272,#273,#274,#275,#276,#277,#278,#279,#280,#281)
    ,(#282,#283,#284,#285,#286,#287,#288,#289,#290,#291)
    ,(#292,#293,#294,#295,#296,#297,#298,#299,#300,#301)
    ,(#302,#303,#304,#305,#306,#307,#308,#309,#310,#311
)),.UNSPECIFIED.,.T.,.F.,.F.) B_SPLINE_SURFACE_WITH_KNOTS((1,2,1,1,1,1,1
    ,1,1,2,1,1,1,1,1,1,1,2,1,1,1,1,1,1,1,2,1),(3,1,1,1,1,1,1,1,3),(
    -0.261799387799,0.,0.261799387799,0.523598775598,0.785398163397,
    1.047197551197,1.308996938996,1.570796326795,1.832595714594,
    2.094395102393,2.356194490192,2.617993877991,2.879793265791,
    3.14159265359,3.403392041389,3.665191429188,3.926990816987,
    4.188790204786,4.450589592586,4.712388980385,4.974188368184,
    5.235987755983,5.497787143782,5.759586531581,6.02138591938,
    6.28318530718,6.544984694979),(0.734846891462,1.142991030029,
    1.551135168596,1.959279307164,2.367423445731,2.775567584298,
    3.183711722865,3.591855861433,4.),.UNSPECIFIED.) 
GEOMETRIC_REPRESENTATION_ITEM() RATIONAL_B_SPLINE_SURFACE((
    (1.,1.,1.,1.,1.,1.,1.,1.,1.,1.)
    ,(0.9375,0.9375,0.9375,0.9375,0.9375,0.9375,0.9375,0.9375,0.9375
      ,0.9375)
    ,(0.84375,0.84375,0.84375,0.84375,0.84375,0.84375,0.84375,0.84375
      ,0.84375,0.84375)
    ,(0.78125,0.78125,0.78125,0.78125,0.78125,0.78125,0.78125,0.78125
      ,0.78125,0.78125)
    ,(0.75,0.75,0.75,0.75,0.75,0.75,0.75,0.75,0.75,0.75)
    ,(0.75,0.75,0.75,0.75,0.75,0.75,0.75,0.75,0.75,0.75)
    ,(0.78125,0.78125,0.78125,0.78125,0.78125,0.78125,0.78125,0.78125
      ,0.78125,0.78125)
    ,(0.84375,0.84375,0.84375,0.84375,0.84375,0.84375,0.84375,0.84375
      ,0.84375,0.84375)
    ,(0.9375,0.9375,0.9375,0.9375,0.9375,0.9375,0.9375,0.9375,0.9375
      ,0.9375)
    ,(1.,1.,1.,1.,1.,1.,1.,1.,1.,1.)
    ,(0.9375,0.9375,0.9375,0.9375,0.9375,0.9375,0.9375,0.9375,0.9375
      ,0.9375)
    ,(0.84375,0.84375,0.84375,0.84375,0.84375,0.84375,0.84375,0.84375
      ,0.84375,0.84375)
    ,(0.78125,0.78125,0.78125,0.78125,0.78125,0.78125,0.78125,0.78125
      ,0.78125,0.78125)
    ,(0.75,0.75,0.75,0.75,0.75,0.75,0.75,0.75,0.75,0.75)
    ,(0.75,0.75,0.75,0.75,0.75,0.75,0.75,0.75,0.75,0.75)
    ,(0.78125,0.78125,0.78125,0.78125,0.78125,0.78125,0.78125,0.78125
      ,0.78125,0.78125)
    ,(0.84375,0.84375,0.84375,0.84375,0.84375,0.84375,0.84375,0.84375
      ,0.84375,0.84375)
    ,(0.9375,0.9375,0.9375,0.9375,0.9375,0.9375,0.9375,0.9375,0.9375
      ,0.9375)
    ,(1.,1.,1.,1.,1.,1.,1.,1.,1.,1.)
    ,(0.9375,0.9375,0.9375,0.9375,0.9375,0.9375,0.9375,0.9375,0.9375
      ,0.9375)
    ,(0.84375,0.84375,0.84375,0.84375,0.84375,0.84375,0.84375,0.84375
      ,0.84375,0.84375)
    ,(0.78125,0.78125,0.78125,0.78125,0.78125,0.78125,0.78125,0.78125
      ,0.78125,0.78125)
    ,(0.75,0.75,0.75,0.75,0.75,0.75,0.75,0.75,0.75,0.75)
    ,(0.75,0.75,0.75,0.75,0.75,0.75,0.75,0.75,0.75,0.75)
    ,(0.78125,0.78125,0.78125,0.78125,0.78125,0.78125,0.78125,0.78125
      ,0.78125,0.78125)
    ,(0.84375,0.84375,0.84375,0.84375,0.84375,0.84375,0.84375,0.84375
      ,0.84375,0.84375)
    ,(0.9375,0.9375,0.9375,0.9375,0.9375,0.9375,0.9375,0.9375,0.9375
      ,0.9375)
,(1.,1.,1.,1.,1.,1.,1.,1.,1.,1.))) REPRESENTATION_ITEM('') SURFACE() );
#32 = CARTESIAN_POINT('',(-0.8,0.367423445731,-0.636396075898));
#33 = CARTESIAN_POINT('',(-0.8,0.469459480373,-0.8131276721));
#34 = CARTESIAN_POINT('',(-0.8,0.673531549656,-1.166590864505));
#35 = CARTESIAN_POINT('',(-0.8,0.87760361894,-1.52005405691));
#36 = CARTESIAN_POINT('',(-0.8,1.081675688224,-1.873517249315));
#37 = CARTESIAN_POINT('',(-0.8,1.285747757507,-2.22698044172));
#38 = CARTESIAN_POINT('',(-0.8,1.489819826791,-2.580443634125));
#39 = CARTESIAN_POINT('',(-0.8,1.693891896075,-2.93390682653));
#40 = CARTESIAN_POINT('',(-0.8,1.897963965358,-3.287370018935));
#41 = CARTESIAN_POINT('',(-0.8,2.,-3.464101615138));
#42 = CARTESIAN_POINT('',(-0.8,0.447423445731,-0.590208054363));
#43 = CARTESIAN_POINT('',(-0.8,0.549459480373,-0.766939650565));
#44 = CARTESIAN_POINT('',(-0.8,0.753531549656,-1.12040284297));
#45 = CARTESIAN_POINT('',(-0.8,0.95760361894,-1.473866035375));
#46 = CARTESIAN_POINT('',(-0.8,1.161675688224,-1.82732922778));
#47 = CARTESIAN_POINT('',(-0.8,1.365747757507,-2.180792420185));
#48 = CARTESIAN_POINT('',(-0.8,1.569819826791,-2.53425561259));
#49 = CARTESIAN_POINT('',(-0.8,1.773891896075,-2.887718804995));
#50 = CARTESIAN_POINT('',(-0.8,1.977963965358,-3.2411819974));
#51 = CARTESIAN_POINT('',(-0.8,2.08,-3.417913593603));
#52 = CARTESIAN_POINT('',(-0.755555555556,0.611867890175,-0.495266010096
    ));
#53 = CARTESIAN_POINT('',(-0.755555555556,0.713903924817,-0.671997606298
    ));
#54 = CARTESIAN_POINT('',(-0.755555555556,0.917975994101,-1.025460798703
    ));
#55 = CARTESIAN_POINT('',(-0.755555555556,1.122048063384,-1.378923991108
    ));
#56 = CARTESIAN_POINT('',(-0.755555555556,1.326120132668,-1.732387183513
    ));
#57 = CARTESIAN_POINT('',(-0.755555555556,1.530192201952,-2.085850375918
    ));
#58 = CARTESIAN_POINT('',(-0.755555555556,1.734264271235,-2.439313568323
    ));
#59 = CARTESIAN_POINT('',(-0.755555555556,1.938336340519,-2.792776760728
    ));
#60 = CARTESIAN_POINT('',(-0.755555555556,2.142408409803,-3.146239953133
    ));
#61 = CARTESIAN_POINT('',(-0.755555555556,2.244444444444,-3.322971549336
    ));
#62 = CARTESIAN_POINT('',(-0.656,0.775423445731,-0.400837166069));
#63 = CARTESIAN_POINT('',(-0.656,0.877459480373,-0.577568762271));
#64 = CARTESIAN_POINT('',(-0.656,1.081531549656,-0.931031954676));
#65 = CARTESIAN_POINT('',(-0.656,1.28560361894,-1.284495147081));
#66 = CARTESIAN_POINT('',(-0.656,1.489675688224,-1.637958339486));
#67 = CARTESIAN_POINT('',(-0.656,1.693747757507,-1.991421531891));
#68 = CARTESIAN_POINT('',(-0.656,1.897819826791,-2.344884724296));
#69 = CARTESIAN_POINT('',(-0.656,2.101891896075,-2.698347916701));
#70 = CARTESIAN_POINT('',(-0.656,2.305963965358,-3.051811109106));
#71 = CARTESIAN_POINT('',(-0.656,2.408,-3.228542705308));
#72 = CARTESIAN_POINT('',(-0.5,0.917423445731,-0.318853427844));
#73 = CARTESIAN_POINT('',(-0.5,1.019459480373,-0.495585024046));
#74 = CARTESIAN_POINT('',(-0.5,1.223531549656,-0.849048216451));
#75 = CARTESIAN_POINT('',(-0.5,1.42760361894,-1.202511408856));
#76 = CARTESIAN_POINT('',(-0.5,1.631675688224,-1.555974601261));
#77 = CARTESIAN_POINT('',(-0.5,1.835747757507,-1.909437793666));
#78 = CARTESIAN_POINT('',(-0.5,2.039819826791,-2.262900986071));
#79 = CARTESIAN_POINT('',(-0.5,2.243891896075,-2.616364178476));
#80 = CARTESIAN_POINT('',(-0.5,2.447963965358,-2.969827370881));
#81 = CARTESIAN_POINT('',(-0.5,2.55,-3.146558967083));
#82 = CARTESIAN_POINT('',(-0.3,1.017423445731,-0.261118400925));
#83 = CARTESIAN_POINT('',(-0.3,1.119459480373,-0.437849997127));
#84 = CARTESIAN_POINT('',(-0.3,1.323531549656,-0.791313189532));
#85 = CARTESIAN_POINT('',(-0.3,1.52760361894,-1.144776381937));
#86 = CARTESIAN_POINT('',(-0.3,1.731675688224,-1.498239574342));
#87 = CARTESIAN_POINT('',(-0.3,1.935747757507,-1.851702766747));
#88 = CARTESIAN_POINT('',(-0.3,2.139819826791,-2.205165959152));
#89 = CARTESIAN_POINT('',(-0.3,2.343891896075,-2.558629151557));
#90 = CARTESIAN_POINT('',(-0.3,2.547963965358,-2.912092343962));
#91 = CARTESIAN_POINT('',(-0.3,2.65,-3.088823940164));
#92 = CARTESIAN_POINT('',(-8.E-02,1.063423445731,-0.234560288542));
#93 = CARTESIAN_POINT('',(-8.E-02,1.165459480373,-0.411291884744));
#94 = CARTESIAN_POINT('',(-8.E-02,1.369531549656,-0.764755077149));
#95 = CARTESIAN_POINT('',(-8.E-02,1.57360361894,-1.118218269554));
#96 = CARTESIAN_POINT('',(-8.E-02,1.777675688224,-1.471681461959));
#97 = CARTESIAN_POINT('',(-8.E-02,1.981747757507,-1.825144654364));
#98 = CARTESIAN_POINT('',(-8.E-02,2.185819826791,-2.178607846769));
#99 = CARTESIAN_POINT('',(-8.E-02,2.389891896075,-2.532071039174));
#100 = CARTESIAN_POINT('',(-8.E-02,2.593963965358,-2.885534231579));
#101 = CARTESIAN_POINT('',(-8.E-02,2.696,-3.062265827782));
#102 = CARTESIAN_POINT('',(0.133333333333,1.05631233462,-0.238665890456)
  );
#103 = CARTESIAN_POINT('',(0.133333333333,1.158348369262,-0.415397486659
    ));
#104 = CARTESIAN_POINT('',(0.133333333333,1.362420438545,-0.768860679064
    ));
#105 = CARTESIAN_POINT('',(0.133333333333,1.566492507829,-1.122323871469
    ));
#106 = CARTESIAN_POINT('',(0.133333333333,1.770564577113,-1.475787063874
    ));
#107 = CARTESIAN_POINT('',(0.133333333333,1.974636646396,-1.829250256279
    ));
#108 = CARTESIAN_POINT('',(0.133333333333,2.17870871568,-2.182713448684)
  );
#109 = CARTESIAN_POINT('',(0.133333333333,2.382780784963,-2.536176641089
    ));
#110 = CARTESIAN_POINT('',(0.133333333333,2.586852854247,-2.889639833494
    ));
#111 = CARTESIAN_POINT('',(0.133333333333,2.688888888889,-3.066371429696
    ));
#112 = CARTESIAN_POINT('',(0.32,1.007423445731,-0.266891903617));
#113 = CARTESIAN_POINT('',(0.32,1.109459480373,-0.443623499819));
#114 = CARTESIAN_POINT('',(0.32,1.313531549656,-0.797086692224));
#115 = CARTESIAN_POINT('',(0.32,1.51760361894,-1.150549884629));
#116 = CARTESIAN_POINT('',(0.32,1.721675688224,-1.504013077034));
#117 = CARTESIAN_POINT('',(0.32,1.925747757507,-1.857476269439));
#118 = CARTESIAN_POINT('',(0.32,2.129819826791,-2.210939461844));
#119 = CARTESIAN_POINT('',(0.32,2.333891896075,-2.564402654249));
#120 = CARTESIAN_POINT('',(0.32,2.537963965358,-2.917865846654));
#121 = CARTESIAN_POINT('',(0.32,2.64,-3.094597442856));
#122 = CARTESIAN_POINT('',(0.4,0.967423445731,-0.289985914384));
#123 = CARTESIAN_POINT('',(0.4,1.069459480373,-0.466717510587));
#124 = CARTESIAN_POINT('',(0.4,1.273531549656,-0.820180702992));
#125 = CARTESIAN_POINT('',(0.4,1.47760361894,-1.173643895397));
#126 = CARTESIAN_POINT('',(0.4,1.681675688224,-1.527107087802));
#127 = CARTESIAN_POINT('',(0.4,1.885747757507,-1.880570280207));
#128 = CARTESIAN_POINT('',(0.4,2.089819826791,-2.234033472612));
#129 = CARTESIAN_POINT('',(0.4,2.293891896075,-2.587496665017));
#130 = CARTESIAN_POINT('',(0.4,2.497963965358,-2.940959857421));
#131 = CARTESIAN_POINT('',(0.4,2.6,-3.117691453624));
#132 = CARTESIAN_POINT('',(0.48,0.927423445731,-0.313079925152));
#133 = CARTESIAN_POINT('',(0.48,1.029459480373,-0.489811521354));
#134 = CARTESIAN_POINT('',(0.48,1.233531549656,-0.843274713759));
#135 = CARTESIAN_POINT('',(0.48,1.43760361894,-1.196737906164));
#136 = CARTESIAN_POINT('',(0.48,1.641675688224,-1.550201098569));
#137 = CARTESIAN_POINT('',(0.48,1.845747757507,-1.903664290974));
#138 = CARTESIAN_POINT('',(0.48,2.049819826791,-2.257127483379));
#139 = CARTESIAN_POINT('',(0.48,2.253891896075,-2.610590675784));
#140 = CARTESIAN_POINT('',(0.48,2.457963965358,-2.964053868189));
#141 = CARTESIAN_POINT('',(0.48,2.56,-3.140785464392));
#142 = CARTESIAN_POINT('',(0.622222222222,0.811867890175,-0.379795956258
    ));
#143 = CARTESIAN_POINT('',(0.622222222222,0.913903924817,-0.556527552461
    ));
#144 = CARTESIAN_POINT('',(0.622222222222,1.117975994101,-0.909990744866
    ));
#145 = CARTESIAN_POINT('',(0.622222222222,1.322048063384,-1.263453937271
    ));
#146 = CARTESIAN_POINT('',(0.622222222222,1.526120132668,-1.616917129675
    ));
#147 = CARTESIAN_POINT('',(0.622222222222,1.730192201952,-1.97038032208)
  );
#148 = CARTESIAN_POINT('',(0.622222222222,1.934264271235,-2.323843514485
    ));
#149 = CARTESIAN_POINT('',(0.622222222222,2.138336340519,-2.67730670689)
  );
#150 = CARTESIAN_POINT('',(0.622222222222,2.342408409803,-3.030769899295
    ));
#151 = CARTESIAN_POINT('',(0.622222222222,2.444444444444,-3.207501495498
    ));
#152 = CARTESIAN_POINT('',(0.736,0.655423445731,-0.470119198371));
#153 = CARTESIAN_POINT('',(0.736,0.757459480373,-0.646850794574));
#154 = CARTESIAN_POINT('',(0.736,0.961531549656,-1.000313986979));
#155 = CARTESIAN_POINT('',(0.736,1.16560361894,-1.353777179384));
#156 = CARTESIAN_POINT('',(0.736,1.369675688224,-1.707240371789));
#157 = CARTESIAN_POINT('',(0.736,1.573747757507,-2.060703564194));
#158 = CARTESIAN_POINT('',(0.736,1.777819826791,-2.414166756599));
#159 = CARTESIAN_POINT('',(0.736,1.981891896075,-2.767629949004));
#160 = CARTESIAN_POINT('',(0.736,2.185963965358,-3.121093141409));
#161 = CARTESIAN_POINT('',(0.736,2.288,-3.297824737611));
#162 = CARTESIAN_POINT('',(0.8,0.467423445731,-0.578661048979));
#163 = CARTESIAN_POINT('',(0.8,0.569459480373,-0.755392645181));
#164 = CARTESIAN_POINT('',(0.8,0.773531549656,-1.108855837586));
#165 = CARTESIAN_POINT('',(0.8,0.97760361894,-1.462319029991));
#166 = CARTESIAN_POINT('',(0.8,1.181675688224,-1.815782222396));
#167 = CARTESIAN_POINT('',(0.8,1.385747757507,-2.169245414801));
#168 = CARTESIAN_POINT('',(0.8,1.589819826791,-2.522708607206));
#169 = CARTESIAN_POINT('',(0.8,1.793891896075,-2.876171799611));
#170 = CARTESIAN_POINT('',(0.8,1.997963965358,-3.229634992016));
#171 = CARTESIAN_POINT('',(0.8,2.1,-3.406366588219));
#172 = CARTESIAN_POINT('',(0.8,0.267423445731,-0.694131102817));
#173 = CARTESIAN_POINT('',(0.8,0.369459480373,-0.870862699019));
#174 = CARTESIAN_POINT('',(0.8,0.573531549656,-1.224325891424));
#175 = CARTESIAN_POINT('',(0.8,0.77760361894,-1.577789083829));
#176 = CARTESIAN_POINT('',(0.8,0.981675688224,-1.931252276234));
#177 = CARTESIAN_POINT('',(0.8,1.185747757507,-2.284715468639));
#178 = CARTESIAN_POINT('',(0.8,1.389819826791,-2.638178661044));
#179 = CARTESIAN_POINT('',(0.8,1.593891896075,-2.991641853449));
#180 = CARTESIAN_POINT('',(0.8,1.797963965358,-3.345105045854));
#181 = CARTESIAN_POINT('',(0.8,1.9,-3.521836642057));
#182 = CARTESIAN_POINT('',(0.736,7.942344573087E-02,-0.802672953425));
#183 = CARTESIAN_POINT('',(0.736,0.181459480373,-0.979404549627));
#184 = CARTESIAN_POINT('',(0.736,0.385531549656,-1.332867742032));
#185 = CARTESIAN_POINT('',(0.736,0.58960361894,-1.686330934437));
#186 = CARTESIAN_POINT('',(0.736,0.793675688224,-2.039794126842));
#187 = CARTESIAN_POINT('',(0.736,0.997747757507,-2.393257319247));
#188 = CARTESIAN_POINT('',(0.736,1.201819826791,-2.746720511652));
#189 = CARTESIAN_POINT('',(0.736,1.405891896075,-3.100183704057));
#190 = CARTESIAN_POINT('',(0.736,1.609963965358,-3.453646896462));
#191 = CARTESIAN_POINT('',(0.736,1.712,-3.630378492664));
#192 = CARTESIAN_POINT('',(0.622222222222,-7.702099871358E-02,
    -0.892996195538));
#193 = CARTESIAN_POINT('',(0.622222222222,2.501503592824E-02,
    -1.06972779174));
#194 = CARTESIAN_POINT('',(0.622222222222,0.229087105212,-1.423190984145
    ));
#195 = CARTESIAN_POINT('',(0.622222222222,0.433159174496,-1.77665417655)
  );
#196 = CARTESIAN_POINT('',(0.622222222222,0.637231243779,-2.130117368955
    ));
#197 = CARTESIAN_POINT('',(0.622222222222,0.841303313063,-2.48358056136)
  );
#198 = CARTESIAN_POINT('',(0.622222222222,1.045375382346,-2.837043753765
    ));
#199 = CARTESIAN_POINT('',(0.622222222222,1.24944745163,-3.19050694617)
  );
#200 = CARTESIAN_POINT('',(0.622222222222,1.453519520914,-3.543970138575
    ));
#201 = CARTESIAN_POINT('',(0.622222222222,1.555555555556,-3.720701734778
    ));
#202 = CARTESIAN_POINT('',(0.48,-0.192576554269,-0.959712226644));
#203 = CARTESIAN_POINT('',(0.48,-9.054051962731E-02,-1.136443822847));
#204 = CARTESIAN_POINT('',(0.48,0.113531549656,-1.489907015252));
#205 = CARTESIAN_POINT('',(0.48,0.31760361894,-1.843370207657));
#206 = CARTESIAN_POINT('',(0.48,0.521675688224,-2.196833400062));
#207 = CARTESIAN_POINT('',(0.48,0.725747757507,-2.550296592467));
#208 = CARTESIAN_POINT('',(0.48,0.929819826791,-2.903759784871));
#209 = CARTESIAN_POINT('',(0.48,1.133891896075,-3.257222977276));
#210 = CARTESIAN_POINT('',(0.48,1.337963965358,-3.610686169681));
#211 = CARTESIAN_POINT('',(0.48,1.44,-3.787417765884));
#212 = CARTESIAN_POINT('',(0.4,-0.232576554269,-0.982806237412));
#213 = CARTESIAN_POINT('',(0.4,-0.130540519627,-1.159537833614));
#214 = CARTESIAN_POINT('',(0.4,7.353154965633E-02,-1.513001026019));
#215 = CARTESIAN_POINT('',(0.4,0.27760361894,-1.866464218424));
#216 = CARTESIAN_POINT('',(0.4,0.481675688224,-2.219927410829));
#217 = CARTESIAN_POINT('',(0.4,0.685747757507,-2.573390603234));
#218 = CARTESIAN_POINT('',(0.4,0.889819826791,-2.926853795639));
#219 = CARTESIAN_POINT('',(0.4,1.093891896075,-3.280316988044));
#220 = CARTESIAN_POINT('',(0.4,1.297963965358,-3.633780180449));
#221 = CARTESIAN_POINT('',(0.4,1.4,-3.810511776652));
#222 = CARTESIAN_POINT('',(0.32,-0.272576554269,-1.005900248179));
#223 = CARTESIAN_POINT('',(0.32,-0.170540519627,-1.182631844382));
#224 = CARTESIAN_POINT('',(0.32,3.353154965633E-02,-1.536095036787));
#225 = CARTESIAN_POINT('',(0.32,0.23760361894,-1.889558229192));
#226 = CARTESIAN_POINT('',(0.32,0.441675688224,-2.243021421597));
#227 = CARTESIAN_POINT('',(0.32,0.645747757507,-2.596484614002));
#228 = CARTESIAN_POINT('',(0.32,0.849819826791,-2.949947806407));
#229 = CARTESIAN_POINT('',(0.32,1.053891896075,-3.303410998812));
#230 = CARTESIAN_POINT('',(0.32,1.257963965358,-3.656874191217));
#231 = CARTESIAN_POINT('',(0.32,1.36,-3.833605787419));
#232 = CARTESIAN_POINT('',(0.133333333333,-0.321465443158,-1.03412626134
    ));
#233 = CARTESIAN_POINT('',(0.133333333333,-0.219429408516,
    -1.210857857542));
#234 = CARTESIAN_POINT('',(0.133333333333,-1.535733923256E-02,
    -1.564321049947));
#235 = CARTESIAN_POINT('',(0.133333333333,0.188714730051,-1.917784242352
    ));
#236 = CARTESIAN_POINT('',(0.133333333333,0.392786799335,-2.271247434757
    ));
#237 = CARTESIAN_POINT('',(0.133333333333,0.596858868618,-2.624710627162
    ));
#238 = CARTESIAN_POINT('',(0.133333333333,0.800930937902,-2.978173819567
    ));
#239 = CARTESIAN_POINT('',(0.133333333333,1.005003007186,-3.331637011972
    ));
#240 = CARTESIAN_POINT('',(0.133333333333,1.209075076469,-3.685100204377
    ));
#241 = CARTESIAN_POINT('',(0.133333333333,1.311111111111,-3.861831800579
    ));
#242 = CARTESIAN_POINT('',(-8.E-02,-0.328576554269,-1.038231863254));
#243 = CARTESIAN_POINT('',(-8.E-02,-0.226540519627,-1.214963459456));
#244 = CARTESIAN_POINT('',(-8.E-02,-2.246845034367E-02,-1.568426651861)
  );
#245 = CARTESIAN_POINT('',(-8.E-02,0.18160361894,-1.921889844266));
#246 = CARTESIAN_POINT('',(-8.E-02,0.385675688224,-2.275353036671));
#247 = CARTESIAN_POINT('',(-8.E-02,0.589747757507,-2.628816229076));
#248 = CARTESIAN_POINT('',(-8.E-02,0.793819826791,-2.982279421481));
#249 = CARTESIAN_POINT('',(-8.E-02,0.997891896075,-3.335742613886));
#250 = CARTESIAN_POINT('',(-8.E-02,1.201963965358,-3.689205806291));
#251 = CARTESIAN_POINT('',(-8.E-02,1.304,-3.865937402494));
#252 = CARTESIAN_POINT('',(-0.3,-0.282576554269,-1.011673750871));
#253 = CARTESIAN_POINT('',(-0.3,-0.180540519627,-1.188405347074));
#254 = CARTESIAN_POINT('',(-0.3,2.353154965633E-02,-1.541868539479));
#255 = CARTESIAN_POINT('',(-0.3,0.22760361894,-1.895331731884));
#256 = CARTESIAN_POINT('',(-0.3,0.431675688224,-2.248794924289));
#257 = CARTESIAN_POINT('',(-0.3,0.635747757507,-2.602258116694));
#258 = CARTESIAN_POINT('',(-0.3,0.839819826791,-2.955721309099));
#259 = CARTESIAN_POINT('',(-0.3,1.043891896075,-3.309184501504));
#260 = CARTESIAN_POINT('',(-0.3,1.247963965358,-3.662647693909));
#261 = CARTESIAN_POINT('',(-0.3,1.35,-3.839379290111));
#262 = CARTESIAN_POINT('',(-0.5,-0.182576554269,-0.953938723952));
#263 = CARTESIAN_POINT('',(-0.5,-8.054051962731E-02,-1.130670320155));
#264 = CARTESIAN_POINT('',(-0.5,0.123531549656,-1.48413351256));
#265 = CARTESIAN_POINT('',(-0.5,0.32760361894,-1.837596704965));
#266 = CARTESIAN_POINT('',(-0.5,0.531675688224,-2.19105989737));
#267 = CARTESIAN_POINT('',(-0.5,0.735747757507,-2.544523089775));
#268 = CARTESIAN_POINT('',(-0.5,0.939819826791,-2.89798628218));
#269 = CARTESIAN_POINT('',(-0.5,1.143891896075,-3.251449474585));
#270 = CARTESIAN_POINT('',(-0.5,1.347963965358,-3.60491266699));
#271 = CARTESIAN_POINT('',(-0.5,1.45,-3.781644263192));
#272 = CARTESIAN_POINT('',(-0.656,-4.057655426913E-02,-0.871954985727));
#273 = CARTESIAN_POINT('',(-0.656,6.145948037269E-02,-1.04868658193));
#274 = CARTESIAN_POINT('',(-0.656,0.265531549656,-1.402149774335));
#275 = CARTESIAN_POINT('',(-0.656,0.46960361894,-1.75561296674));
#276 = CARTESIAN_POINT('',(-0.656,0.673675688224,-2.109076159145));
#277 = CARTESIAN_POINT('',(-0.656,0.877747757507,-2.46253935155));
#278 = CARTESIAN_POINT('',(-0.656,1.081819826791,-2.816002543955));
#279 = CARTESIAN_POINT('',(-0.656,1.285891896075,-3.16946573636));
#280 = CARTESIAN_POINT('',(-0.656,1.489963965358,-3.522928928765));
#281 = CARTESIAN_POINT('',(-0.656,1.592,-3.699660524967));
#282 = CARTESIAN_POINT('',(-0.755555555556,0.122979001286,-0.7775261417)
  );
#283 = CARTESIAN_POINT('',(-0.755555555556,0.225015035928,
    -0.954257737902));
#284 = CARTESIAN_POINT('',(-0.755555555556,0.429087105212,
    -1.307720930307));
#285 = CARTESIAN_POINT('',(-0.755555555556,0.633159174496,
    -1.661184122712));
#286 = CARTESIAN_POINT('',(-0.755555555556,0.837231243779,
    -2.014647315117));
#287 = CARTESIAN_POINT('',(-0.755555555556,1.041303313063,
    -2.368110507522));
#288 = CARTESIAN_POINT('',(-0.755555555556,1.245375382346,
    -2.721573699927));
#289 = CARTESIAN_POINT('',(-0.755555555556,1.44944745163,-3.075036892332
    ));
#290 = CARTESIAN_POINT('',(-0.755555555556,1.653519520914,
    -3.428500084737));
#291 = CARTESIAN_POINT('',(-0.755555555556,1.755555555556,-3.60523168094
    ));
#292 = CARTESIAN_POINT('',(-0.8,0.287423445731,-0.682584097433));
#293 = CARTESIAN_POINT('',(-0.8,0.389459480373,-0.859315693636));
#294 = CARTESIAN_POINT('',(-0.8,0.593531549656,-1.212778886041));
#295 = CARTESIAN_POINT('',(-0.8,0.79760361894,-1.566242078446));
#296 = CARTESIAN_POINT('',(-0.8,1.001675688224,-1.919705270851));
#297 = CARTESIAN_POINT('',(-0.8,1.205747757507,-2.273168463255));
#298 = CARTESIAN_POINT('',(-0.8,1.409819826791,-2.62663165566));
#299 = CARTESIAN_POINT('',(-0.8,1.613891896075,-2.980094848065));
#300 = CARTESIAN_POINT('',(-0.8,1.817963965358,-3.33355804047));
#301 = CARTESIAN_POINT('',(-0.8,1.92,-3.510289636673));
#302 = CARTESIAN_POINT('',(-0.8,0.367423445731,-0.636396075898));
#303 = CARTESIAN_POINT('',(-0.8,0.469459480373,-0.8131276721));
#304 = CARTESIAN_POINT('',(-0.8,0.673531549656,-1.166590864505));
#305 = CARTESIAN_POINT('',(-0.8,0.87760361894,-1.52005405691));
#306 = CARTESIAN_POINT('',(-0.8,1.081675688224,-1.873517249315));
#307 = CARTESIAN_POINT('',(-0.8,1.285747757507,-2.22698044172));
#308 = CARTESIAN_POINT('',(-0.8,1.489819826791,-2.580443634125));
#309 = CARTESIAN_POINT('',(-0.8,1.693891896075,-2.93390682653));
#310 = CARTESIAN_POINT('',(-0.8,1.897963965358,-3.287370018935));
#311 = CARTESIAN_POINT('',(-0.8,2.,-3.464101615138));
#312 = DEFINITIONAL_REPRESENTATION('',(#313),#317);
#313 = B_SPLINE_CURVE_WITH_KNOTS('',2,(#314,#315,#316),.UNSPECIFIED.,.F.
  ,.F.,(3,3),(1.2,4.),.PIECEWISE_BEZIER_KNOTS.);
#314 = CARTESIAN_POINT('',(6.28318530718,1.2));
#315 = CARTESIAN_POINT('',(6.28318530718,2.6));
#316 = CARTESIAN_POINT('',(6.28318530718,4.));
#317 = ( GEOMETRIC_REPRESENTATION_CONTEXT(2) 
PARAMETRIC_REPRESENTATION_CONTEXT() REPRESENTATION_CONTEXT('2D SPACE',''
  ) );
#318 = PCURVE('',#31,#319);
#319 = DEFINITIONAL_REPRESENTATION('',(#320),#324);
#320 = B_SPLINE_CURVE_WITH_KNOTS('',2,(#321,#322,#323),.UNSPECIFIED.,.F.
  ,.F.,(3,3),(1.2,4.),.PIECEWISE_BEZIER_KNOTS.);
#321 = CARTESIAN_POINT('',(0.,1.2));
#322 = CARTESIAN_POINT('',(8.881784197001E-16,2.6));
#323 = CARTESIAN_POINT('',(0.,4.));
#324 = ( GEOMETRIC_REPRESENTATION_CONTEXT(2) 
PARAMETRIC_REPRESENTATION_CONTEXT() REPRESENTATION_CONTEXT('2D SPACE',''
  ) );
#325 = ORIENTED_EDGE('',*,*,#326,.F.);
#326 = EDGE_CURVE('',#24,#24,#327,.T.);
#327 = SURFACE_CURVE('',#328,(#336),.PCURVE_S1.);
#328 = ( BOUNDED_CURVE() B_SPLINE_CURVE(2,(#329,#330,#331,#332,#333,#334
,#335),.UNSPECIFIED.,.T.,.F.) B_SPLINE_CURVE_WITH_KNOTS((1,2,2,2,2,1),(
    -2.094395102393,0.,2.094395102393,4.188790204786,6.28318530718,
8.377580409573),.UNSPECIFIED.) CURVE() GEOMETRIC_REPRESENTATION_ITEM() 
RATIONAL_B_SPLINE_CURVE((1.,0.5,1.,0.5,1.,0.5,1.)) REPRESENTATION_ITEM(
  '') );
#329 = CARTESIAN_POINT('',(-0.8,2.,-3.464101615138));
#330 = CARTESIAN_POINT('',(-0.8,3.2,-2.77128129211));
#331 = CARTESIAN_POINT('',(0.4,2.6,-3.117691453624));
#332 = CARTESIAN_POINT('',(1.6,2.,-3.464101615138));
#333 = CARTESIAN_POINT('',(0.4,1.4,-3.810511776652));
#334 = CARTESIAN_POINT('',(-0.8,0.8,-4.156921938165));
#335 = CARTESIAN_POINT('',(-0.8,2.,-3.464101615138));
#336 = PCURVE('',#31,#337);
#337 = DEFINITIONAL_REPRESENTATION('',(#338),#346);
#338 = B_SPLINE_CURVE_WITH_KNOTS('',2,(#339,#340,#341,#342,#343,#344,
    #345),.UNSPECIFIED.,.F.,.F.,(3,2,2,3),(0.,2.094395102393,
    4.188790204786,6.28318530718),.PIECEWISE_BEZIER_KNOTS.);
#339 = CARTESIAN_POINT('',(0.,4.));
#340 = CARTESIAN_POINT('',(1.047197551197,4.));
#341 = CARTESIAN_POINT('',(2.094395102393,4.));
#342 = CARTESIAN_POINT('',(3.14159265359,4.));
#343 = CARTESIAN_POINT('',(4.188790204786,4.));
#344 = CARTESIAN_POINT('',(5.235987755983,4.));
#345 = CARTESIAN_POINT('',(6.28318530718,4.));
#346 = ( GEOMETRIC_REPRESENTATION_CONTEXT(2) 
PARAMETRIC_REPRESENTATION_CONTEXT() REPRESENTATION_CONTEXT('2D SPACE',''
  ) );
#347 = ORIENTED_EDGE('',*,*,#21,.F.);
#348 = ORIENTED_EDGE('',*,*,#349,.T.);
#349 = EDGE_CURVE('',#22,#350,#352,.T.);
#350 = VERTEX_POINT('',#351);
#351 = CARTESIAN_POINT('',(-0.678232988414,0.734846974394,
    -0.424264126366));
#352 = SURFACE_CURVE('',#353,(#392,#460),.PCURVE_S1.);
#353 = B_SPLINE_CURVE_WITH_KNOTS('',7,(#354,#355,#356,#357,#358,#359,
    #360,#361,#362,#363,#364,#365,#366,#367,#368,#369,#370,#371,#372,
    #373,#374,#375,#376,#377,#378,#379,#380,#381,#382,#383,#384,#385,
    #386,#387,#388,#389,#390,#391),.UNSPECIFIED.,.F.,.F.,(8,6,6,6,6,6,8)
  ,(0.,0.181363729658,0.253458840189,0.388290573753,0.510394985467,
    0.586365263303,1.),.UNSPECIFIED.);
#354 = CARTESIAN_POINT('',(-0.8,0.6,-1.039230484541));
#355 = CARTESIAN_POINT('',(-0.8,0.6,-0.999235413678));
#356 = CARTESIAN_POINT('',(-0.799417053941,0.600777822286,
    -0.959271644583));
#357 = CARTESIAN_POINT('',(-0.798181197312,0.602424672605,
    -0.919397719348));
#358 = CARTESIAN_POINT('',(-0.79620948834,0.605043535926,-0.879688071237
    ));
#359 = CARTESIAN_POINT('',(-0.793399773101,0.608744714315,
    -0.840228169245));
#360 = CARTESIAN_POINT('',(-0.789624450623,0.613641364818,
    -0.801109662658));
#361 = CARTESIAN_POINT('',(-0.782776321659,0.622311100734,
    -0.747047935287));
#362 = CARTESIAN_POINT('',(-0.780651070831,0.62498300997,-0.73174282812)
  );
#363 = CARTESIAN_POINT('',(-0.778339581606,0.627866430273,
    -0.716523349595));
#364 = CARTESIAN_POINT('',(-0.775832455169,0.630966333372,
    -0.701401711603));
#365 = CARTESIAN_POINT('',(-0.773119797793,0.634286997492,
    -0.686389192454));
#366 = CARTESIAN_POINT('',(-0.770191220841,0.637832007356,
    -0.671496136871));
#367 = CARTESIAN_POINT('',(-0.761134672666,0.648659081832,
    -0.629120095942));
#368 = CARTESIAN_POINT('',(-0.754434838459,0.65651463222,-0.601933972098
    ));
#369 = CARTESIAN_POINT('',(-0.746876102351,0.66517607987,-0.575303332446
    ));
#370 = CARTESIAN_POINT('',(-0.73840151732,0.674625624266,-0.549337514309
    ));
#371 = CARTESIAN_POINT('',(-0.728959804831,0.684823482167,
    -0.524125646125));
#372 = CARTESIAN_POINT('',(-0.718507734552,0.695708879912,
    -0.499736849216));
#373 = CARTESIAN_POINT('',(-0.696602355671,0.717608418761,
    -0.454923840527));
#374 = CARTESIAN_POINT('',(-0.685355966517,0.728494240901,
    -0.434382202796));
#375 = CARTESIAN_POINT('',(-0.673254922012,0.739796061399,-0.41462939115
    ));
#376 = CARTESIAN_POINT('',(-0.660292499872,0.751435062036,
    -0.395693595556));
#377 = CARTESIAN_POINT('',(-0.646476787492,0.763320031097,
    -0.377597163289));
#378 = CARTESIAN_POINT('',(-0.631833799318,0.775351337334,
    -0.360356431062));
#379 = CARTESIAN_POINT('',(-0.60681466595,0.794936771817,-0.333793524616
    ));
#380 = CARTESIAN_POINT('',(-0.596912919129,0.802468166316,
    -0.323936635144));
#381 = CARTESIAN_POINT('',(-0.586710026735,0.809998607009,-0.31440742426
    ));
#382 = CARTESIAN_POINT('',(-0.5762123799,0.817507762614,-0.305202431223)
  );
#383 = CARTESIAN_POINT('',(-0.565428087914,0.824975450986,
    -0.296318199028));
#384 = CARTESIAN_POINT('',(-0.554366978222,0.832381639115,
    -0.287751274411));
#385 = CARTESIAN_POINT('',(-0.481371940141,0.879587742319,
    -0.234562805307));
#386 = CARTESIAN_POINT('',(-0.412015090186,0.916947973043,
    -0.199059127834));
#387 = CARTESIAN_POINT('',(-0.336117313315,0.949172036042,
    -0.171739197527));
#388 = CARTESIAN_POINT('',(-0.255285718373,0.974338064528,
    -0.151754589681));
#389 = CARTESIAN_POINT('',(-0.171244498734,0.991450271161,
    -0.138617345571));
#390 = CARTESIAN_POINT('',(-8.560709671171E-02,1.,-0.132050807569));
#391 = CARTESIAN_POINT('',(0.,1.,-0.132050807569));
#392 = PCURVE('',#31,#393);
#393 = DEFINITIONAL_REPRESENTATION('',(#394),#459);
#394 = B_SPLINE_CURVE_WITH_KNOTS('',8,(#395,#396,#397,#398,#399,#400,
    #401,#402,#403,#404,#405,#406,#407,#408,#409,#410,#411,#412,#413,
    #414,#415,#416,#417,#418,#419,#420,#421,#422,#423,#424,#425,#426,
    #427,#428,#429,#430,#431,#432,#433,#434,#435,#436,#437,#438,#439,
    #440,#441,#442,#443,#444,#445,#446,#447,#448,#449,#450,#451,#452,
    #453,#454,#455,#456,#457,#458),.UNSPECIFIED.,.F.,.F.,(9,7,8,8,8,8,8,
    8,9),(0.,0.10815005989,0.189262604808,0.250097013496,0.295722820012,
    0.364161529786,0.38127120723,0.406935723395,0.432600239561),
  .UNSPECIFIED.);
#395 = CARTESIAN_POINT('',(0.,1.2));
#396 = CARTESIAN_POINT('',(1.577131175822E-02,1.181927458053));
#397 = CARTESIAN_POINT('',(3.167222535E-02,1.163965604243));
#398 = CARTESIAN_POINT('',(4.771274752022E-02,1.146127591893));
#399 = CARTESIAN_POINT('',(6.390335593572E-02,1.128427452805));
#400 = CARTESIAN_POINT('',(8.025499918532E-02,1.110880097262));
#401 = CARTESIAN_POINT('',(9.67790967798E-02,1.093501314025));
#402 = CARTESIAN_POINT('',(0.113487539152,1.076307770338));
#403 = CARTESIAN_POINT('',(0.143071636173,1.046573829572));
#404 = CARTESIAN_POINT('',(0.155860780286,1.03394500266));
#405 = CARTESIAN_POINT('',(0.168768340236,1.021435350653));
#406 = CARTESIAN_POINT('',(0.181790947257,1.009059672033));
#407 = CARTESIAN_POINT('',(0.194952764545,0.996810149278));
#408 = CARTESIAN_POINT('',(0.208232668404,0.984717152485));
#409 = CARTESIAN_POINT('',(0.221666841907,0.972763319775));
#410 = CARTESIAN_POINT('',(0.235237628828,0.960976919772));
#411 = CARTESIAN_POINT('',(0.245415910287,0.952136948213));
#412 = CARTESIAN_POINT('',(0.255672912801,0.943389544195));
#413 = CARTESIAN_POINT('',(0.266009008573,0.934739856068));
#414 = CARTESIAN_POINT('',(0.276424737646,0.926192739352));
#415 = CARTESIAN_POINT('',(0.286920807904,0.917752756728));
#416 = CARTESIAN_POINT('',(0.297498095068,0.909424178042));
#417 = CARTESIAN_POINT('',(0.308157642702,0.901210980308));
#418 = CARTESIAN_POINT('',(0.318900662207,0.893116847699));
#419 = CARTESIAN_POINT('',(0.326957880245,0.887046290334));
#420 = CARTESIAN_POINT('',(0.33506164521,0.88104300268));
#421 = CARTESIAN_POINT('',(0.343217831806,0.875104490755));
#422 = CARTESIAN_POINT('',(0.351419780106,0.869237846953));
#423 = CARTESIAN_POINT('',(0.35966775256,0.863444574412));
#424 = CARTESIAN_POINT('',(0.367963574386,0.857724775197));
#425 = CARTESIAN_POINT('',(0.376302747128,0.852083306872));
#426 = CARTESIAN_POINT('',(0.38468632519,0.846520512003));
#427 = CARTESIAN_POINT('',(0.397261581175,0.838176401257));
#428 = CARTESIAN_POINT('',(0.409935590263,0.830010226492));
#429 = CARTESIAN_POINT('',(0.422705139803,0.82202840874));
#430 = CARTESIAN_POINT('',(0.435567081691,0.814236438984));
#431 = CARTESIAN_POINT('',(0.448518332374,0.806638878151));
#432 = CARTESIAN_POINT('',(0.461555872847,0.799239357117));
#433 = CARTESIAN_POINT('',(0.474676748656,0.792040576705));
#434 = CARTESIAN_POINT('',(0.487878069894,0.785044307685));
#435 = CARTESIAN_POINT('',(0.49117840068,0.783295235196));
#436 = CARTESIAN_POINT('',(0.494483758638,0.781558831124));
#437 = CARTESIAN_POINT('',(0.497794099168,0.779835114526));
#438 = CARTESIAN_POINT('',(0.50110937767,0.778124104464));
#439 = CARTESIAN_POINT('',(0.504429549544,0.776425819995));
#440 = CARTESIAN_POINT('',(0.50775457019,0.77474028018));
#441 = CARTESIAN_POINT('',(0.511084395009,0.773067504077));
#442 = CARTESIAN_POINT('',(0.514418979401,0.771407510746));
#443 = CARTESIAN_POINT('',(0.519420971345,0.768917456493));
#444 = CARTESIAN_POINT('',(0.52443257182,0.766456669524));
#445 = CARTESIAN_POINT('',(0.529458731921,0.764022717963));
#446 = CARTESIAN_POINT('',(0.534490072439,0.761620117094));
#447 = CARTESIAN_POINT('',(0.539528731149,0.759247700633));
#448 = CARTESIAN_POINT('',(0.544579000966,0.756903243518));
#449 = CARTESIAN_POINT('',(0.549635347736,0.754589339975));
#450 = CARTESIAN_POINT('',(0.554700396363,0.752304540594));
#451 = CARTESIAN_POINT('',(0.559765341532,0.750019765326));
#452 = CARTESIAN_POINT('',(0.564838329351,0.747764467081));
#453 = CARTESIAN_POINT('',(0.569919147225,0.745538560824));
#454 = CARTESIAN_POINT('',(0.575007582559,0.743341961522));
#455 = CARTESIAN_POINT('',(0.580103422761,0.74117458414));
#456 = CARTESIAN_POINT('',(0.585206455236,0.739036343645));
#457 = CARTESIAN_POINT('',(0.59031646739,0.736927155001));
#458 = CARTESIAN_POINT('',(0.595433246628,0.734846933174));
#459 = ( GEOMETRIC_REPRESENTATION_CONTEXT(2) 
PARAMETRIC_REPRESENTATION_CONTEXT() REPRESENTATION_CONTEXT('2D SPACE',''
  ) );
#460 = PCURVE('',#461,#742);
#461 = ( BOUNDED_SURFACE() B_SPLINE_SURFACE(2,2,(
    (#462,#463,#464,#465,#466,#467,#468,#469,#470,#471)
    ,(#472,#473,#474,#475,#476,#477,#478,#479,#480,#481)
    ,(#482,#483,#484,#485,#486,#487,#488,#489,#490,#491)
    ,(#492,#493,#494,#495,#496,#497,#498,#499,#500,#501)
    ,(#502,#503,#504,#505,#506,#507,#508,#509,#510,#511)
    ,(#512,#513,#514,#515,#516,#517,#518,#519,#520,#521)
    ,(#522,#523,#524,#525,#526,#527,#528,#529,#530,#531)
    ,(#532,#533,#534,#535,#536,#537,#538,#539,#540,#541)
    ,(#542,#543,#544,#545,#546,#547,#548,#549,#550,#551)
    ,(#552,#553,#554,#555,#556,#557,#558,#559,#560,#561)
    ,(#562,#563,#564,#565,#566,#567,#568,#569,#570,#571)
    ,(#572,#573,#574,#575,#576,#577,#578,#579,#580,#581)
    ,(#582,#583,#584,#585,#586,#587,#588,#589,#590,#591)
    ,(#592,#593,#594,#595,#596,#597,#598,#599,#600,#601)
    ,(#602,#603,#604,#605,#606,#607,#608,#609,#610,#611)
    ,(#612,#613,#614,#615,#616,#617,#618,#619,#620,#621)
    ,(#622,#623,#624,#625,#626,#627,#628,#629,#630,#631)
    ,(#632,#633,#634,#635,#636,#637,#638,#639,#640,#641)
    ,(#642,#643,#644,#645,#646,#647,#648,#649,#650,#651)
    ,(#652,#653,#654,#655,#656,#657,#658,#659,#660,#661)
    ,(#662,#663,#664,#665,#666,#667,#668,#669,#670,#671)
    ,(#672,#673,#674,#675,#676,#677,#678,#679,#680,#681)
    ,(#682,#683,#684,#685,#686,#687,#688,#689,#690,#691)
    ,(#692,#693,#694,#695,#696,#697,#698,#699,#700,#701)
    ,(#702,#703,#704,#705,#706,#707,#708,#709,#710,#711)
    ,(#712,#713,#714,#715,#716,#717,#718,#719,#720,#721)
    ,(#722,#723,#724,#725,#726,#727,#728,#729,#730,#731)
    ,(#732,#733,#734,#735,#736,#737,#738,#739,#740,#741
)),.UNSPECIFIED.,.T.,.F.,.F.) B_SPLINE_SURFACE_WITH_KNOTS((1,2,1,1,1,1,1
    ,1,1,2,1,1,1,1,1,1,1,2,1,1,1,1,1,1,1,2,1),(3,1,1,1,1,1,1,1,3),(
    -0.261799387799,0.,0.261799387799,0.523598775598,0.785398163397,
    1.047197551197,1.308996938996,1.570796326795,1.832595714594,
    2.094395102393,2.356194490192,2.617993877991,2.879793265791,
    3.14159265359,3.403392041389,3.665191429188,3.926990816987,
    4.188790204786,4.450589592586,4.712388980385,4.974188368184,
    5.235987755983,5.497787143782,5.759586531581,6.02138591938,
    6.28318530718,6.544984694979),(0.,1.,2.,3.,4.,5.,6.,7.,8.),
.UNSPECIFIED.) GEOMETRIC_REPRESENTATION_ITEM() RATIONAL_B_SPLINE_SURFACE
((
    (1.,1.,1.,1.,1.,1.,1.,1.,1.,1.)
    ,(0.9375,0.9375,0.9375,0.9375,0.9375,0.9375,0.9375,0.9375,0.9375
      ,0.9375)
    ,(0.84375,0.84375,0.84375,0.84375,0.84375,0.84375,0.84375,0.84375
      ,0.84375,0.84375)
    ,(0.78125,0.78125,0.78125,0.78125,0.78125,0.78125,0.78125,0.78125
      ,0.78125,0.78125)
    ,(0.75,0.75,0.75,0.75,0.75,0.75,0.75,0.75,0.75,0.75)
    ,(0.75,0.75,0.75,0.75,0.75,0.75,0.75,0.75,0.75,0.75)
    ,(0.78125,0.78125,0.78125,0.78125,0.78125,0.78125,0.78125,0.78125
      ,0.78125,0.78125)
    ,(0.84375,0.84375,0.84375,0.84375,0.84375,0.84375,0.84375,0.84375
      ,0.84375,0.84375)
    ,(0.9375,0.9375,0.9375,0.9375,0.9375,0.9375,0.9375,0.9375,0.9375
      ,0.9375)
    ,(1.,1.,1.,1.,1.,1.,1.,1.,1.,1.)
    ,(0.9375,0.9375,0.9375,0.9375,0.9375,0.9375,0.9375,0.9375,0.9375
      ,0.9375)
    ,(0.84375,0.84375,0.84375,0.84375,0.84375,0.84375,0.84375,0.84375
      ,0.84375,0.84375)
    ,(0.78125,0.78125,0.78125,0.78125,0.78125,0.78125,0.78125,0.78125
      ,0.78125,0.78125)
    ,(0.75,0.75,0.75,0.75,0.75,0.75,0.75,0.75,0.75,0.75)
    ,(0.75,0.75,0.75,0.75,0.75,0.75,0.75,0.75,0.75,0.75)
    ,(0.78125,0.78125,0.78125,0.78125,0.78125,0.78125,0.78125,0.78125
      ,0.78125,0.78125)
    ,(0.84375,0.84375,0.84375,0.84375,0.84375,0.84375,0.84375,0.84375
      ,0.84375,0.84375)
    ,(0.9375,0.9375,0.9375,0.9375,0.9375,0.9375,0.9375,0.9375,0.9375
      ,0.9375)
    ,(1.,1.,1.,1.,1.,1.,1.,1.,1.,1.)
    ,(0.9375,0.9375,0.9375,0.9375,0.9375,0.9375,0.9375,0.9375,0.9375
      ,0.9375)
    ,(0.84375,0.84375,0.84375,0.84375,0.84375,0.84375,0.84375,0.84375
      ,0.84375,0.84375)
    ,(0.78125,0.78125,0.78125,0.78125,0.78125,0.78125,0.78125,0.78125
      ,0.78125,0.78125)
    ,(0.75,0.75,0.75,0.75,0.75,0.75,0.75,0.75,0.75,0.75)
    ,(0.75,0.75,0.75,0.75,0.75,0.75,0.75,0.75,0.75,0.75)
    ,(0.78125,0.78125,0.78125,0.78125,0.78125,0.78125,0.78125,0.78125
      ,0.78125,0.78125)
    ,(0.84375,0.84375,0.84375,0.84375,0.84375,0.84375,0.84375,0.84375
      ,0.84375,0.84375)
    ,(0.9375,0.9375,0.9375,0.9375,0.9375,0.9375,0.9375,0.9375,0.9375
      ,0.9375)
,(1.,1.,1.,1.,1.,1.,1.,1.,1.,1.))) REPRESENTATION_ITEM('') SURFACE() );
#462 = CARTESIAN_POINT('',(0.,1.,-4.));
#463 = CARTESIAN_POINT('',(0.,1.,-3.5));
#464 = CARTESIAN_POINT('',(0.,1.,-2.5));
#465 = CARTESIAN_POINT('',(0.,1.,-1.5));
#466 = CARTESIAN_POINT('',(0.,1.,-0.5));
#467 = CARTESIAN_POINT('',(0.,1.,0.5));
#468 = CARTESIAN_POINT('',(0.,1.,1.5));
#469 = CARTESIAN_POINT('',(0.,1.,2.5));
#470 = CARTESIAN_POINT('',(0.,1.,3.5));
#471 = CARTESIAN_POINT('',(0.,1.,4.));
#472 = CARTESIAN_POINT('',(-0.115470053838,1.,-4.));
#473 = CARTESIAN_POINT('',(-0.115470053838,1.,-3.5));
#474 = CARTESIAN_POINT('',(-0.115470053838,1.,-2.5));
#475 = CARTESIAN_POINT('',(-0.115470053838,1.,-1.5));
#476 = CARTESIAN_POINT('',(-0.115470053838,1.,-0.5));
#477 = CARTESIAN_POINT('',(-0.115470053838,1.,0.5));
#478 = CARTESIAN_POINT('',(-0.115470053838,1.,1.5));
#479 = CARTESIAN_POINT('',(-0.115470053838,1.,2.5));
#480 = CARTESIAN_POINT('',(-0.115470053838,1.,3.5));
#481 = CARTESIAN_POINT('',(-0.115470053838,1.,4.));
#482 = CARTESIAN_POINT('',(-0.352825164505,0.944444444444,-4.));
#483 = CARTESIAN_POINT('',(-0.352825164505,0.944444444444,-3.5));
#484 = CARTESIAN_POINT('',(-0.352825164505,0.944444444444,-2.5));
#485 = CARTESIAN_POINT('',(-0.352825164505,0.944444444444,-1.5));
#486 = CARTESIAN_POINT('',(-0.352825164505,0.944444444444,-0.5));
#487 = CARTESIAN_POINT('',(-0.352825164505,0.944444444444,0.5));
#488 = CARTESIAN_POINT('',(-0.352825164505,0.944444444444,1.5));
#489 = CARTESIAN_POINT('',(-0.352825164505,0.944444444444,2.5));
#490 = CARTESIAN_POINT('',(-0.352825164505,0.944444444444,3.5));
#491 = CARTESIAN_POINT('',(-0.352825164505,0.944444444444,4.));
#492 = CARTESIAN_POINT('',(-0.588897274573,0.82,-4.));
#493 = CARTESIAN_POINT('',(-0.588897274573,0.82,-3.5));
#494 = CARTESIAN_POINT('',(-0.588897274573,0.82,-2.5));
#495 = CARTESIAN_POINT('',(-0.588897274573,0.82,-1.5));
#496 = CARTESIAN_POINT('',(-0.588897274573,0.82,-0.5));
#497 = CARTESIAN_POINT('',(-0.588897274573,0.82,0.5));
#498 = CARTESIAN_POINT('',(-0.588897274573,0.82,1.5));
#499 = CARTESIAN_POINT('',(-0.588897274573,0.82,2.5));
#500 = CARTESIAN_POINT('',(-0.588897274573,0.82,3.5));
#501 = CARTESIAN_POINT('',(-0.588897274573,0.82,4.));
#502 = CARTESIAN_POINT('',(-0.793856620136,0.625,-4.));
#503 = CARTESIAN_POINT('',(-0.793856620136,0.625,-3.5));
#504 = CARTESIAN_POINT('',(-0.793856620136,0.625,-2.5));
#505 = CARTESIAN_POINT('',(-0.793856620136,0.625,-1.5));
#506 = CARTESIAN_POINT('',(-0.793856620136,0.625,-0.5));
#507 = CARTESIAN_POINT('',(-0.793856620136,0.625,0.5));
#508 = CARTESIAN_POINT('',(-0.793856620136,0.625,1.5));
#509 = CARTESIAN_POINT('',(-0.793856620136,0.625,2.5));
#510 = CARTESIAN_POINT('',(-0.793856620136,0.625,3.5));
#511 = CARTESIAN_POINT('',(-0.793856620136,0.625,4.));
#512 = CARTESIAN_POINT('',(-0.938194187433,0.375,-4.));
#513 = CARTESIAN_POINT('',(-0.938194187433,0.375,-3.5));
#514 = CARTESIAN_POINT('',(-0.938194187433,0.375,-2.5));
#515 = CARTESIAN_POINT('',(-0.938194187433,0.375,-1.5));
#516 = CARTESIAN_POINT('',(-0.938194187433,0.375,-0.5));
#517 = CARTESIAN_POINT('',(-0.938194187433,0.375,0.5));
#518 = CARTESIAN_POINT('',(-0.938194187433,0.375,1.5));
#519 = CARTESIAN_POINT('',(-0.938194187433,0.375,2.5));
#520 = CARTESIAN_POINT('',(-0.938194187433,0.375,3.5));
#521 = CARTESIAN_POINT('',(-0.938194187433,0.375,4.));
#522 = CARTESIAN_POINT('',(-1.00458946839,0.1,-4.));
#523 = CARTESIAN_POINT('',(-1.00458946839,0.1,-3.5));
#524 = CARTESIAN_POINT('',(-1.00458946839,0.1,-2.5));
#525 = CARTESIAN_POINT('',(-1.00458946839,0.1,-1.5));
#526 = CARTESIAN_POINT('',(-1.00458946839,0.1,-0.5));
#527 = CARTESIAN_POINT('',(-1.00458946839,0.1,0.5));
#528 = CARTESIAN_POINT('',(-1.00458946839,0.1,1.5));
#529 = CARTESIAN_POINT('',(-1.00458946839,0.1,2.5));
#530 = CARTESIAN_POINT('',(-1.00458946839,0.1,3.5));
#531 = CARTESIAN_POINT('',(-1.00458946839,0.1,4.));
#532 = CARTESIAN_POINT('',(-0.994325463604,-0.166666666667,-4.));
#533 = CARTESIAN_POINT('',(-0.994325463604,-0.166666666667,-3.5));
#534 = CARTESIAN_POINT('',(-0.994325463604,-0.166666666667,-2.5));
#535 = CARTESIAN_POINT('',(-0.994325463604,-0.166666666667,-1.5));
#536 = CARTESIAN_POINT('',(-0.994325463604,-0.166666666667,-0.5));
#537 = CARTESIAN_POINT('',(-0.994325463604,-0.166666666667,0.5));
#538 = CARTESIAN_POINT('',(-0.994325463604,-0.166666666667,1.5));
#539 = CARTESIAN_POINT('',(-0.994325463604,-0.166666666667,2.5));
#540 = CARTESIAN_POINT('',(-0.994325463604,-0.166666666667,3.5));
#541 = CARTESIAN_POINT('',(-0.994325463604,-0.166666666667,4.));
#542 = CARTESIAN_POINT('',(-0.923760430703,-0.4,-4.));
#543 = CARTESIAN_POINT('',(-0.923760430703,-0.4,-3.5));
#544 = CARTESIAN_POINT('',(-0.923760430703,-0.4,-2.5));
#545 = CARTESIAN_POINT('',(-0.923760430703,-0.4,-1.5));
#546 = CARTESIAN_POINT('',(-0.923760430703,-0.4,-0.5));
#547 = CARTESIAN_POINT('',(-0.923760430703,-0.4,0.5));
#548 = CARTESIAN_POINT('',(-0.923760430703,-0.4,1.5));
#549 = CARTESIAN_POINT('',(-0.923760430703,-0.4,2.5));
#550 = CARTESIAN_POINT('',(-0.923760430703,-0.4,3.5));
#551 = CARTESIAN_POINT('',(-0.923760430703,-0.4,4.));
#552 = CARTESIAN_POINT('',(-0.866025403784,-0.5,-4.));
#553 = CARTESIAN_POINT('',(-0.866025403784,-0.5,-3.5));
#554 = CARTESIAN_POINT('',(-0.866025403784,-0.5,-2.5));
#555 = CARTESIAN_POINT('',(-0.866025403784,-0.5,-1.5));
#556 = CARTESIAN_POINT('',(-0.866025403784,-0.5,-0.5));
#557 = CARTESIAN_POINT('',(-0.866025403784,-0.5,0.5));
#558 = CARTESIAN_POINT('',(-0.866025403784,-0.5,1.5));
#559 = CARTESIAN_POINT('',(-0.866025403784,-0.5,2.5));
#560 = CARTESIAN_POINT('',(-0.866025403784,-0.5,3.5));
#561 = CARTESIAN_POINT('',(-0.866025403784,-0.5,4.));
#562 = CARTESIAN_POINT('',(-0.808290376865,-0.6,-4.));
#563 = CARTESIAN_POINT('',(-0.808290376865,-0.6,-3.5));
#564 = CARTESIAN_POINT('',(-0.808290376865,-0.6,-2.5));
#565 = CARTESIAN_POINT('',(-0.808290376865,-0.6,-1.5));
#566 = CARTESIAN_POINT('',(-0.808290376865,-0.6,-0.5));
#567 = CARTESIAN_POINT('',(-0.808290376865,-0.6,0.5));
#568 = CARTESIAN_POINT('',(-0.808290376865,-0.6,1.5));
#569 = CARTESIAN_POINT('',(-0.808290376865,-0.6,2.5));
#570 = CARTESIAN_POINT('',(-0.808290376865,-0.6,3.5));
#571 = CARTESIAN_POINT('',(-0.808290376865,-0.6,4.));
#572 = CARTESIAN_POINT('',(-0.6415002991,-0.777777777778,-4.));
#573 = CARTESIAN_POINT('',(-0.6415002991,-0.777777777778,-3.5));
#574 = CARTESIAN_POINT('',(-0.6415002991,-0.777777777778,-2.5));
#575 = CARTESIAN_POINT('',(-0.6415002991,-0.777777777778,-1.5));
#576 = CARTESIAN_POINT('',(-0.6415002991,-0.777777777778,-0.5));
#577 = CARTESIAN_POINT('',(-0.6415002991,-0.777777777778,0.5));
#578 = CARTESIAN_POINT('',(-0.6415002991,-0.777777777778,1.5));
#579 = CARTESIAN_POINT('',(-0.6415002991,-0.777777777778,2.5));
#580 = CARTESIAN_POINT('',(-0.6415002991,-0.777777777778,3.5));
#581 = CARTESIAN_POINT('',(-0.6415002991,-0.777777777778,4.));
#582 = CARTESIAN_POINT('',(-0.415692193817,-0.92,-4.));
#583 = CARTESIAN_POINT('',(-0.415692193817,-0.92,-3.5));
#584 = CARTESIAN_POINT('',(-0.415692193817,-0.92,-2.5));
#585 = CARTESIAN_POINT('',(-0.415692193817,-0.92,-1.5));
#586 = CARTESIAN_POINT('',(-0.415692193817,-0.92,-0.5));
#587 = CARTESIAN_POINT('',(-0.415692193817,-0.92,0.5));
#588 = CARTESIAN_POINT('',(-0.415692193817,-0.92,1.5));
#589 = CARTESIAN_POINT('',(-0.415692193817,-0.92,2.5));
#590 = CARTESIAN_POINT('',(-0.415692193817,-0.92,3.5));
#591 = CARTESIAN_POINT('',(-0.415692193817,-0.92,4.));
#592 = CARTESIAN_POINT('',(-0.144337567297,-1.,-4.));
#593 = CARTESIAN_POINT('',(-0.144337567297,-1.,-3.5));
#594 = CARTESIAN_POINT('',(-0.144337567297,-1.,-2.5));
#595 = CARTESIAN_POINT('',(-0.144337567297,-1.,-1.5));
#596 = CARTESIAN_POINT('',(-0.144337567297,-1.,-0.5));
#597 = CARTESIAN_POINT('',(-0.144337567297,-1.,0.5));
#598 = CARTESIAN_POINT('',(-0.144337567297,-1.,1.5));
#599 = CARTESIAN_POINT('',(-0.144337567297,-1.,2.5));
#600 = CARTESIAN_POINT('',(-0.144337567297,-1.,3.5));
#601 = CARTESIAN_POINT('',(-0.144337567297,-1.,4.));
#602 = CARTESIAN_POINT('',(0.144337567297,-1.,-4.));
#603 = CARTESIAN_POINT('',(0.144337567297,-1.,-3.5));
#604 = CARTESIAN_POINT('',(0.144337567297,-1.,-2.5));
#605 = CARTESIAN_POINT('',(0.144337567297,-1.,-1.5));
#606 = CARTESIAN_POINT('',(0.144337567297,-1.,-0.5));
#607 = CARTESIAN_POINT('',(0.144337567297,-1.,0.5));
#608 = CARTESIAN_POINT('',(0.144337567297,-1.,1.5));
#609 = CARTESIAN_POINT('',(0.144337567297,-1.,2.5));
#610 = CARTESIAN_POINT('',(0.144337567297,-1.,3.5));
#611 = CARTESIAN_POINT('',(0.144337567297,-1.,4.));
#612 = CARTESIAN_POINT('',(0.415692193817,-0.92,-4.));
#613 = CARTESIAN_POINT('',(0.415692193817,-0.92,-3.5));
#614 = CARTESIAN_POINT('',(0.415692193817,-0.92,-2.5));
#615 = CARTESIAN_POINT('',(0.415692193817,-0.92,-1.5));
#616 = CARTESIAN_POINT('',(0.415692193817,-0.92,-0.5));
#617 = CARTESIAN_POINT('',(0.415692193817,-0.92,0.5));
#618 = CARTESIAN_POINT('',(0.415692193817,-0.92,1.5));
#619 = CARTESIAN_POINT('',(0.415692193817,-0.92,2.5));
#620 = CARTESIAN_POINT('',(0.415692193817,-0.92,3.5));
#621 = CARTESIAN_POINT('',(0.415692193817,-0.92,4.));
#622 = CARTESIAN_POINT('',(0.6415002991,-0.777777777778,-4.));
#623 = CARTESIAN_POINT('',(0.6415002991,-0.777777777778,-3.5));
#624 = CARTESIAN_POINT('',(0.6415002991,-0.777777777778,-2.5));
#625 = CARTESIAN_POINT('',(0.6415002991,-0.777777777778,-1.5));
#626 = CARTESIAN_POINT('',(0.6415002991,-0.777777777778,-0.5));
#627 = CARTESIAN_POINT('',(0.6415002991,-0.777777777778,0.5));
#628 = CARTESIAN_POINT('',(0.6415002991,-0.777777777778,1.5));
#629 = CARTESIAN_POINT('',(0.6415002991,-0.777777777778,2.5));
#630 = CARTESIAN_POINT('',(0.6415002991,-0.777777777778,3.5));
#631 = CARTESIAN_POINT('',(0.6415002991,-0.777777777778,4.));
#632 = CARTESIAN_POINT('',(0.808290376865,-0.6,-4.));
#633 = CARTESIAN_POINT('',(0.808290376865,-0.6,-3.5));
#634 = CARTESIAN_POINT('',(0.808290376865,-0.6,-2.5));
#635 = CARTESIAN_POINT('',(0.808290376865,-0.6,-1.5));
#636 = CARTESIAN_POINT('',(0.808290376865,-0.6,-0.5));
#637 = CARTESIAN_POINT('',(0.808290376865,-0.6,0.5));
#638 = CARTESIAN_POINT('',(0.808290376865,-0.6,1.5));
#639 = CARTESIAN_POINT('',(0.808290376865,-0.6,2.5));
#640 = CARTESIAN_POINT('',(0.808290376865,-0.6,3.5));
#641 = CARTESIAN_POINT('',(0.808290376865,-0.6,4.));
#642 = CARTESIAN_POINT('',(0.866025403784,-0.5,-4.));
#643 = CARTESIAN_POINT('',(0.866025403784,-0.5,-3.5));
#644 = CARTESIAN_POINT('',(0.866025403784,-0.5,-2.5));
#645 = CARTESIAN_POINT('',(0.866025403784,-0.5,-1.5));
#646 = CARTESIAN_POINT('',(0.866025403784,-0.5,-0.5));
#647 = CARTESIAN_POINT('',(0.866025403784,-0.5,0.5));
#648 = CARTESIAN_POINT('',(0.866025403784,-0.5,1.5));
#649 = CARTESIAN_POINT('',(0.866025403784,-0.5,2.5));
#650 = CARTESIAN_POINT('',(0.866025403784,-0.5,3.5));
#651 = CARTESIAN_POINT('',(0.866025403784,-0.5,4.));
#652 = CARTESIAN_POINT('',(0.923760430703,-0.4,-4.));
#653 = CARTESIAN_POINT('',(0.923760430703,-0.4,-3.5));
#654 = CARTESIAN_POINT('',(0.923760430703,-0.4,-2.5));
#655 = CARTESIAN_POINT('',(0.923760430703,-0.4,-1.5));
#656 = CARTESIAN_POINT('',(0.923760430703,-0.4,-0.5));
#657 = CARTESIAN_POINT('',(0.923760430703,-0.4,0.5));
#658 = CARTESIAN_POINT('',(0.923760430703,-0.4,1.5));
#659 = CARTESIAN_POINT('',(0.923760430703,-0.4,2.5));
#660 = CARTESIAN_POINT('',(0.923760430703,-0.4,3.5));
#661 = CARTESIAN_POINT('',(0.923760430703,-0.4,4.));
#662 = CARTESIAN_POINT('',(0.994325463604,-0.166666666667,-4.));
#663 = CARTESIAN_POINT('',(0.994325463604,-0.166666666667,-3.5));
#664 = CARTESIAN_POINT('',(0.994325463604,-0.166666666667,-2.5));
#665 = CARTESIAN_POINT('',(0.994325463604,-0.166666666667,-1.5));
#666 = CARTESIAN_POINT('',(0.994325463604,-0.166666666667,-0.5));
#667 = CARTESIAN_POINT('',(0.994325463604,-0.166666666667,0.5));
#668 = CARTESIAN_POINT('',(0.994325463604,-0.166666666667,1.5));
#669 = CARTESIAN_POINT('',(0.994325463604,-0.166666666667,2.5));
#670 = CARTESIAN_POINT('',(0.994325463604,-0.166666666667,3.5));
#671 = CARTESIAN_POINT('',(0.994325463604,-0.166666666667,4.));
#672 = CARTESIAN_POINT('',(1.00458946839,1.E-01,-4.));
#673 = CARTESIAN_POINT('',(1.00458946839,1.E-01,-3.5));
#674 = CARTESIAN_POINT('',(1.00458946839,1.E-01,-2.5));
#675 = CARTESIAN_POINT('',(1.00458946839,1.E-01,-1.5));
#676 = CARTESIAN_POINT('',(1.00458946839,1.E-01,-0.5));
#677 = CARTESIAN_POINT('',(1.00458946839,1.E-01,0.5));
#678 = CARTESIAN_POINT('',(1.00458946839,1.E-01,1.5));
#679 = CARTESIAN_POINT('',(1.00458946839,1.E-01,2.5));
#680 = CARTESIAN_POINT('',(1.00458946839,1.E-01,3.5));
#681 = CARTESIAN_POINT('',(1.00458946839,1.E-01,4.));
#682 = CARTESIAN_POINT('',(0.938194187433,0.375,-4.));
#683 = CARTESIAN_POINT('',(0.938194187433,0.375,-3.5));
#684 = CARTESIAN_POINT('',(0.938194187433,0.375,-2.5));
#685 = CARTESIAN_POINT('',(0.938194187433,0.375,-1.5));
#686 = CARTESIAN_POINT('',(0.938194187433,0.375,-0.5));
#687 = CARTESIAN_POINT('',(0.938194187433,0.375,0.5));
#688 = CARTESIAN_POINT('',(0.938194187433,0.375,1.5));
#689 = CARTESIAN_POINT('',(0.938194187433,0.375,2.5));
#690 = CARTESIAN_POINT('',(0.938194187433,0.375,3.5));
#691 = CARTESIAN_POINT('',(0.938194187433,0.375,4.));
#692 = CARTESIAN_POINT('',(0.793856620136,0.625,-4.));
#693 = CARTESIAN_POINT('',(0.793856620136,0.625,-3.5));
#694 = CARTESIAN_POINT('',(0.793856620136,0.625,-2.5));
#695 = CARTESIAN_POINT('',(0.793856620136,0.625,-1.5));
#696 = CARTESIAN_POINT('',(0.793856620136,0.625,-0.5));
#697 = CARTESIAN_POINT('',(0.793856620136,0.625,0.5));
#698 = CARTESIAN_POINT('',(0.793856620136,0.625,1.5));
#699 = CARTESIAN_POINT('',(0.793856620136,0.625,2.5));
#700 = CARTESIAN_POINT('',(0.793856620136,0.625,3.5));
#701 = CARTESIAN_POINT('',(0.793856620136,0.625,4.));
#702 = CARTESIAN_POINT('',(0.588897274573,0.82,-4.));
#703 = CARTESIAN_POINT('',(0.588897274573,0.82,-3.5));
#704 = CARTESIAN_POINT('',(0.588897274573,0.82,-2.5));
#705 = CARTESIAN_POINT('',(0.588897274573,0.82,-1.5));
#706 = CARTESIAN_POINT('',(0.588897274573,0.82,-0.5));
#707 = CARTESIAN_POINT('',(0.588897274573,0.82,0.5));
#708 = CARTESIAN_POINT('',(0.588897274573,0.82,1.5));
#709 = CARTESIAN_POINT('',(0.588897274573,0.82,2.5));
#710 = CARTESIAN_POINT('',(0.588897274573,0.82,3.5));
#711 = CARTESIAN_POINT('',(0.588897274573,0.82,4.));
#712 = CARTESIAN_POINT('',(0.352825164505,0.944444444444,-4.));
#713 = CARTESIAN_POINT('',(0.352825164505,0.944444444444,-3.5));
#714 = CARTESIAN_POINT('',(0.352825164505,0.944444444444,-2.5));
#715 = CARTESIAN_POINT('',(0.352825164505,0.944444444444,-1.5));
#716 = CARTESIAN_POINT('',(0.352825164505,0.944444444444,-0.5));
#717 = CARTESIAN_POINT('',(0.352825164505,0.944444444444,0.5));
#718 = CARTESIAN_POINT('',(0.352825164505,0.944444444444,1.5));
#719 = CARTESIAN_POINT('',(0.352825164505,0.944444444444,2.5));
#720 = CARTESIAN_POINT('',(0.352825164505,0.944444444444,3.5));
#721 = CARTESIAN_POINT('',(0.352825164505,0.944444444444,4.));
#722 = CARTESIAN_POINT('',(0.115470053838,1.,-4.));
#723 = CARTESIAN_POINT('',(0.115470053838,1.,-3.5));
#724 = CARTESIAN_POINT('',(0.115470053838,1.,-2.5));
#725 = CARTESIAN_POINT('',(0.115470053838,1.,-1.5));
#726 = CARTESIAN_POINT('',(0.115470053838,1.,-0.5));
#727 = CARTESIAN_POINT('',(0.115470053838,1.,0.5));
#728 = CARTESIAN_POINT('',(0.115470053838,1.,1.5));
#729 = CARTESIAN_POINT('',(0.115470053838,1.,2.5));
#730 = CARTESIAN_POINT('',(0.115470053838,1.,3.5));
#731 = CARTESIAN_POINT('',(0.115470053838,1.,4.));
#732 = CARTESIAN_POINT('',(0.,1.,-4.));
#733 = CARTESIAN_POINT('',(0.,1.,-3.5));
#734 = CARTESIAN_POINT('',(0.,1.,-2.5));
#735 = CARTESIAN_POINT('',(0.,1.,-1.5));
#736 = CARTESIAN_POINT('',(0.,1.,-0.5));
#737 = CARTESIAN_POINT('',(0.,1.,0.5));
#738 = CARTESIAN_POINT('',(0.,1.,1.5));
#739 = CARTESIAN_POINT('',(0.,1.,2.5));
#740 = CARTESIAN_POINT('',(0.,1.,3.5));
#741 = CARTESIAN_POINT('',(0.,1.,4.));
#742 = DEFINITIONAL_REPRESENTATION('',(#743),#808);
#743 = B_SPLINE_CURVE_WITH_KNOTS('',8,(#744,#745,#746,#747,#748,#749,
    #750,#751,#752,#753,#754,#755,#756,#757,#758,#759,#760,#761,#762,
    #763,#764,#765,#766,#767,#768,#769,#770,#771,#772,#773,#774,#775,
    #776,#777,#778,#779,#780,#781,#782,#783,#784,#785,#786,#787,#788,
    #789,#790,#791,#792,#793,#794,#795,#796,#797,#798,#799,#800,#801,
    #802,#803,#804,#805,#806,#807),.UNSPECIFIED.,.F.,.F.,(9,7,8,8,8,8,8,
    8,9),(0.,0.10815005989,0.189262604808,0.250097013496,0.295722820012,
    0.364161529786,0.38127120723,0.406935723395,0.432600239561),
  .UNSPECIFIED.);
#744 = CARTESIAN_POINT('',(0.938327700826,2.960769515459));
#745 = CARTESIAN_POINT('',(0.938327711428,2.981637926685));
#746 = CARTESIAN_POINT('',(0.93809174741,3.00249818747));
#747 = CARTESIAN_POINT('',(0.937605983941,3.023342244649));
#748 = CARTESIAN_POINT('',(0.936855552645,3.044161314954));
#749 = CARTESIAN_POINT('',(0.935824541606,3.064945885006));
#750 = CARTESIAN_POINT('',(0.934495995362,3.085685711325));
#751 = CARTESIAN_POINT('',(0.932851914913,3.106369820321));
#752 = CARTESIAN_POINT('',(0.929389242306,3.142449134002));
#753 = CARTESIAN_POINT('',(0.927717135526,3.157873377611));
#754 = CARTESIAN_POINT('',(0.925848172512,3.173257577204));
#755 = CARTESIAN_POINT('',(0.923776074007,3.188587143522));
#756 = CARTESIAN_POINT('',(0.92148772045,3.203876952408));
#757 = CARTESIAN_POINT('',(0.918980315277,3.219092278028));
#758 = CARTESIAN_POINT('',(0.916237463099,3.234260340505));
#759 = CARTESIAN_POINT('',(0.913254747449,3.249349185352));
#760 = CARTESIAN_POINT('',(0.911017675884,3.260666038468));
#761 = CARTESIAN_POINT('',(0.908645290309,3.271940399287));
#762 = CARTESIAN_POINT('',(0.906134099487,3.283167485309));
#763 = CARTESIAN_POINT('',(0.903480623876,3.29434275068));
#764 = CARTESIAN_POINT('',(0.900681395633,3.305461886189));
#765 = CARTESIAN_POINT('',(0.897732958611,3.316520819273));
#766 = CARTESIAN_POINT('',(0.894631868364,3.327515714011));
#767 = CARTESIAN_POINT('',(0.891374692142,3.338442971129));
#768 = CARTESIAN_POINT('',(0.888931870507,3.346638179676));
#769 = CARTESIAN_POINT('',(0.886401087397,3.35479599419));
#770 = CARTESIAN_POINT('',(0.883780206895,3.362916840358));
#771 = CARTESIAN_POINT('',(0.88106850736,3.370996660593));
#772 = CARTESIAN_POINT('',(0.878265414723,3.379031362463));
#773 = CARTESIAN_POINT('',(0.875369988794,3.387018618743));
#774 = CARTESIAN_POINT('',(0.87238116259,3.394957019087));
#775 = CARTESIAN_POINT('',(0.869298734678,3.402842573335));
#776 = CARTESIAN_POINT('',(0.864675053636,3.414671064319));
#777 = CARTESIAN_POINT('',(0.859840409957,3.426381854364));
#778 = CARTESIAN_POINT('',(0.854792743717,3.437966425969));
#779 = CARTESIAN_POINT('',(0.849530452391,3.449416927665));
#780 = CARTESIAN_POINT('',(0.844052390853,3.46072617402));
#781 = CARTESIAN_POINT('',(0.838357871375,3.47188764564));
#782 = CARTESIAN_POINT('',(0.832446663629,3.482895489165));
#783 = CARTESIAN_POINT('',(0.826318994683,3.493744517269));
#784 = CARTESIAN_POINT('',(0.82478707901,3.496456778554));
#785 = CARTESIAN_POINT('',(0.823241628442,3.49915910589));
#786 = CARTESIAN_POINT('',(0.821682650375,3.501851424588));
#787 = CARTESIAN_POINT('',(0.820110152209,3.504533659958));
#788 = CARTESIAN_POINT('',(0.818524141343,3.507205737309));
#789 = CARTESIAN_POINT('',(0.816924625175,3.509867581952));
#790 = CARTESIAN_POINT('',(0.815311611103,3.512519119196));
#791 = CARTESIAN_POINT('',(0.813685106526,3.515160274351));
#792 = CARTESIAN_POINT('',(0.811245296097,3.519122102592));
#793 = CARTESIAN_POINT('',(0.808775697084,3.523059733674));
#794 = CARTESIAN_POINT('',(0.806273798214,3.526976906527));
#795 = CARTESIAN_POINT('',(0.803744232316,3.530866185161));
#796 = CARTESIAN_POINT('',(0.801185967606,3.534729202124));
#797 = CARTESIAN_POINT('',(0.7985969033,3.53856927961));
#798 = CARTESIAN_POINT('',(0.795979786537,3.542382022484));
#799 = CARTESIAN_POINT('',(0.79333336757,3.546169477475));
#800 = CARTESIAN_POINT('',(0.790687015167,3.549956871621));
#801 = CARTESIAN_POINT('',(0.788011656066,3.553718421765));
#802 = CARTESIAN_POINT('',(0.785307453941,3.557453965732));
#803 = CARTESIAN_POINT('',(0.782574572466,3.561163341348));
#804 = CARTESIAN_POINT('',(0.779813175315,3.564846386439));
#805 = CARTESIAN_POINT('',(0.777023426163,3.568502938829));
#806 = CARTESIAN_POINT('',(0.774205488682,3.572132836344));
#807 = CARTESIAN_POINT('',(0.771359526546,3.57573591681));
#808 = ( GEOMETRIC_REPRESENTATION_CONTEXT(2) 
PARAMETRIC_REPRESENTATION_CONTEXT() REPRESENTATION_CONTEXT('2D SPACE',''
  ) );
#809 = ORIENTED_EDGE('',*,*,#810,.F.);
#810 = EDGE_CURVE('',#811,#350,#813,.T.);
#811 = VERTEX_POINT('',#812);
#812 = CARTESIAN_POINT('',(1.959434878636E-16,1.385640646055,-0.8));
#813 = SURFACE_CURVE('',#814,(#818,#831),.PCURVE_S1.);
#814 = ( BOUNDED_CURVE() B_SPLINE_CURVE(2,(#815,#816,#817),
.UNSPECIFIED.,.F.,.F.) B_SPLINE_CURVE_WITH_KNOTS((3,3),(0.,
1.011806409349),.PIECEWISE_BEZIER_KNOTS.) CURVE() 
GEOMETRIC_REPRESENTATION_ITEM() RATIONAL_B_SPLINE_CURVE((1.,
0.87473714037,1.)) REPRESENTATION_ITEM('') );
#815 = CARTESIAN_POINT('',(0.,1.385640646055,-0.8));
#816 = CARTESIAN_POINT('',(-0.443193898773,1.385640646055,-0.8));
#817 = CARTESIAN_POINT('',(-0.678232976496,0.734846983241,
    -0.424264103587));
#818 = PCURVE('',#31,#819);
#819 = DEFINITIONAL_REPRESENTATION('',(#820),#830);
#820 = B_SPLINE_CURVE_WITH_KNOTS('',8,(#821,#822,#823,#824,#825,#826,
    #827,#828,#829),.UNSPECIFIED.,.F.,.F.,(9,9),(0.,1.011806409349),
  .PIECEWISE_BEZIER_KNOTS.);
#821 = CARTESIAN_POINT('',(1.533203626075,1.385640646055));
#822 = CARTESIAN_POINT('',(1.415444911936,1.385640832897));
#823 = CARTESIAN_POINT('',(1.297840451776,1.362396679411));
#824 = CARTESIAN_POINT('',(1.180389891815,1.313005196491));
#825 = CARTESIAN_POINT('',(1.0630928799,1.236280554345));
#826 = CARTESIAN_POINT('',(0.945949065223,1.134092599423));
#827 = CARTESIAN_POINT('',(0.828958097845,1.012253691417));
#828 = CARTESIAN_POINT('',(0.712119629224,0.877165007024));
#829 = CARTESIAN_POINT('',(0.595433312206,0.734846983241));
#830 = ( GEOMETRIC_REPRESENTATION_CONTEXT(2) 
PARAMETRIC_REPRESENTATION_CONTEXT() REPRESENTATION_CONTEXT('2D SPACE',''
  ) );
#831 = PCURVE('',#832,#1113);
#832 = ( BOUNDED_SURFACE() B_SPLINE_SURFACE(2,2,(
    (#833,#834,#835,#836,#837,#838,#839,#840,#841,#842)
    ,(#843,#844,#845,#846,#847,#848,#849,#850,#851,#852)
    ,(#853,#854,#855,#856,#857,#858,#859,#860,#861,#862)
    ,(#863,#864,#865,#866,#867,#868,#869,#870,#871,#872)
    ,(#873,#874,#875,#876,#877,#878,#879,#880,#881,#882)
    ,(#883,#884,#885,#886,#887,#888,#889,#890,#891,#892)
    ,(#893,#894,#895,#896,#897,#898,#899,#900,#901,#902)
    ,(#903,#904,#905,#906,#907,#908,#909,#910,#911,#912)
    ,(#913,#914,#915,#916,#917,#918,#919,#920,#921,#922)
    ,(#923,#924,#925,#926,#927,#928,#929,#930,#931,#932)
    ,(#933,#934,#935,#936,#937,#938,#939,#940,#941,#942)
    ,(#943,#944,#945,#946,#947,#948,#949,#950,#951,#952)
    ,(#953,#954,#955,#956,#957,#958,#959,#960,#961,#962)
    ,(#963,#964,#965,#966,#967,#968,#969,#970,#971,#972)
    ,(#973,#974,#975,#976,#977,#978,#979,#980,#981,#982)
    ,(#983,#984,#985,#986,#987,#988,#989,#990,#991,#992)
    ,(#993,#994,#995,#996,#997,#998,#999,#1000,#1001,#1002)
    ,(#1003,#1004,#1005,#1006,#1007,#1008,#1009,#1010,#1011,#1012)
    ,(#1013,#1014,#1015,#1016,#1017,#1018,#1019,#1020,#1021,#1022)
    ,(#1023,#1024,#1025,#1026,#1027,#1028,#1029,#1030,#1031,#1032)
    ,(#1033,#1034,#1035,#1036,#1037,#1038,#1039,#1040,#1041,#1042)
    ,(#1043,#1044,#1045,#1046,#1047,#1048,#1049,#1050,#1051,#1052)
    ,(#1053,#1054,#1055,#1056,#1057,#1058,#1059,#1060,#1061,#1062)
    ,(#1063,#1064,#1065,#1066,#1067,#1068,#1069,#1070,#1071,#1072)
    ,(#1073,#1074,#1075,#1076,#1077,#1078,#1079,#1080,#1081,#1082)
    ,(#1083,#1084,#1085,#1086,#1087,#1088,#1089,#1090,#1091,#1092)
    ,(#1093,#1094,#1095,#1096,#1097,#1098,#1099,#1100,#1101,#1102)
    ,(#1103,#1104,#1105,#1106,#1107,#1108,#1109,#1110,#1111,#1112
)),.UNSPECIFIED.,.T.,.F.,.F.) B_SPLINE_SURFACE_WITH_KNOTS((1,2,1,1,1,1,1
    ,1,1,2,1,1,1,1,1,1,1,2,1,1,1,1,1,1,1,2,1),(3,1,1,1,1,1,1,1,3),(
    -0.261799387799,0.,0.261799387799,0.523598775598,0.785398163397,
    1.047197551197,1.308996938996,1.570796326795,1.832595714594,
    2.094395102393,2.356194490192,2.617993877991,2.879793265791,
    3.14159265359,3.403392041389,3.665191429188,3.926990816987,
    4.188790204786,4.450589592586,4.712388980385,4.974188368184,
    5.235987755983,5.497787143782,5.759586531581,6.02138591938,
    6.28318530718,6.544984694979),(0.6,1.025,1.45,1.875,2.3,2.725,3.15,
3.575,4.),.UNSPECIFIED.) GEOMETRIC_REPRESENTATION_ITEM() 
RATIONAL_B_SPLINE_SURFACE((
    (1.,1.,1.,1.,1.,1.,1.,1.,1.,1.)
    ,(0.9375,0.9375,0.9375,0.9375,0.9375,0.9375,0.9375,0.9375,0.9375
      ,0.9375)
    ,(0.84375,0.84375,0.84375,0.84375,0.84375,0.84375,0.84375,0.84375
      ,0.84375,0.84375)
    ,(0.78125,0.78125,0.78125,0.78125,0.78125,0.78125,0.78125,0.78125
      ,0.78125,0.78125)
    ,(0.75,0.75,0.75,0.75,0.75,0.75,0.75,0.75,0.75,0.75)
    ,(0.75,0.75,0.75,0.75,0.75,0.75,0.75,0.75,0.75,0.75)
    ,(0.78125,0.78125,0.78125,0.78125,0.78125,0.78125,0.78125,0.78125
      ,0.78125,0.78125)
    ,(0.84375,0.84375,0.84375,0.84375,0.84375,0.84375,0.84375,0.84375
      ,0.84375,0.84375)
    ,(0.9375,0.9375,0.9375,0.9375,0.9375,0.9375,0.9375,0.9375,0.9375
      ,0.9375)
    ,(1.,1.,1.,1.,1.,1.,1.,1.,1.,1.)
    ,(0.9375,0.9375,0.9375,0.9375,0.9375,0.9375,0.9375,0.9375,0.9375
      ,0.9375)
    ,(0.84375,0.84375,0.84375,0.84375,0.84375,0.84375,0.84375,0.84375
      ,0.84375,0.84375)
    ,(0.78125,0.78125,0.78125,0.78125,0.78125,0.78125,0.78125,0.78125
      ,0.78125,0.78125)
    ,(0.75,0.75,0.75,0.75,0.75,0.75,0.75,0.75,0.75,0.75)
    ,(0.75,0.75,0.75,0.75,0.75,0.75,0.75,0.75,0.75,0.75)
    ,(0.78125,0.78125,0.78125,0.78125,0.78125,0.78125,0.78125,0.78125
      ,0.78125,0.78125)
    ,(0.84375,0.84375,0.84375,0.84375,0.84375,0.84375,0.84375,0.84375
      ,0.84375,0.84375)
    ,(0.9375,0.9375,0.9375,0.9375,0.9375,0.9375,0.9375,0.9375,0.9375
      ,0.9375)
    ,(1.,1.,1.,1.,1.,1.,1.,1.,1.,1.)
    ,(0.9375,0.9375,0.9375,0.9375,0.9375,0.9375,0.9375,0.9375,0.9375
      ,0.9375)
    ,(0.84375,0.84375,0.84375,0.84375,0.84375,0.84375,0.84375,0.84375
      ,0.84375,0.84375)
    ,(0.78125,0.78125,0.78125,0.78125,0.78125,0.78125,0.78125,0.78125
      ,0.78125,0.78125)
    ,(0.75,0.75,0.75,0.75,0.75,0.75,0.75,0.75,0.75,0.75)
    ,(0.75,0.75,0.75,0.75,0.75,0.75,0.75,0.75,0.75,0.75)
    ,(0.78125,0.78125,0.78125,0.78125,0.78125,0.78125,0.78125,0.78125
      ,0.78125,0.78125)
    ,(0.84375,0.84375,0.84375,0.84375,0.84375,0.84375,0.84375,0.84375
      ,0.84375,0.84375)
    ,(0.9375,0.9375,0.9375,0.9375,0.9375,0.9375,0.9375,0.9375,0.9375
      ,0.9375)
,(1.,1.,1.,1.,1.,1.,1.,1.,1.,1.))) REPRESENTATION_ITEM('') SURFACE() );
#833 = CARTESIAN_POINT('',(-0.8,0.6,0.));
#834 = CARTESIAN_POINT('',(-0.8,0.8125,0.));
#835 = CARTESIAN_POINT('',(-0.8,1.2375,0.));
#836 = CARTESIAN_POINT('',(-0.8,1.6625,0.));
#837 = CARTESIAN_POINT('',(-0.8,2.0875,0.));
#838 = CARTESIAN_POINT('',(-0.8,2.5125,0.));
#839 = CARTESIAN_POINT('',(-0.8,2.9375,0.));
#840 = CARTESIAN_POINT('',(-0.8,3.3625,0.));
#841 = CARTESIAN_POINT('',(-0.8,3.7875,0.));
#842 = CARTESIAN_POINT('',(-0.8,4.,0.));
#843 = CARTESIAN_POINT('',(-0.8,0.6,9.237604307034E-02));
#844 = CARTESIAN_POINT('',(-0.8,0.8125,9.237604307034E-02));
#845 = CARTESIAN_POINT('',(-0.8,1.2375,9.237604307034E-02));
#846 = CARTESIAN_POINT('',(-0.8,1.6625,9.237604307034E-02));
#847 = CARTESIAN_POINT('',(-0.8,2.0875,9.237604307034E-02));
#848 = CARTESIAN_POINT('',(-0.8,2.5125,9.237604307034E-02));
#849 = CARTESIAN_POINT('',(-0.8,2.9375,9.237604307034E-02));
#850 = CARTESIAN_POINT('',(-0.8,3.3625,9.237604307034E-02));
#851 = CARTESIAN_POINT('',(-0.8,3.7875,9.237604307034E-02));
#852 = CARTESIAN_POINT('',(-0.8,4.,9.237604307034E-02));
#853 = CARTESIAN_POINT('',(-0.755555555556,0.6,0.282260131604));
#854 = CARTESIAN_POINT('',(-0.755555555556,0.8125,0.282260131604));
#855 = CARTESIAN_POINT('',(-0.755555555556,1.2375,0.282260131604));
#856 = CARTESIAN_POINT('',(-0.755555555556,1.6625,0.282260131604));
#857 = CARTESIAN_POINT('',(-0.755555555556,2.0875,0.282260131604));
#858 = CARTESIAN_POINT('',(-0.755555555556,2.5125,0.282260131604));
#859 = CARTESIAN_POINT('',(-0.755555555556,2.9375,0.282260131604));
#860 = CARTESIAN_POINT('',(-0.755555555556,3.3625,0.282260131604));
#861 = CARTESIAN_POINT('',(-0.755555555556,3.7875,0.282260131604));
#862 = CARTESIAN_POINT('',(-0.755555555556,4.,0.282260131604));
#863 = CARTESIAN_POINT('',(-0.656,0.6,0.471117819659));
#864 = CARTESIAN_POINT('',(-0.656,0.8125,0.471117819659));
#865 = CARTESIAN_POINT('',(-0.656,1.2375,0.471117819659));
#866 = CARTESIAN_POINT('',(-0.656,1.6625,0.471117819659));
#867 = CARTESIAN_POINT('',(-0.656,2.0875,0.471117819659));
#868 = CARTESIAN_POINT('',(-0.656,2.5125,0.471117819659));
#869 = CARTESIAN_POINT('',(-0.656,2.9375,0.471117819659));
#870 = CARTESIAN_POINT('',(-0.656,3.3625,0.471117819659));
#871 = CARTESIAN_POINT('',(-0.656,3.7875,0.471117819659));
#872 = CARTESIAN_POINT('',(-0.656,4.,0.471117819659));
#873 = CARTESIAN_POINT('',(-0.5,0.6,0.635085296109));
#874 = CARTESIAN_POINT('',(-0.5,0.8125,0.635085296109));
#875 = CARTESIAN_POINT('',(-0.5,1.2375,0.635085296109));
#876 = CARTESIAN_POINT('',(-0.5,1.6625,0.635085296109));
#877 = CARTESIAN_POINT('',(-0.5,2.0875,0.635085296109));
#878 = CARTESIAN_POINT('',(-0.5,2.5125,0.635085296109));
#879 = CARTESIAN_POINT('',(-0.5,2.9375,0.635085296109));
#880 = CARTESIAN_POINT('',(-0.5,3.3625,0.635085296109));
#881 = CARTESIAN_POINT('',(-0.5,3.7875,0.635085296109));
#882 = CARTESIAN_POINT('',(-0.5,4.,0.635085296109));
#883 = CARTESIAN_POINT('',(-0.3,0.6,0.750555349947));
#884 = CARTESIAN_POINT('',(-0.3,0.8125,0.750555349947));
#885 = CARTESIAN_POINT('',(-0.3,1.2375,0.750555349947));
#886 = CARTESIAN_POINT('',(-0.3,1.6625,0.750555349947));
#887 = CARTESIAN_POINT('',(-0.3,2.0875,0.750555349947));
#888 = CARTESIAN_POINT('',(-0.3,2.5125,0.750555349947));
#889 = CARTESIAN_POINT('',(-0.3,2.9375,0.750555349947));
#890 = CARTESIAN_POINT('',(-0.3,3.3625,0.750555349947));
#891 = CARTESIAN_POINT('',(-0.3,3.7875,0.750555349947));
#892 = CARTESIAN_POINT('',(-0.3,4.,0.750555349947));
#893 = CARTESIAN_POINT('',(-8.E-02,0.6,0.803671574712));
#894 = CARTESIAN_POINT('',(-8.E-02,0.8125,0.803671574712));
#895 = CARTESIAN_POINT('',(-8.E-02,1.2375,0.803671574712));
#896 = CARTESIAN_POINT('',(-8.E-02,1.6625,0.803671574712));
#897 = CARTESIAN_POINT('',(-8.E-02,2.0875,0.803671574712));
#898 = CARTESIAN_POINT('',(-8.E-02,2.5125,0.803671574712));
#899 = CARTESIAN_POINT('',(-8.E-02,2.9375,0.803671574712));
#900 = CARTESIAN_POINT('',(-8.E-02,3.3625,0.803671574712));
#901 = CARTESIAN_POINT('',(-8.E-02,3.7875,0.803671574712));
#902 = CARTESIAN_POINT('',(-8.E-02,4.,0.803671574712));
#903 = CARTESIAN_POINT('',(0.133333333333,0.6,0.795460370883));
#904 = CARTESIAN_POINT('',(0.133333333333,0.8125,0.795460370883));
#905 = CARTESIAN_POINT('',(0.133333333333,1.2375,0.795460370883));
#906 = CARTESIAN_POINT('',(0.133333333333,1.6625,0.795460370883));
#907 = CARTESIAN_POINT('',(0.133333333333,2.0875,0.795460370883));
#908 = CARTESIAN_POINT('',(0.133333333333,2.5125,0.795460370883));
#909 = CARTESIAN_POINT('',(0.133333333333,2.9375,0.795460370883));
#910 = CARTESIAN_POINT('',(0.133333333333,3.3625,0.795460370883));
#911 = CARTESIAN_POINT('',(0.133333333333,3.7875,0.795460370883));
#912 = CARTESIAN_POINT('',(0.133333333333,4.,0.795460370883));
#913 = CARTESIAN_POINT('',(0.32,0.6,0.739008344563));
#914 = CARTESIAN_POINT('',(0.32,0.8125,0.739008344563));
#915 = CARTESIAN_POINT('',(0.32,1.2375,0.739008344563));
#916 = CARTESIAN_POINT('',(0.32,1.6625,0.739008344563));
#917 = CARTESIAN_POINT('',(0.32,2.0875,0.739008344563));
#918 = CARTESIAN_POINT('',(0.32,2.5125,0.739008344563));
#919 = CARTESIAN_POINT('',(0.32,2.9375,0.739008344563));
#920 = CARTESIAN_POINT('',(0.32,3.3625,0.739008344563));
#921 = CARTESIAN_POINT('',(0.32,3.7875,0.739008344563));
#922 = CARTESIAN_POINT('',(0.32,4.,0.739008344563));
#923 = CARTESIAN_POINT('',(0.4,0.6,0.692820323028));
#924 = CARTESIAN_POINT('',(0.4,0.8125,0.692820323028));
#925 = CARTESIAN_POINT('',(0.4,1.2375,0.692820323028));
#926 = CARTESIAN_POINT('',(0.4,1.6625,0.692820323028));
#927 = CARTESIAN_POINT('',(0.4,2.0875,0.692820323028));
#928 = CARTESIAN_POINT('',(0.4,2.5125,0.692820323028));
#929 = CARTESIAN_POINT('',(0.4,2.9375,0.692820323028));
#930 = CARTESIAN_POINT('',(0.4,3.3625,0.692820323028));
#931 = CARTESIAN_POINT('',(0.4,3.7875,0.692820323028));
#932 = CARTESIAN_POINT('',(0.4,4.,0.692820323028));
#933 = CARTESIAN_POINT('',(0.48,0.6,0.646632301492));
#934 = CARTESIAN_POINT('',(0.48,0.8125,0.646632301492));
#935 = CARTESIAN_POINT('',(0.48,1.2375,0.646632301492));
#936 = CARTESIAN_POINT('',(0.48,1.6625,0.646632301492));
#937 = CARTESIAN_POINT('',(0.48,2.0875,0.646632301492));
#938 = CARTESIAN_POINT('',(0.48,2.5125,0.646632301492));
#939 = CARTESIAN_POINT('',(0.48,2.9375,0.646632301492));
#940 = CARTESIAN_POINT('',(0.48,3.3625,0.646632301492));
#941 = CARTESIAN_POINT('',(0.48,3.7875,0.646632301492));
#942 = CARTESIAN_POINT('',(0.48,4.,0.646632301492));
#943 = CARTESIAN_POINT('',(0.622222222222,0.6,0.51320023928));
#944 = CARTESIAN_POINT('',(0.622222222222,0.8125,0.51320023928));
#945 = CARTESIAN_POINT('',(0.622222222222,1.2375,0.51320023928));
#946 = CARTESIAN_POINT('',(0.622222222222,1.6625,0.51320023928));
#947 = CARTESIAN_POINT('',(0.622222222222,2.0875,0.51320023928));
#948 = CARTESIAN_POINT('',(0.622222222222,2.5125,0.51320023928));
#949 = CARTESIAN_POINT('',(0.622222222222,2.9375,0.51320023928));
#950 = CARTESIAN_POINT('',(0.622222222222,3.3625,0.51320023928));
#951 = CARTESIAN_POINT('',(0.622222222222,3.7875,0.51320023928));
#952 = CARTESIAN_POINT('',(0.622222222222,4.,0.51320023928));
#953 = CARTESIAN_POINT('',(0.736,0.6,0.332553755053));
#954 = CARTESIAN_POINT('',(0.736,0.8125,0.332553755053));
#955 = CARTESIAN_POINT('',(0.736,1.2375,0.332553755053));
#956 = CARTESIAN_POINT('',(0.736,1.6625,0.332553755053));
#957 = CARTESIAN_POINT('',(0.736,2.0875,0.332553755053));
#958 = CARTESIAN_POINT('',(0.736,2.5125,0.332553755053));
#959 = CARTESIAN_POINT('',(0.736,2.9375,0.332553755053));
#960 = CARTESIAN_POINT('',(0.736,3.3625,0.332553755053));
#961 = CARTESIAN_POINT('',(0.736,3.7875,0.332553755053));
#962 = CARTESIAN_POINT('',(0.736,4.,0.332553755053));
#963 = CARTESIAN_POINT('',(0.8,0.6,0.115470053838));
#964 = CARTESIAN_POINT('',(0.8,0.8125,0.115470053838));
#965 = CARTESIAN_POINT('',(0.8,1.2375,0.115470053838));
#966 = CARTESIAN_POINT('',(0.8,1.6625,0.115470053838));
#967 = CARTESIAN_POINT('',(0.8,2.0875,0.115470053838));
#968 = CARTESIAN_POINT('',(0.8,2.5125,0.115470053838));
#969 = CARTESIAN_POINT('',(0.8,2.9375,0.115470053838));
#970 = CARTESIAN_POINT('',(0.8,3.3625,0.115470053838));
#971 = CARTESIAN_POINT('',(0.8,3.7875,0.115470053838));
#972 = CARTESIAN_POINT('',(0.8,4.,0.115470053838));
#973 = CARTESIAN_POINT('',(0.8,0.6,-0.115470053838));
#974 = CARTESIAN_POINT('',(0.8,0.8125,-0.115470053838));
#975 = CARTESIAN_POINT('',(0.8,1.2375,-0.115470053838));
#976 = CARTESIAN_POINT('',(0.8,1.6625,-0.115470053838));
#977 = CARTESIAN_POINT('',(0.8,2.0875,-0.115470053838));
#978 = CARTESIAN_POINT('',(0.8,2.5125,-0.115470053838));
#979 = CARTESIAN_POINT('',(0.8,2.9375,-0.115470053838));
#980 = CARTESIAN_POINT('',(0.8,3.3625,-0.115470053838));
#981 = CARTESIAN_POINT('',(0.8,3.7875,-0.115470053838));
#982 = CARTESIAN_POINT('',(0.8,4.,-0.115470053838));
#983 = CARTESIAN_POINT('',(0.736,0.6,-0.332553755053));
#984 = CARTESIAN_POINT('',(0.736,0.8125,-0.332553755053));
#985 = CARTESIAN_POINT('',(0.736,1.2375,-0.332553755053));
#986 = CARTESIAN_POINT('',(0.736,1.6625,-0.332553755053));
#987 = CARTESIAN_POINT('',(0.736,2.0875,-0.332553755053));
#988 = CARTESIAN_POINT('',(0.736,2.5125,-0.332553755053));
#989 = CARTESIAN_POINT('',(0.736,2.9375,-0.332553755053));
#990 = CARTESIAN_POINT('',(0.736,3.3625,-0.332553755053));
#991 = CARTESIAN_POINT('',(0.736,3.7875,-0.332553755053));
#992 = CARTESIAN_POINT('',(0.736,4.,-0.332553755053));
#993 = CARTESIAN_POINT('',(0.622222222222,0.6,-0.51320023928));
#994 = CARTESIAN_POINT('',(0.622222222222,0.8125,-0.51320023928));
#995 = CARTESIAN_POINT('',(0.622222222222,1.2375,-0.51320023928));
#996 = CARTESIAN_POINT('',(0.622222222222,1.6625,-0.51320023928));
#997 = CARTESIAN_POINT('',(0.622222222222,2.0875,-0.51320023928));
#998 = CARTESIAN_POINT('',(0.622222222222,2.5125,-0.51320023928));
#999 = CARTESIAN_POINT('',(0.622222222222,2.9375,-0.51320023928));
#1000 = CARTESIAN_POINT('',(0.622222222222,3.3625,-0.51320023928));
#1001 = CARTESIAN_POINT('',(0.622222222222,3.7875,-0.51320023928));
#1002 = CARTESIAN_POINT('',(0.622222222222,4.,-0.51320023928));
#1003 = CARTESIAN_POINT('',(0.48,0.6,-0.646632301492));
#1004 = CARTESIAN_POINT('',(0.48,0.8125,-0.646632301492));
#1005 = CARTESIAN_POINT('',(0.48,1.2375,-0.646632301492));
#1006 = CARTESIAN_POINT('',(0.48,1.6625,-0.646632301492));
#1007 = CARTESIAN_POINT('',(0.48,2.0875,-0.646632301492));
#1008 = CARTESIAN_POINT('',(0.48,2.5125,-0.646632301492));
#1009 = CARTESIAN_POINT('',(0.48,2.9375,-0.646632301492));
#1010 = CARTESIAN_POINT('',(0.48,3.3625,-0.646632301492));
#1011 = CARTESIAN_POINT('',(0.48,3.7875,-0.646632301492));
#1012 = CARTESIAN_POINT('',(0.48,4.,-0.646632301492));
#1013 = CARTESIAN_POINT('',(0.4,0.6,-0.692820323028));
#1014 = CARTESIAN_POINT('',(0.4,0.8125,-0.692820323028));
#1015 = CARTESIAN_POINT('',(0.4,1.2375,-0.692820323028));
#1016 = CARTESIAN_POINT('',(0.4,1.6625,-0.692820323028));
#1017 = CARTESIAN_POINT('',(0.4,2.0875,-0.692820323028));
#1018 = CARTESIAN_POINT('',(0.4,2.5125,-0.692820323028));
#1019 = CARTESIAN_POINT('',(0.4,2.9375,-0.692820323028));
#1020 = CARTESIAN_POINT('',(0.4,3.3625,-0.692820323028));
#1021 = CARTESIAN_POINT('',(0.4,3.7875,-0.692820323028));
#1022 = CARTESIAN_POINT('',(0.4,4.,-0.692820323028));
#1023 = CARTESIAN_POINT('',(0.32,0.6,-0.739008344563));
#1024 = CARTESIAN_POINT('',(0.32,0.8125,-0.739008344563));
#1025 = CARTESIAN_POINT('',(0.32,1.2375,-0.739008344563));
#1026 = CARTESIAN_POINT('',(0.32,1.6625,-0.739008344563));
#1027 = CARTESIAN_POINT('',(0.32,2.0875,-0.739008344563));
#1028 = CARTESIAN_POINT('',(0.32,2.5125,-0.739008344563));
#1029 = CARTESIAN_POINT('',(0.32,2.9375,-0.739008344563));
#1030 = CARTESIAN_POINT('',(0.32,3.3625,-0.739008344563));
#1031 = CARTESIAN_POINT('',(0.32,3.7875,-0.739008344563));
#1032 = CARTESIAN_POINT('',(0.32,4.,-0.739008344563));
#1033 = CARTESIAN_POINT('',(0.133333333333,0.6,-0.795460370883));
#1034 = CARTESIAN_POINT('',(0.133333333333,0.8125,-0.795460370883));
#1035 = CARTESIAN_POINT('',(0.133333333333,1.2375,-0.795460370883));
#1036 = CARTESIAN_POINT('',(0.133333333333,1.6625,-0.795460370883));
#1037 = CARTESIAN_POINT('',(0.133333333333,2.0875,-0.795460370883));
#1038 = CARTESIAN_POINT('',(0.133333333333,2.5125,-0.795460370883));
#1039 = CARTESIAN_POINT('',(0.133333333333,2.9375,-0.795460370883));
#1040 = CARTESIAN_POINT('',(0.133333333333,3.3625,-0.795460370883));
#1041 = CARTESIAN_POINT('',(0.133333333333,3.7875,-0.795460370883));
#1042 = CARTESIAN_POINT('',(0.133333333333,4.,-0.795460370883));
#1043 = CARTESIAN_POINT('',(-8.E-02,0.6,-0.803671574712));
#1044 = CARTESIAN_POINT('',(-8.E-02,0.8125,-0.803671574712));
#1045 = CARTESIAN_POINT('',(-8.E-02,1.2375,-0.803671574712));
#1046 = CARTESIAN_POINT('',(-8.E-02,1.6625,-0.803671574712));
#1047 = CARTESIAN_POINT('',(-8.E-02,2.0875,-0.803671574712));
#1048 = CARTESIAN_POINT('',(-8.E-02,2.5125,-0.803671574712));
#1049 = CARTESIAN_POINT('',(-8.E-02,2.9375,-0.803671574712));
#1050 = CARTESIAN_POINT('',(-8.E-02,3.3625,-0.803671574712));
#1051 = CARTESIAN_POINT('',(-8.E-02,3.7875,-0.803671574712));
#1052 = CARTESIAN_POINT('',(-8.E-02,4.,-0.803671574712));
#1053 = CARTESIAN_POINT('',(-0.3,0.6,-0.750555349947));
#1054 = CARTESIAN_POINT('',(-0.3,0.8125,-0.750555349947));
#1055 = CARTESIAN_POINT('',(-0.3,1.2375,-0.750555349947));
#1056 = CARTESIAN_POINT('',(-0.3,1.6625,-0.750555349947));
#1057 = CARTESIAN_POINT('',(-0.3,2.0875,-0.750555349947));
#1058 = CARTESIAN_POINT('',(-0.3,2.5125,-0.750555349947));
#1059 = CARTESIAN_POINT('',(-0.3,2.9375,-0.750555349947));
#1060 = CARTESIAN_POINT('',(-0.3,3.3625,-0.750555349947));
#1061 = CARTESIAN_POINT('',(-0.3,3.7875,-0.750555349947));
#1062 = CARTESIAN_POINT('',(-0.3,4.,-0.750555349947));
#1063 = CARTESIAN_POINT('',(-0.5,0.6,-0.635085296109));
#1064 = CARTESIAN_POINT('',(-0.5,0.8125,-0.635085296109));
#1065 = CARTESIAN_POINT('',(-0.5,1.2375,-0.635085296109));
#1066 = CARTESIAN_POINT('',(-0.5,1.6625,-0.635085296109));
#1067 = CARTESIAN_POINT('',(-0.5,2.0875,-0.635085296109));
#1068 = CARTESIAN_POINT('',(-0.5,2.5125,-0.635085296109));
#1069 = CARTESIAN_POINT('',(-0.5,2.9375,-0.635085296109));
#1070 = CARTESIAN_POINT('',(-0.5,3.3625,-0.635085296109));
#1071 = CARTESIAN_POINT('',(-0.5,3.7875,-0.635085296109));
#1072 = CARTESIAN_POINT('',(-0.5,4.,-0.635085296109));
#1073 = CARTESIAN_POINT('',(-0.656,0.6,-0.471117819659));
#1074 = CARTESIAN_POINT('',(-0.656,0.8125,-0.471117819659));
#1075 = CARTESIAN_POINT('',(-0.656,1.2375,-0.471117819659));
#1076 = CARTESIAN_POINT('',(-0.656,1.6625,-0.471117819659));
#1077 = CARTESIAN_POINT('',(-0.656,2.0875,-0.471117819659));
#1078 = CARTESIAN_POINT('',(-0.656,2.5125,-0.471117819659));
#1079 = CARTESIAN_POINT('',(-0.656,2.9375,-0.471117819659));
#1080 = CARTESIAN_POINT('',(-0.656,3.3625,-0.471117819659));
#1081 = CARTESIAN_POINT('',(-0.656,3.7875,-0.471117819659));
#1082 = CARTESIAN_POINT('',(-0.656,4.,-0.471117819659));
#1083 = CARTESIAN_POINT('',(-0.755555555556,0.6,-0.282260131604));
#1084 = CARTESIAN_POINT('',(-0.755555555556,0.8125,-0.282260131604));
#1085 = CARTESIAN_POINT('',(-0.755555555556,1.2375,-0.282260131604));
#1086 = CARTESIAN_POINT('',(-0.755555555556,1.6625,-0.282260131604));
#1087 = CARTESIAN_POINT('',(-0.755555555556,2.0875,-0.282260131604));
#1088 = CARTESIAN_POINT('',(-0.755555555556,2.5125,-0.282260131604));
#1089 = CARTESIAN_POINT('',(-0.755555555556,2.9375,-0.282260131604));
#1090 = CARTESIAN_POINT('',(-0.755555555556,3.3625,-0.282260131604));
#1091 = CARTESIAN_POINT('',(-0.755555555556,3.7875,-0.282260131604));
#1092 = CARTESIAN_POINT('',(-0.755555555556,4.,-0.282260131604));
#1093 = CARTESIAN_POINT('',(-0.8,0.6,-9.237604307034E-02));
#1094 = CARTESIAN_POINT('',(-0.8,0.8125,-9.237604307034E-02));
#1095 = CARTESIAN_POINT('',(-0.8,1.2375,-9.237604307034E-02));
#1096 = CARTESIAN_POINT('',(-0.8,1.6625,-9.237604307034E-02));
#1097 = CARTESIAN_POINT('',(-0.8,2.0875,-9.237604307034E-02));
#1098 = CARTESIAN_POINT('',(-0.8,2.5125,-9.237604307034E-02));
#1099 = CARTESIAN_POINT('',(-0.8,2.9375,-9.237604307034E-02));
#1100 = CARTESIAN_POINT('',(-0.8,3.3625,-9.237604307034E-02));
#1101 = CARTESIAN_POINT('',(-0.8,3.7875,-9.237604307034E-02));
#1102 = CARTESIAN_POINT('',(-0.8,4.,-9.237604307034E-02));
#1103 = CARTESIAN_POINT('',(-0.8,0.6,0.));
#1104 = CARTESIAN_POINT('',(-0.8,0.8125,0.));
#1105 = CARTESIAN_POINT('',(-0.8,1.2375,0.));
#1106 = CARTESIAN_POINT('',(-0.8,1.6625,0.));
#1107 = CARTESIAN_POINT('',(-0.8,2.0875,0.));
#1108 = CARTESIAN_POINT('',(-0.8,2.5125,0.));
#1109 = CARTESIAN_POINT('',(-0.8,2.9375,0.));
#1110 = CARTESIAN_POINT('',(-0.8,3.3625,0.));
#1111 = CARTESIAN_POINT('',(-0.8,3.7875,0.));
#1112 = CARTESIAN_POINT('',(-0.8,4.,0.));
#1113 = DEFINITIONAL_REPRESENTATION('',(#1114),#1124);
#1114 = B_SPLINE_CURVE_WITH_KNOTS('',8,(#1115,#1116,#1117,#1118,#1119,
    #1120,#1121,#1122,#1123),.UNSPECIFIED.,.F.,.F.,(9,9),(0.,
    1.011806409349),.PIECEWISE_BEZIER_KNOTS.);
#1115 = CARTESIAN_POINT('',(4.749981681104,1.385640646055));
#1116 = CARTESIAN_POINT('',(4.867740395237,1.385640832882));
#1117 = CARTESIAN_POINT('',(4.985344855028,1.362396679528));
#1118 = CARTESIAN_POINT('',(5.102795416286,1.313005196491));
#1119 = CARTESIAN_POINT('',(5.220092425821,1.236280554345));
#1120 = CARTESIAN_POINT('',(5.337236242456,1.134092599423));
#1121 = CARTESIAN_POINT('',(5.454227209222,1.012253691446));
#1122 = CARTESIAN_POINT('',(5.571065677959,0.87716500701));
#1123 = CARTESIAN_POINT('',(5.687751994974,0.734846983241));
#1124 = ( GEOMETRIC_REPRESENTATION_CONTEXT(2) 
PARAMETRIC_REPRESENTATION_CONTEXT() REPRESENTATION_CONTEXT('2D SPACE',''
  ) );
#1125 = ORIENTED_EDGE('',*,*,#1126,.F.);
#1126 = EDGE_CURVE('',#1127,#811,#1129,.T.);
#1127 = VERTEX_POINT('',#1128);
#1128 = CARTESIAN_POINT('',(0.654488385768,0.796827998181,
    -0.460048859247));
#1129 = SURFACE_CURVE('',#1130,(#1134,#1166),.PCURVE_S1.);
#1130 = ( BOUNDED_CURVE() B_SPLINE_CURVE(2,(#1131,#1132,#1133),
.UNSPECIFIED.,.F.,.F.) B_SPLINE_CURVE_WITH_KNOTS((3,3),(5.325067779056,
6.28318530718),.PIECEWISE_BEZIER_KNOTS.) CURVE() 
GEOMETRIC_REPRESENTATION_ITEM() RATIONAL_B_SPLINE_CURVE((1.,
0.887429172965,1.)) REPRESENTATION_ITEM('') );
#1131 = CARTESIAN_POINT('',(0.654488385768,0.796827998181,
    -0.460048859247));
#1132 = CARTESIAN_POINT('',(0.415532068278,1.385640646055,-0.8));
#1133 = CARTESIAN_POINT('',(1.959434878636E-16,1.385640646055,-0.8));
#1134 = PCURVE('',#31,#1135);
#1135 = DEFINITIONAL_REPRESENTATION('',(#1136),#1165);
#1136 = B_SPLINE_CURVE_WITH_KNOTS('',7,(#1137,#1138,#1139,#1140,#1141,
    #1142,#1143,#1144,#1145,#1146,#1147,#1148,#1149,#1150,#1151,#1152,
    #1153,#1154,#1155,#1156,#1157,#1158,#1159,#1160,#1161,#1162,#1163,
    #1164),.UNSPECIFIED.,.F.,.F.,(8,6,7,7,8),(5.325067779056,
    5.564597161087,5.74424419761,5.761086107284,6.28318530718),
  .UNSPECIFIED.);
#1137 = CARTESIAN_POINT('',(2.567895168904,0.796827998181));
#1138 = CARTESIAN_POINT('',(2.535048660268,0.834151541275));
#1139 = CARTESIAN_POINT('',(2.501494956429,0.870817434243));
#1140 = CARTESIAN_POINT('',(2.467206634996,0.906698523671));
#1141 = CARTESIAN_POINT('',(2.432154532488,0.941665833781));
#1142 = CARTESIAN_POINT('',(2.39630751178,0.975591790521));
#1143 = CARTESIAN_POINT('',(2.359632229542,1.008353445659));
#1144 = CARTESIAN_POINT('',(2.293938425476,1.063447245389));
#1145 = CARTESIAN_POINT('',(2.265297864033,1.086339632405));
#1146 = CARTESIAN_POINT('',(2.236156214735,1.108463422035));
#1147 = CARTESIAN_POINT('',(2.206497580155,1.12977274634));
#1148 = CARTESIAN_POINT('',(2.176305170052,1.150225309327));
#1149 = CARTESIAN_POINT('',(2.14556130137,1.169782386951));
#1150 = CARTESIAN_POINT('',(2.114247398239,1.188408827115));
#1151 = CARTESIAN_POINT('',(2.111311881067,1.190155069378));
#1152 = CARTESIAN_POINT('',(2.10837004619,1.191893136318));
#1153 = CARTESIAN_POINT('',(2.105427810409,1.193622999612));
#1154 = CARTESIAN_POINT('',(2.102471090824,1.195344631387));
#1155 = CARTESIAN_POINT('',(2.099521524065,1.197058003966));
#1156 = CARTESIAN_POINT('',(2.096556566825,1.198763090165));
#1157 = CARTESIAN_POINT('',(2.09359218186,1.20045986308));
#1158 = CARTESIAN_POINT('',(2.001717412296,1.253059740228));
#1159 = CARTESIAN_POINT('',(1.914364026293,1.297671083884));
#1160 = CARTESIAN_POINT('',(1.831131628708,1.33349121929));
#1161 = CARTESIAN_POINT('',(1.751678569272,1.360051769486));
#1162 = CARTESIAN_POINT('',(1.675708411814,1.377314210325));
#1163 = CARTESIAN_POINT('',(1.60296035807,1.385640766139));
#1164 = CARTESIAN_POINT('',(1.533203626075,1.385640646055));
#1165 = ( GEOMETRIC_REPRESENTATION_CONTEXT(2) 
PARAMETRIC_REPRESENTATION_CONTEXT() REPRESENTATION_CONTEXT('2D SPACE',''
  ) );
#1166 = PCURVE('',#832,#1167);
#1167 = DEFINITIONAL_REPRESENTATION('',(#1168),#1193);
#1168 = B_SPLINE_CURVE_WITH_KNOTS('',6,(#1169,#1170,#1171,#1172,#1173,
    #1174,#1175,#1176,#1177,#1178,#1179,#1180,#1181,#1182,#1183,#1184,
    #1185,#1186,#1187,#1188,#1189,#1190,#1191,#1192),.UNSPECIFIED.,.F.,
  .F.,(7,5,6,6,7),(5.325067779056,5.564597161087,5.74424419761,
    5.761086107284,6.28318530718),.UNSPECIFIED.);
#1169 = CARTESIAN_POINT('',(3.715290138275,0.796827998181));
#1170 = CARTESIAN_POINT('',(3.753611065018,0.840372131791));
#1171 = CARTESIAN_POINT('',(3.792922065043,0.882995555224));
#1172 = CARTESIAN_POINT('',(3.83327112754,0.924475750006));
#1173 = CARTESIAN_POINT('',(3.874710304229,0.96458594548));
#1174 = CARTESIAN_POINT('',(3.917296523327,1.003106403123));
#1175 = CARTESIAN_POINT('',(3.993939294737,1.067382502808));
#1176 = CARTESIAN_POINT('',(4.027466702511,1.093922484244));
#1177 = CARTESIAN_POINT('',(4.061700884896,1.119369125379));
#1178 = CARTESIAN_POINT('',(4.096670183197,1.143644240955));
#1179 = CARTESIAN_POINT('',(4.132405021954,1.166677980257));
#1180 = CARTESIAN_POINT('',(4.168937908941,1.188408827115));
#1181 = CARTESIAN_POINT('',(4.172363061452,1.190446109756));
#1182 = CARTESIAN_POINT('',(4.175793883415,1.192471946939));
#1183 = CARTESIAN_POINT('',(4.179235820644,1.194486289141));
#1184 = CARTESIAN_POINT('',(4.182677885497,1.196489087687));
#1185 = CARTESIAN_POINT('',(4.186134276813,1.198480294677));
#1186 = CARTESIAN_POINT('',(4.18959312532,1.20045986308));
#1187 = CARTESIAN_POINT('',(4.296780356476,1.261826386421));
#1188 = CARTESIAN_POINT('',(4.397637650654,1.312008962869));
#1189 = CARTESIAN_POINT('',(4.492865699327,1.34960291161));
#1190 = CARTESIAN_POINT('',(4.583028122676,1.373983579992));
#1191 = CARTESIAN_POINT('',(4.668598827109,1.385640786154));
#1192 = CARTESIAN_POINT('',(4.749981681104,1.385640646055));
#1193 = ( GEOMETRIC_REPRESENTATION_CONTEXT(2) 
PARAMETRIC_REPRESENTATION_CONTEXT() REPRESENTATION_CONTEXT('2D SPACE',''
  ) );
#1194 = ORIENTED_EDGE('',*,*,#1195,.F.);
#1195 = EDGE_CURVE('',#1196,#1127,#1198,.T.);
#1196 = VERTEX_POINT('',#1197);
#1197 = CARTESIAN_POINT('',(0.799831087957,0.600225151114,
    -1.072497850417));
#1198 = SURFACE_CURVE('',#1199,(#1203,#1215),.PCURVE_S1.);
#1199 = ( BOUNDED_CURVE() B_SPLINE_CURVE(2,(#1200,#1201,#1202),
.UNSPECIFIED.,.F.,.F.) B_SPLINE_CURVE_WITH_KNOTS((3,3),(0.260485089841,
0.893713700174),.PIECEWISE_BEZIER_KNOTS.) CURVE() 
GEOMETRIC_REPRESENTATION_ITEM() RATIONAL_B_SPLINE_CURVE((1.,
0.950295001923,1.)) REPRESENTATION_ITEM('') );
#1200 = CARTESIAN_POINT('',(0.799831088041,0.600225159624,
    -1.072497857003));
#1201 = CARTESIAN_POINT('',(0.805216996965,0.773510200879,
    -0.848529285891));
#1202 = CARTESIAN_POINT('',(0.654488385768,0.796827998181,
    -0.460048859247));
#1203 = PCURVE('',#31,#1204);
#1204 = DEFINITIONAL_REPRESENTATION('',(#1205),#1214);
#1205 = B_SPLINE_CURVE_WITH_KNOTS('',7,(#1206,#1207,#1208,#1209,#1210,
    #1211,#1212,#1213),.UNSPECIFIED.,.F.,.F.,(8,8),(0.260485089841,
    0.893713700174),.PIECEWISE_BEZIER_KNOTS.);
#1206 = CARTESIAN_POINT('',(3.160229927126,1.228922969481));
#1207 = CARTESIAN_POINT('',(3.079545960567,1.199784299601));
#1208 = CARTESIAN_POINT('',(2.997611236926,1.158816314123));
#1209 = CARTESIAN_POINT('',(2.914390855913,1.105896737692));
#1210 = CARTESIAN_POINT('',(2.829848293732,1.041579763973));
#1211 = CARTESIAN_POINT('',(2.743945278116,0.967293138577));
#1212 = CARTESIAN_POINT('',(2.656641644495,0.88500865989));
#1213 = CARTESIAN_POINT('',(2.567895168904,0.796827998181));
#1214 = ( GEOMETRIC_REPRESENTATION_CONTEXT(2) 
PARAMETRIC_REPRESENTATION_CONTEXT() REPRESENTATION_CONTEXT('2D SPACE',''
  ) );
#1215 = PCURVE('',#1216,#1497);
#1216 = ( BOUNDED_SURFACE() B_SPLINE_SURFACE(2,2,(
    (#1217,#1218,#1219,#1220,#1221,#1222,#1223,#1224,#1225,#1226)
    ,(#1227,#1228,#1229,#1230,#1231,#1232,#1233,#1234,#1235,#1236)
    ,(#1237,#1238,#1239,#1240,#1241,#1242,#1243,#1244,#1245,#1246)
    ,(#1247,#1248,#1249,#1250,#1251,#1252,#1253,#1254,#1255,#1256)
    ,(#1257,#1258,#1259,#1260,#1261,#1262,#1263,#1264,#1265,#1266)
    ,(#1267,#1268,#1269,#1270,#1271,#1272,#1273,#1274,#1275,#1276)
    ,(#1277,#1278,#1279,#1280,#1281,#1282,#1283,#1284,#1285,#1286)
    ,(#1287,#1288,#1289,#1290,#1291,#1292,#1293,#1294,#1295,#1296)
    ,(#1297,#1298,#1299,#1300,#1301,#1302,#1303,#1304,#1305,#1306)
    ,(#1307,#1308,#1309,#1310,#1311,#1312,#1313,#1314,#1315,#1316)
    ,(#1317,#1318,#1319,#1320,#1321,#1322,#1323,#1324,#1325,#1326)
    ,(#1327,#1328,#1329,#1330,#1331,#1332,#1333,#1334,#1335,#1336)
    ,(#1337,#1338,#1339,#1340,#1341,#1342,#1343,#1344,#1345,#1346)
    ,(#1347,#1348,#1349,#1350,#1351,#1352,#1353,#1354,#1355,#1356)
    ,(#1357,#1358,#1359,#1360,#1361,#1362,#1363,#1364,#1365,#1366)
    ,(#1367,#1368,#1369,#1370,#1371,#1372,#1373,#1374,#1375,#1376)
    ,(#1377,#1378,#1379,#1380,#1381,#1382,#1383,#1384,#1385,#1386)
    ,(#1387,#1388,#1389,#1390,#1391,#1392,#1393,#1394,#1395,#1396)
    ,(#1397,#1398,#1399,#1400,#1401,#1402,#1403,#1404,#1405,#1406)
    ,(#1407,#1408,#1409,#1410,#1411,#1412,#1413,#1414,#1415,#1416)
    ,(#1417,#1418,#1419,#1420,#1421,#1422,#1423,#1424,#1425,#1426)
    ,(#1427,#1428,#1429,#1430,#1431,#1432,#1433,#1434,#1435,#1436)
    ,(#1437,#1438,#1439,#1440,#1441,#1442,#1443,#1444,#1445,#1446)
    ,(#1447,#1448,#1449,#1450,#1451,#1452,#1453,#1454,#1455,#1456)
    ,(#1457,#1458,#1459,#1460,#1461,#1462,#1463,#1464,#1465,#1466)
    ,(#1467,#1468,#1469,#1470,#1471,#1472,#1473,#1474,#1475,#1476)
    ,(#1477,#1478,#1479,#1480,#1481,#1482,#1483,#1484,#1485,#1486)
    ,(#1487,#1488,#1489,#1490,#1491,#1492,#1493,#1494,#1495,#1496
)),.UNSPECIFIED.,.T.,.F.,.F.) B_SPLINE_SURFACE_WITH_KNOTS((1,2,1,1,1,1,1
    ,1,1,2,1,1,1,1,1,1,1,2,1,1,1,1,1,1,1,2,1),(3,1,1,1,1,1,1,1,3),(
    -0.261799387799,0.,0.261799387799,0.523598775598,0.785398163397,
    1.047197551197,1.308996938996,1.570796326795,1.832595714594,
    2.094395102393,2.356194490192,2.617993877991,2.879793265791,
    3.14159265359,3.403392041389,3.665191429188,3.926990816987,
    4.188790204786,4.450589592586,4.712388980385,4.974188368184,
    5.235987755983,5.497787143782,5.759586531581,6.02138591938,
    6.28318530718,6.544984694979),(0.599609159823,1.024658014846,
    1.449706869868,1.87475572489,2.299804579912,2.724853434934,
    3.149902289956,3.574951144978,4.),.UNSPECIFIED.) 
GEOMETRIC_REPRESENTATION_ITEM() RATIONAL_B_SPLINE_SURFACE((
    (1.,1.,1.,1.,1.,1.,1.,1.,1.,1.)
    ,(0.9375,0.9375,0.9375,0.9375,0.9375,0.9375,0.9375,0.9375,0.9375
      ,0.9375)
    ,(0.84375,0.84375,0.84375,0.84375,0.84375,0.84375,0.84375,0.84375
      ,0.84375,0.84375)
    ,(0.78125,0.78125,0.78125,0.78125,0.78125,0.78125,0.78125,0.78125
      ,0.78125,0.78125)
    ,(0.75,0.75,0.75,0.75,0.75,0.75,0.75,0.75,0.75,0.75)
    ,(0.75,0.75,0.75,0.75,0.75,0.75,0.75,0.75,0.75,0.75)
    ,(0.78125,0.78125,0.78125,0.78125,0.78125,0.78125,0.78125,0.78125
      ,0.78125,0.78125)
    ,(0.84375,0.84375,0.84375,0.84375,0.84375,0.84375,0.84375,0.84375
      ,0.84375,0.84375)
    ,(0.9375,0.9375,0.9375,0.9375,0.9375,0.9375,0.9375,0.9375,0.9375
      ,0.9375)
    ,(1.,1.,1.,1.,1.,1.,1.,1.,1.,1.)
    ,(0.9375,0.9375,0.9375,0.9375,0.9375,0.9375,0.9375,0.9375,0.9375
      ,0.9375)
    ,(0.84375,0.84375,0.84375,0.84375,0.84375,0.84375,0.84375,0.84375
      ,0.84375,0.84375)
    ,(0.78125,0.78125,0.78125,0.78125,0.78125,0.78125,0.78125,0.78125
      ,0.78125,0.78125)
    ,(0.75,0.75,0.75,0.75,0.75,0.75,0.75,0.75,0.75,0.75)
    ,(0.75,0.75,0.75,0.75,0.75,0.75,0.75,0.75,0.75,0.75)
    ,(0.78125,0.78125,0.78125,0.78125,0.78125,0.78125,0.78125,0.78125
      ,0.78125,0.78125)
    ,(0.84375,0.84375,0.84375,0.84375,0.84375,0.84375,0.84375,0.84375
      ,0.84375,0.84375)
    ,(0.9375,0.9375,0.9375,0.9375,0.9375,0.9375,0.9375,0.9375,0.9375
      ,0.9375)
    ,(1.,1.,1.,1.,1.,1.,1.,1.,1.,1.)
    ,(0.9375,0.9375,0.9375,0.9375,0.9375,0.9375,0.9375,0.9375,0.9375
      ,0.9375)
    ,(0.84375,0.84375,0.84375,0.84375,0.84375,0.84375,0.84375,0.84375
      ,0.84375,0.84375)
    ,(0.78125,0.78125,0.78125,0.78125,0.78125,0.78125,0.78125,0.78125
      ,0.78125,0.78125)
    ,(0.75,0.75,0.75,0.75,0.75,0.75,0.75,0.75,0.75,0.75)
    ,(0.75,0.75,0.75,0.75,0.75,0.75,0.75,0.75,0.75,0.75)
    ,(0.78125,0.78125,0.78125,0.78125,0.78125,0.78125,0.78125,0.78125
      ,0.78125,0.78125)
    ,(0.84375,0.84375,0.84375,0.84375,0.84375,0.84375,0.84375,0.84375
      ,0.84375,0.84375)
    ,(0.9375,0.9375,0.9375,0.9375,0.9375,0.9375,0.9375,0.9375,0.9375
      ,0.9375)
,(1.,1.,1.,1.,1.,1.,1.,1.,1.,1.))) REPRESENTATION_ITEM('') SURFACE() );
#1217 = CARTESIAN_POINT('',(0.519276764749,0.8,-0.299804579912));
#1218 = CARTESIAN_POINT('',(0.703328317898,0.8,-0.406066793667));
#1219 = CARTESIAN_POINT('',(1.071431424197,0.8,-0.618591221178));
#1220 = CARTESIAN_POINT('',(1.439534530495,0.8,-0.831115648689));
#1221 = CARTESIAN_POINT('',(1.807637636794,0.8,-1.0436400762));
#1222 = CARTESIAN_POINT('',(2.175740743093,0.8,-1.256164503711));
#1223 = CARTESIAN_POINT('',(2.543843849391,0.8,-1.468688931222));
#1224 = CARTESIAN_POINT('',(2.91194695569,0.8,-1.681213358733));
#1225 = CARTESIAN_POINT('',(3.280050061988,0.8,-1.893737786244));
#1226 = CARTESIAN_POINT('',(3.464101615138,0.8,-2.));
#1227 = CARTESIAN_POINT('',(0.565464786284,0.8,-0.219804579912));
#1228 = CARTESIAN_POINT('',(0.749516339433,0.8,-0.326066793667));
#1229 = CARTESIAN_POINT('',(1.117619445732,0.8,-0.538591221178));
#1230 = CARTESIAN_POINT('',(1.485722552031,0.8,-0.751115648689));
#1231 = CARTESIAN_POINT('',(1.853825658329,0.8,-0.9636400762));
#1232 = CARTESIAN_POINT('',(2.221928764628,0.8,-1.176164503711));
#1233 = CARTESIAN_POINT('',(2.590031870926,0.8,-1.388688931222));
#1234 = CARTESIAN_POINT('',(2.958134977225,0.8,-1.601213358733));
#1235 = CARTESIAN_POINT('',(3.326238083524,0.8,-1.813737786244));
#1236 = CARTESIAN_POINT('',(3.510289636673,0.8,-1.92));
#1237 = CARTESIAN_POINT('',(0.660406830551,0.755555555556,
    -5.53601354673E-02));
#1238 = CARTESIAN_POINT('',(0.8444583837,0.755555555556,-0.161622349223)
  );
#1239 = CARTESIAN_POINT('',(1.212561489999,0.755555555556,
    -0.374146776734));
#1240 = CARTESIAN_POINT('',(1.580664596297,0.755555555556,
    -0.586671204245));
#1241 = CARTESIAN_POINT('',(1.948767702596,0.755555555556,
    -0.799195631756));
#1242 = CARTESIAN_POINT('',(2.316870808895,0.755555555556,
    -1.011720059267));
#1243 = CARTESIAN_POINT('',(2.684973915193,0.755555555556,
    -1.224244486778));
#1244 = CARTESIAN_POINT('',(3.053077021492,0.755555555556,
    -1.436768914289));
#1245 = CARTESIAN_POINT('',(3.42118012779,0.755555555556,-1.6492933418)
  );
#1246 = CARTESIAN_POINT('',(3.60523168094,0.755555555556,-1.755555555556
    ));
#1247 = CARTESIAN_POINT('',(0.754835674578,0.656,0.108195420088));
#1248 = CARTESIAN_POINT('',(0.938887227728,0.656,1.93320633274E-03));
#1249 = CARTESIAN_POINT('',(1.306990334026,0.656,-0.210591221178));
#1250 = CARTESIAN_POINT('',(1.675093440325,0.656,-0.423115648689));
#1251 = CARTESIAN_POINT('',(2.043196546623,0.656,-0.6356400762));
#1252 = CARTESIAN_POINT('',(2.411299652922,0.656,-0.848164503711));
#1253 = CARTESIAN_POINT('',(2.779402759221,0.656,-1.060688931222));
#1254 = CARTESIAN_POINT('',(3.147505865519,0.656,-1.273213358733));
#1255 = CARTESIAN_POINT('',(3.515608971818,0.656,-1.485737786244));
#1256 = CARTESIAN_POINT('',(3.699660524967,0.656,-1.592));
#1257 = CARTESIAN_POINT('',(0.836819412803,0.5,0.250195420088));
#1258 = CARTESIAN_POINT('',(1.020870965953,0.5,0.143933206333));
#1259 = CARTESIAN_POINT('',(1.388974072251,0.5,-6.859122117829E-02));
#1260 = CARTESIAN_POINT('',(1.75707717855,0.5,-0.281115648689));
#1261 = CARTESIAN_POINT('',(2.125180284848,0.5,-0.4936400762));
#1262 = CARTESIAN_POINT('',(2.493283391147,0.5,-0.706164503711));
#1263 = CARTESIAN_POINT('',(2.861386497446,0.5,-0.918688931222));
#1264 = CARTESIAN_POINT('',(3.229489603744,0.5,-1.131213358733));
#1265 = CARTESIAN_POINT('',(3.597592710043,0.5,-1.343737786244));
#1266 = CARTESIAN_POINT('',(3.781644263192,0.5,-1.45));
#1267 = CARTESIAN_POINT('',(0.894554439722,0.3,0.350195420088));
#1268 = CARTESIAN_POINT('',(1.078605992872,0.3,0.243933206333));
#1269 = CARTESIAN_POINT('',(1.44670909917,0.3,3.140877882171E-02));
#1270 = CARTESIAN_POINT('',(1.814812205469,0.3,-0.181115648689));
#1271 = CARTESIAN_POINT('',(2.182915311767,0.3,-0.3936400762));
#1272 = CARTESIAN_POINT('',(2.551018418066,0.3,-0.606164503711));
#1273 = CARTESIAN_POINT('',(2.919121524365,0.3,-0.818688931222));
#1274 = CARTESIAN_POINT('',(3.287224630663,0.3,-1.031213358733));
#1275 = CARTESIAN_POINT('',(3.655327736962,0.3,-1.243737786244));
#1276 = CARTESIAN_POINT('',(3.839379290111,0.3,-1.35));
#1277 = CARTESIAN_POINT('',(0.921112552105,8.E-02,0.396195420088));
#1278 = CARTESIAN_POINT('',(1.105164105254,8.E-02,0.289933206333));
#1279 = CARTESIAN_POINT('',(1.473267211553,8.E-02,7.740877882171E-02));
#1280 = CARTESIAN_POINT('',(1.841370317851,8.E-02,-0.135115648689));
#1281 = CARTESIAN_POINT('',(2.20947342415,8.E-02,-0.3476400762));
#1282 = CARTESIAN_POINT('',(2.577576530449,8.E-02,-0.560164503711));
#1283 = CARTESIAN_POINT('',(2.945679636747,8.E-02,-0.772688931222));
#1284 = CARTESIAN_POINT('',(3.313782743046,8.E-02,-0.985213358733));
#1285 = CARTESIAN_POINT('',(3.681885849344,8.E-02,-1.197737786244));
#1286 = CARTESIAN_POINT('',(3.865937402494,8.E-02,-1.304));
#1287 = CARTESIAN_POINT('',(0.917006950191,-0.133333333333,
    0.389084308977));
#1288 = CARTESIAN_POINT('',(1.10105850334,-0.133333333333,0.282822095222
    ));
#1289 = CARTESIAN_POINT('',(1.469161609639,-0.133333333333,
    7.02976677106E-02));
#1290 = CARTESIAN_POINT('',(1.837264715937,-0.133333333333,-0.1422267598
    ));
#1291 = CARTESIAN_POINT('',(2.205367822236,-0.133333333333,
    -0.354751187311));
#1292 = CARTESIAN_POINT('',(2.573470928534,-0.133333333333,
    -0.567275614822));
#1293 = CARTESIAN_POINT('',(2.941574034833,-0.133333333333,
    -0.779800042334));
#1294 = CARTESIAN_POINT('',(3.309677141132,-0.133333333333,
    -0.992324469845));
#1295 = CARTESIAN_POINT('',(3.67778024743,-0.133333333333,
    -1.204848897356));
#1296 = CARTESIAN_POINT('',(3.861831800579,-0.133333333333,
    -1.311111111111));
#1297 = CARTESIAN_POINT('',(0.88878093703,-0.32,0.340195420088));
#1298 = CARTESIAN_POINT('',(1.07283249018,-0.32,0.233933206333));
#1299 = CARTESIAN_POINT('',(1.440935596478,-0.32,2.140877882171E-02));
#1300 = CARTESIAN_POINT('',(1.809038702777,-0.32,-0.191115648689));
#1301 = CARTESIAN_POINT('',(2.177141809075,-0.32,-0.4036400762));
#1302 = CARTESIAN_POINT('',(2.545244915374,-0.32,-0.616164503711));
#1303 = CARTESIAN_POINT('',(2.913348021673,-0.32,-0.828688931222));
#1304 = CARTESIAN_POINT('',(3.281451127971,-0.32,-1.041213358733));
#1305 = CARTESIAN_POINT('',(3.64955423427,-0.32,-1.253737786244));
#1306 = CARTESIAN_POINT('',(3.833605787419,-0.32,-1.36));
#1307 = CARTESIAN_POINT('',(0.865686926263,-0.4,0.300195420088));
#1308 = CARTESIAN_POINT('',(1.049738479412,-0.4,0.193933206333));
#1309 = CARTESIAN_POINT('',(1.417841585711,-0.4,-1.859122117829E-02));
#1310 = CARTESIAN_POINT('',(1.785944692009,-0.4,-0.231115648689));
#1311 = CARTESIAN_POINT('',(2.154047798308,-0.4,-0.4436400762));
#1312 = CARTESIAN_POINT('',(2.522150904606,-0.4,-0.656164503711));
#1313 = CARTESIAN_POINT('',(2.890254010905,-0.4,-0.868688931222));
#1314 = CARTESIAN_POINT('',(3.258357117204,-0.4,-1.081213358733));
#1315 = CARTESIAN_POINT('',(3.626460223502,-0.4,-1.293737786244));
#1316 = CARTESIAN_POINT('',(3.810511776652,-0.4,-1.4));
#1317 = CARTESIAN_POINT('',(0.842592915495,-0.48,0.260195420088));
#1318 = CARTESIAN_POINT('',(1.026644468644,-0.48,0.153933206333));
#1319 = CARTESIAN_POINT('',(1.394747574943,-0.48,-5.859122117829E-02));
#1320 = CARTESIAN_POINT('',(1.762850681242,-0.48,-0.271115648689));
#1321 = CARTESIAN_POINT('',(2.13095378754,-0.48,-0.4836400762));
#1322 = CARTESIAN_POINT('',(2.499056893839,-0.48,-0.696164503711));
#1323 = CARTESIAN_POINT('',(2.867160000137,-0.48,-0.908688931222));
#1324 = CARTESIAN_POINT('',(3.235263106436,-0.48,-1.121213358733));
#1325 = CARTESIAN_POINT('',(3.603366212735,-0.48,-1.333737786244));
#1326 = CARTESIAN_POINT('',(3.787417765884,-0.48,-1.44));
#1327 = CARTESIAN_POINT('',(0.775876884389,-0.622222222222,
    0.144639864533));
#1328 = CARTESIAN_POINT('',(0.959928437538,-0.622222222222,
    3.837765077718E-02));
#1329 = CARTESIAN_POINT('',(1.328031543837,-0.622222222222,
    -0.174146776734));
#1330 = CARTESIAN_POINT('',(1.696134650135,-0.622222222222,
    -0.386671204245));
#1331 = CARTESIAN_POINT('',(2.064237756434,-0.622222222222,
    -0.599195631756));
#1332 = CARTESIAN_POINT('',(2.432340862733,-0.622222222222,
    -0.811720059267));
#1333 = CARTESIAN_POINT('',(2.800443969031,-0.622222222222,
    -1.024244486778));
#1334 = CARTESIAN_POINT('',(3.16854707533,-0.622222222222,
    -1.236768914289));
#1335 = CARTESIAN_POINT('',(3.536650181628,-0.622222222222,-1.4492933418
    ));
#1336 = CARTESIAN_POINT('',(3.720701734778,-0.622222222222,
    -1.555555555556));
#1337 = CARTESIAN_POINT('',(0.685553642276,-0.736,-1.180457991174E-02));
#1338 = CARTESIAN_POINT('',(0.869605195425,-0.736,-0.118066793667));
#1339 = CARTESIAN_POINT('',(1.237708301723,-0.736,-0.330591221178));
#1340 = CARTESIAN_POINT('',(1.605811408022,-0.736,-0.543115648689));
#1341 = CARTESIAN_POINT('',(1.973914514321,-0.736,-0.7556400762));
#1342 = CARTESIAN_POINT('',(2.342017620619,-0.736,-0.968164503711));
#1343 = CARTESIAN_POINT('',(2.710120726918,-0.736,-1.180688931222));
#1344 = CARTESIAN_POINT('',(3.078223833216,-0.736,-1.393213358733));
#1345 = CARTESIAN_POINT('',(3.446326939515,-0.736,-1.605737786244));
#1346 = CARTESIAN_POINT('',(3.630378492664,-0.736,-1.712));
#1347 = CARTESIAN_POINT('',(0.577011791668,-0.8,-0.199804579912));
#1348 = CARTESIAN_POINT('',(0.761063344817,-0.8,-0.306066793667));
#1349 = CARTESIAN_POINT('',(1.129166451116,-0.8,-0.518591221178));
#1350 = CARTESIAN_POINT('',(1.497269557414,-0.8,-0.731115648689));
#1351 = CARTESIAN_POINT('',(1.865372663713,-0.8,-0.9436400762));
#1352 = CARTESIAN_POINT('',(2.233475770012,-0.8,-1.156164503711));
#1353 = CARTESIAN_POINT('',(2.60157887631,-0.8,-1.368688931222));
#1354 = CARTESIAN_POINT('',(2.969681982609,-0.8,-1.581213358733));
#1355 = CARTESIAN_POINT('',(3.337785088907,-0.8,-1.793737786244));
#1356 = CARTESIAN_POINT('',(3.521836642057,-0.8,-1.9));
#1357 = CARTESIAN_POINT('',(0.46154173783,-0.8,-0.399804579912));
#1358 = CARTESIAN_POINT('',(0.645593290979,-0.8,-0.506066793667));
#1359 = CARTESIAN_POINT('',(1.013696397278,-0.8,-0.718591221178));
#1360 = CARTESIAN_POINT('',(1.381799503577,-0.8,-0.931115648689));
#1361 = CARTESIAN_POINT('',(1.749902609875,-0.8,-1.1436400762));
#1362 = CARTESIAN_POINT('',(2.118005716174,-0.8,-1.356164503711));
#1363 = CARTESIAN_POINT('',(2.486108822472,-0.8,-1.568688931222));
#1364 = CARTESIAN_POINT('',(2.854211928771,-0.8,-1.781213358733));
#1365 = CARTESIAN_POINT('',(3.222315035069,-0.8,-1.993737786244));
#1366 = CARTESIAN_POINT('',(3.406366588219,-0.8,-2.1));
#1367 = CARTESIAN_POINT('',(0.352999887222,-0.736,-0.587804579912));
#1368 = CARTESIAN_POINT('',(0.537051440372,-0.736,-0.694066793667));
#1369 = CARTESIAN_POINT('',(0.90515454667,-0.736,-0.906591221178));
#1370 = CARTESIAN_POINT('',(1.273257652969,-0.736,-1.119115648689));
#1371 = CARTESIAN_POINT('',(1.641360759267,-0.736,-1.3316400762));
#1372 = CARTESIAN_POINT('',(2.009463865566,-0.736,-1.544164503711));
#1373 = CARTESIAN_POINT('',(2.377566971865,-0.736,-1.756688931222));
#1374 = CARTESIAN_POINT('',(2.745670078163,-0.736,-1.969213358733));
#1375 = CARTESIAN_POINT('',(3.113773184462,-0.736,-2.181737786244));
#1376 = CARTESIAN_POINT('',(3.297824737611,-0.736,-2.288));
#1377 = CARTESIAN_POINT('',(0.262676645109,-0.622222222222,
    -0.744249024356));
#1378 = CARTESIAN_POINT('',(0.446728198258,-0.622222222222,
    -0.850511238112));
#1379 = CARTESIAN_POINT('',(0.814831304557,-0.622222222222,
    -1.063035665623));
#1380 = CARTESIAN_POINT('',(1.182934410856,-0.622222222222,
    -1.275560093134));
#1381 = CARTESIAN_POINT('',(1.551037517154,-0.622222222222,
    -1.488084520645));
#1382 = CARTESIAN_POINT('',(1.919140623453,-0.622222222222,
    -1.700608948156));
#1383 = CARTESIAN_POINT('',(2.287243729751,-0.622222222222,
    -1.913133375667));
#1384 = CARTESIAN_POINT('',(2.65534683605,-0.622222222222,
    -2.125657803178));
#1385 = CARTESIAN_POINT('',(3.023449942349,-0.622222222222,
    -2.338182230689));
#1386 = CARTESIAN_POINT('',(3.207501495498,-0.622222222222,
    -2.444444444444));
#1387 = CARTESIAN_POINT('',(0.195960614003,-0.48,-0.859804579912));
#1388 = CARTESIAN_POINT('',(0.380012167152,-0.48,-0.966066793667));
#1389 = CARTESIAN_POINT('',(0.748115273451,-0.48,-1.178591221178));
#1390 = CARTESIAN_POINT('',(1.116218379749,-0.48,-1.391115648689));
#1391 = CARTESIAN_POINT('',(1.484321486048,-0.48,-1.6036400762));
#1392 = CARTESIAN_POINT('',(1.852424592346,-0.48,-1.816164503711));
#1393 = CARTESIAN_POINT('',(2.220527698645,-0.48,-2.028688931222));
#1394 = CARTESIAN_POINT('',(2.588630804944,-0.48,-2.241213358733));
#1395 = CARTESIAN_POINT('',(2.956733911242,-0.48,-2.453737786244));
#1396 = CARTESIAN_POINT('',(3.140785464392,-0.48,-2.56));
#1397 = CARTESIAN_POINT('',(0.172866603235,-0.4,-0.899804579912));
#1398 = CARTESIAN_POINT('',(0.356918156385,-0.4,-1.006066793667));
#1399 = CARTESIAN_POINT('',(0.725021262683,-0.4,-1.218591221178));
#1400 = CARTESIAN_POINT('',(1.093124368982,-0.4,-1.431115648689));
#1401 = CARTESIAN_POINT('',(1.46122747528,-0.4,-1.6436400762));
#1402 = CARTESIAN_POINT('',(1.829330581579,-0.4,-1.856164503711));
#1403 = CARTESIAN_POINT('',(2.197433687877,-0.4,-2.068688931222));
#1404 = CARTESIAN_POINT('',(2.565536794176,-0.4,-2.281213358733));
#1405 = CARTESIAN_POINT('',(2.933639900475,-0.4,-2.493737786244));
#1406 = CARTESIAN_POINT('',(3.117691453624,-0.4,-2.6));
#1407 = CARTESIAN_POINT('',(0.149772592468,-0.32,-0.939804579912));
#1408 = CARTESIAN_POINT('',(0.333824145617,-0.32,-1.046066793667));
#1409 = CARTESIAN_POINT('',(0.701927251916,-0.32,-1.258591221178));
#1410 = CARTESIAN_POINT('',(1.070030358214,-0.32,-1.471115648689));
#1411 = CARTESIAN_POINT('',(1.438133464513,-0.32,-1.6836400762));
#1412 = CARTESIAN_POINT('',(1.806236570811,-0.32,-1.896164503711));
#1413 = CARTESIAN_POINT('',(2.17433967711,-0.32,-2.108688931222));
#1414 = CARTESIAN_POINT('',(2.542442783408,-0.32,-2.321213358733));
#1415 = CARTESIAN_POINT('',(2.910545889707,-0.32,-2.533737786244));
#1416 = CARTESIAN_POINT('',(3.094597442856,-0.32,-2.64));
#1417 = CARTESIAN_POINT('',(0.121546579307,-0.133333333333,
    -0.988693468801));
#1418 = CARTESIAN_POINT('',(0.305598132457,-0.133333333333,
    -1.094955682556));
#1419 = CARTESIAN_POINT('',(0.673701238755,-0.133333333333,
    -1.307480110067));
#1420 = CARTESIAN_POINT('',(1.041804345054,-0.133333333333,
    -1.520004537578));
#1421 = CARTESIAN_POINT('',(1.409907451352,-0.133333333333,
    -1.732528965089));
#1422 = CARTESIAN_POINT('',(1.778010557651,-0.133333333333,-1.9450533926
    ));
#1423 = CARTESIAN_POINT('',(2.14611366395,-0.133333333333,
    -2.157577820111));
#1424 = CARTESIAN_POINT('',(2.514216770248,-0.133333333333,
    -2.370102247622));
#1425 = CARTESIAN_POINT('',(2.882319876547,-0.133333333333,
    -2.582626675133));
#1426 = CARTESIAN_POINT('',(3.066371429696,-0.133333333333,
    -2.688888888889));
#1427 = CARTESIAN_POINT('',(0.117440977393,8.E-02,-0.995804579912));
#1428 = CARTESIAN_POINT('',(0.301492530542,8.E-02,-1.102066793667));
#1429 = CARTESIAN_POINT('',(0.669595636841,8.E-02,-1.314591221178));
#1430 = CARTESIAN_POINT('',(1.037698743139,8.E-02,-1.527115648689));
#1431 = CARTESIAN_POINT('',(1.405801849438,8.E-02,-1.7396400762));
#1432 = CARTESIAN_POINT('',(1.773904955737,8.E-02,-1.952164503711));
#1433 = CARTESIAN_POINT('',(2.142008062035,8.E-02,-2.164688931222));
#1434 = CARTESIAN_POINT('',(2.510111168334,8.E-02,-2.377213358733));
#1435 = CARTESIAN_POINT('',(2.878214274632,8.E-02,-2.589737786244));
#1436 = CARTESIAN_POINT('',(3.062265827782,8.E-02,-2.696));
#1437 = CARTESIAN_POINT('',(0.143999089776,0.3,-0.949804579912));
#1438 = CARTESIAN_POINT('',(0.328050642925,0.3,-1.056066793667));
#1439 = CARTESIAN_POINT('',(0.696153749224,0.3,-1.268591221178));
#1440 = CARTESIAN_POINT('',(1.064256855522,0.3,-1.481115648689));
#1441 = CARTESIAN_POINT('',(1.432359961821,0.3,-1.6936400762));
#1442 = CARTESIAN_POINT('',(1.800463068119,0.3,-1.906164503711));
#1443 = CARTESIAN_POINT('',(2.168566174418,0.3,-2.118688931222));
#1444 = CARTESIAN_POINT('',(2.536669280717,0.3,-2.331213358733));
#1445 = CARTESIAN_POINT('',(2.904772387015,0.3,-2.543737786244));
#1446 = CARTESIAN_POINT('',(3.088823940164,0.3,-2.65));
#1447 = CARTESIAN_POINT('',(0.201734116695,0.5,-0.849804579912));
#1448 = CARTESIAN_POINT('',(0.385785669844,0.5,-0.956066793667));
#1449 = CARTESIAN_POINT('',(0.753888776143,0.5,-1.168591221178));
#1450 = CARTESIAN_POINT('',(1.121991882441,0.5,-1.381115648689));
#1451 = CARTESIAN_POINT('',(1.49009498874,0.5,-1.5936400762));
#1452 = CARTESIAN_POINT('',(1.858198095038,0.5,-1.806164503711));
#1453 = CARTESIAN_POINT('',(2.226301201337,0.5,-2.018688931222));
#1454 = CARTESIAN_POINT('',(2.594404307636,0.5,-2.231213358733));
#1455 = CARTESIAN_POINT('',(2.962507413934,0.5,-2.443737786244));
#1456 = CARTESIAN_POINT('',(3.146558967083,0.5,-2.55));
#1457 = CARTESIAN_POINT('',(0.28371785492,0.656,-0.707804579912));
#1458 = CARTESIAN_POINT('',(0.467769408069,0.656,-0.814066793667));
#1459 = CARTESIAN_POINT('',(0.835872514368,0.656,-1.026591221178));
#1460 = CARTESIAN_POINT('',(1.203975620666,0.656,-1.239115648689));
#1461 = CARTESIAN_POINT('',(1.572078726965,0.656,-1.4516400762));
#1462 = CARTESIAN_POINT('',(1.940181833263,0.656,-1.664164503711));
#1463 = CARTESIAN_POINT('',(2.308284939562,0.656,-1.876688931222));
#1464 = CARTESIAN_POINT('',(2.67638804586,0.656,-2.089213358733));
#1465 = CARTESIAN_POINT('',(3.044491152159,0.656,-2.301737786244));
#1466 = CARTESIAN_POINT('',(3.228542705308,0.656,-2.408));
#1467 = CARTESIAN_POINT('',(0.378146698947,0.755555555556,
    -0.544249024356));
#1468 = CARTESIAN_POINT('',(0.562198252096,0.755555555556,
    -0.650511238112));
#1469 = CARTESIAN_POINT('',(0.930301358395,0.755555555556,
    -0.863035665623));
#1470 = CARTESIAN_POINT('',(1.298404464694,0.755555555556,
    -1.075560093134));
#1471 = CARTESIAN_POINT('',(1.666507570992,0.755555555556,
    -1.288084520645));
#1472 = CARTESIAN_POINT('',(2.034610677291,0.755555555556,
    -1.500608948156));
#1473 = CARTESIAN_POINT('',(2.402713783589,0.755555555556,
    -1.713133375667));
#1474 = CARTESIAN_POINT('',(2.770816889888,0.755555555556,
    -1.925657803178));
#1475 = CARTESIAN_POINT('',(3.138919996187,0.755555555556,
    -2.138182230689));
#1476 = CARTESIAN_POINT('',(3.322971549336,0.755555555556,
    -2.244444444444));
#1477 = CARTESIAN_POINT('',(0.473088743214,0.8,-0.379804579912));
#1478 = CARTESIAN_POINT('',(0.657140296363,0.8,-0.486066793667));
#1479 = CARTESIAN_POINT('',(1.025243402662,0.8,-0.698591221178));
#1480 = CARTESIAN_POINT('',(1.39334650896,0.8,-0.911115648689));
#1481 = CARTESIAN_POINT('',(1.761449615259,0.8,-1.1236400762));
#1482 = CARTESIAN_POINT('',(2.129552721557,0.8,-1.336164503711));
#1483 = CARTESIAN_POINT('',(2.497655827856,0.8,-1.548688931222));
#1484 = CARTESIAN_POINT('',(2.865758934155,0.8,-1.761213358733));
#1485 = CARTESIAN_POINT('',(3.233862040453,0.8,-1.973737786244));
#1486 = CARTESIAN_POINT('',(3.417913593603,0.8,-2.08));
#1487 = CARTESIAN_POINT('',(0.519276764749,0.8,-0.299804579912));
#1488 = CARTESIAN_POINT('',(0.703328317898,0.8,-0.406066793667));
#1489 = CARTESIAN_POINT('',(1.071431424197,0.8,-0.618591221178));
#1490 = CARTESIAN_POINT('',(1.439534530495,0.8,-0.831115648689));
#1491 = CARTESIAN_POINT('',(1.807637636794,0.8,-1.0436400762));
#1492 = CARTESIAN_POINT('',(2.175740743093,0.8,-1.256164503711));
#1493 = CARTESIAN_POINT('',(2.543843849391,0.8,-1.468688931222));
#1494 = CARTESIAN_POINT('',(2.91194695569,0.8,-1.681213358733));
#1495 = CARTESIAN_POINT('',(3.280050061988,0.8,-1.893737786244));
#1496 = CARTESIAN_POINT('',(3.464101615138,0.8,-2.));
#1497 = DEFINITIONAL_REPRESENTATION('',(#1498),#1507);
#1498 = B_SPLINE_CURVE_WITH_KNOTS('',7,(#1499,#1500,#1501,#1502,#1503,
    #1504,#1505,#1506),.UNSPECIFIED.,.F.,.F.,(8,8),(0.260485089841,
    0.893713700174),.PIECEWISE_BEZIER_KNOTS.);
#1499 = CARTESIAN_POINT('',(5.53324875146,1.228922969481));
#1500 = CARTESIAN_POINT('',(5.616091099691,1.199784299601));
#1501 = CARTESIAN_POINT('',(5.701715068924,1.158816314127));
#1502 = CARTESIAN_POINT('',(5.790288779288,1.105896737685));
#1503 = CARTESIAN_POINT('',(5.881997280085,1.041579763973));
#1504 = CARTESIAN_POINT('',(5.977045414187,0.967293138573));
#1505 = CARTESIAN_POINT('',(6.075661465678,0.885008659891));
#1506 = CARTESIAN_POINT('',(6.17810250756,0.796827998181));
#1507 = ( GEOMETRIC_REPRESENTATION_CONTEXT(2) 
PARAMETRIC_REPRESENTATION_CONTEXT() REPRESENTATION_CONTEXT('2D SPACE',''
  ) );
#1508 = ORIENTED_EDGE('',*,*,#1509,.T.);
#1509 = EDGE_CURVE('',#1196,#1510,#1512,.T.);
#1510 = VERTEX_POINT('',#1511);
#1511 = CARTESIAN_POINT('',(2.449293598295E-16,1.,-3.332050807569));
#1512 = SURFACE_CURVE('',#1513,(#1570,#1703),.PCURVE_S1.);
#1513 = B_SPLINE_CURVE_WITH_KNOTS('',7,(#1514,#1515,#1516,#1517,#1518,
    #1519,#1520,#1521,#1522,#1523,#1524,#1525,#1526,#1527,#1528,#1529,
    #1530,#1531,#1532,#1533,#1534,#1535,#1536,#1537,#1538,#1539,#1540,
    #1541,#1542,#1543,#1544,#1545,#1546,#1547,#1548,#1549,#1550,#1551,
    #1552,#1553,#1554,#1555,#1556,#1557,#1558,#1559,#1560,#1561,#1562,
    #1563,#1564,#1565,#1566,#1567,#1568,#1569),.UNSPECIFIED.,.F.,.F.,(8,
    6,6,6,6,6,6,6,6,8),(0.,0.15449976882,0.228342479982,0.271185569697,
    0.332112987652,0.462085218671,0.601789035544,0.830888446466,
    0.922071389965,1.),.UNSPECIFIED.);
#1514 = CARTESIAN_POINT('',(9.797174393179E-17,1.,-0.132050807569));
#1515 = CARTESIAN_POINT('',(8.560709671166E-02,1.,-0.132050807569));
#1516 = CARTESIAN_POINT('',(0.171244498734,0.991450271161,
    -0.138617345571));
#1517 = CARTESIAN_POINT('',(0.255285718373,0.974338064528,-0.15175458968
    ));
#1518 = CARTESIAN_POINT('',(0.336117313315,0.949172036042,
    -0.171739197527));
#1519 = CARTESIAN_POINT('',(0.412015090186,0.916947973043,
    -0.199059127834));
#1520 = CARTESIAN_POINT('',(0.481371940141,0.879587742319,
    -0.234562805307));
#1521 = CARTESIAN_POINT('',(0.572514949745,0.820645293204,
    -0.300974951636));
#1522 = CARTESIAN_POINT('',(0.600318028995,0.800953332436,
    -0.324668084971));
#1523 = CARTESIAN_POINT('',(0.626110256843,0.781035460215,
    -0.350592627361));
#1524 = CARTESIAN_POINT('',(0.649700935364,0.761327358309,
    -0.378744950486));
#1525 = CARTESIAN_POINT('',(0.671022383114,0.742237799999,
    -0.409102561164));
#1526 = CARTESIAN_POINT('',(0.690099177728,0.724109862939,
    -0.441619940546));
#1527 = CARTESIAN_POINT('',(0.716825512646,0.697390653333,
    -0.496295437622));
#1528 = CARTESIAN_POINT('',(0.725882015025,0.688018832221,
    -0.517013788826));
#1529 = CARTESIAN_POINT('',(0.734199581404,0.679138048845,
    -0.538341760922));
#1530 = CARTESIAN_POINT('',(0.74180240399,0.67078986316,-0.560234888307)
  );
#1531 = CARTESIAN_POINT('',(0.74871999583,0.66300422992,-0.582637927203)
  );
#1532 = CARTESIAN_POINT('',(0.75498588965,0.655798799968,-0.605484810844
    ));
#1533 = CARTESIAN_POINT('',(0.768671871727,0.639763056738,-0.66171108174
    ));
#1534 = CARTESIAN_POINT('',(0.775450652161,0.631545244038,-0.6954159078)
  );
#1535 = CARTESIAN_POINT('',(0.781117978699,0.624492134787,
    -0.729731306981));
#1536 = CARTESIAN_POINT('',(0.785797974687,0.618552281575,
    -0.764559669337));
#1537 = CARTESIAN_POINT('',(0.789597686341,0.613659898508,
    -0.799786738279));
#1538 = CARTESIAN_POINT('',(0.792611182977,0.609739321486,
    -0.835280798018));
#1539 = CARTESIAN_POINT('',(0.799856698069,0.600246093418,
    -0.946858469525));
#1540 = CARTESIAN_POINT('',(0.801634369488,0.597789928798,
    -1.023895314402));
#1541 = CARTESIAN_POINT('',(0.801053836415,0.598582787363,
    -1.101388502203));
#1542 = CARTESIAN_POINT('',(0.798599264778,0.601908200335,
    -1.178803036542));
#1543 = CARTESIAN_POINT('',(0.794604497608,0.607219091918,
    -1.255862324968));
#1544 = CARTESIAN_POINT('',(0.789266818656,0.614143041488,
    -1.332681901059));
#1545 = CARTESIAN_POINT('',(0.775489319451,0.631464788514,
    -1.492738163448));
#1546 = CARTESIAN_POINT('',(0.766865116019,0.64206134022,-1.575813965131
    ));
#1547 = CARTESIAN_POINT('',(0.756912863076,0.653910498065,
    -1.658642345695));
#1548 = CARTESIAN_POINT('',(0.745725143018,0.666729717483,
    -1.741024961353));
#1549 = CARTESIAN_POINT('',(0.733335410285,0.680328250082,
    -1.822950773252));
#1550 = CARTESIAN_POINT('',(0.71970852018,0.694597912291,-1.904572038815
    ));
#1551 = CARTESIAN_POINT('',(0.68012637946,0.733913594837,-2.120002642205
    ));
#1552 = CARTESIAN_POINT('',(0.652594771819,0.759284822369,
    -2.249799566339));
#1553 = CARTESIAN_POINT('',(0.621632705647,0.785523404449,
    -2.378485894245));
#1554 = CARTESIAN_POINT('',(0.58630714241,0.812804286538,-2.507634348123
    ));
#1555 = CARTESIAN_POINT('',(0.545593422463,0.84087165754,-2.636785037899
    ));
#1556 = CARTESIAN_POINT('',(0.498535113494,0.868976373622,
    -2.763216749022));
#1557 = CARTESIAN_POINT('',(0.422796389129,0.906544287683,
    -2.929468226917));
#1558 = CARTESIAN_POINT('',(0.400126011786,0.917034886018,
    -2.975566515368));
#1559 = CARTESIAN_POINT('',(0.375959100922,0.927411112753,-3.02088430628
    ));
#1560 = CARTESIAN_POINT('',(0.349930736154,0.937671729768,
    -3.065441644019));
#1561 = CARTESIAN_POINT('',(0.321709891771,0.947716543746,-3.10883050158
    ));
#1562 = CARTESIAN_POINT('',(0.291013535883,0.957342776114,
    -3.150218509183));
#1563 = CARTESIAN_POINT('',(0.229089153432,0.973853335784,
    -3.220942908591));
#1564 = CARTESIAN_POINT('',(0.197409013276,0.981247024834,
    -3.252503127297));
#1565 = CARTESIAN_POINT('',(0.162822737052,0.987979124044,
    -3.281132925549));
#1566 = CARTESIAN_POINT('',(0.125551852313,0.993618404297,
    -3.305042911869));
#1567 = CARTESIAN_POINT('',(8.582032749459E-02,0.997754002567,
    -3.322546283145));
#1568 = CARTESIAN_POINT('',(4.38739992855E-02,1.,-3.332050807569));
#1569 = CARTESIAN_POINT('',(1.959434878636E-16,1.,-3.332050807569));
#1570 = PCURVE('',#31,#1571);
#1571 = DEFINITIONAL_REPRESENTATION('',(#1572),#1702);
#1572 = B_SPLINE_CURVE_WITH_KNOTS('',8,(#1573,#1574,#1575,#1576,#1577,
    #1578,#1579,#1580,#1581,#1582,#1583,#1584,#1585,#1586,#1587,#1588,
    #1589,#1590,#1591,#1592,#1593,#1594,#1595,#1596,#1597,#1598,#1599,
    #1600,#1601,#1602,#1603,#1604,#1605,#1606,#1607,#1608,#1609,#1610,
    #1611,#1612,#1613,#1614,#1615,#1616,#1617,#1618,#1619,#1620,#1621,
    #1622,#1623,#1624,#1625,#1626,#1627,#1628,#1629,#1630,#1631,#1632,
    #1633,#1634,#1635,#1636,#1637,#1638,#1639,#1640,#1641,#1642,#1643,
    #1644,#1645,#1646,#1647,#1648,#1649,#1650,#1651,#1652,#1653,#1654,
    #1655,#1656,#1657,#1658,#1659,#1660,#1661,#1662,#1663,#1664,#1665,
    #1666,#1667,#1668,#1669,#1670,#1671,#1672,#1673,#1674,#1675,#1676,
    #1677,#1678,#1679,#1680,#1681,#1682,#1683,#1684,#1685,#1686,#1687,
    #1688,#1689,#1690,#1691,#1692,#1693,#1694,#1695,#1696,#1697,#1698,
    #1699,#1700,#1701),.UNSPECIFIED.,.F.,.F.,(9,8,8,8,8,8,8,8,8,8,8,8,8,
    8,8,8,9),(0.380872901186,0.458263788537,0.475193045146,
    0.540793914502,0.59819467519,0.60133377929,0.607562938988,
    0.803781469494,0.828308785807,0.849770187581,0.85446486922,
    0.856738855638,0.892554141728,0.919415606296,0.9219338686,
    0.926813001812,1.),.UNSPECIFIED.);
#1573 = CARTESIAN_POINT('',(3.160229933223,1.228922958795));
#1574 = CARTESIAN_POINT('',(3.182511199844,1.264031680121));
#1575 = CARTESIAN_POINT('',(3.20412486905,1.299527273406));
#1576 = CARTESIAN_POINT('',(3.225151985116,1.335328185912));
#1577 = CARTESIAN_POINT('',(3.245667379105,1.371372627744));
#1578 = CARTESIAN_POINT('',(3.265742709435,1.407621339155));
#1579 = CARTESIAN_POINT('',(3.285449502463,1.444060357855));
#1580 = CARTESIAN_POINT('',(3.304862193061,1.480703786311));
#1581 = CARTESIAN_POINT('',(3.32406116519,1.51759655906));
#1582 = CARTESIAN_POINT('',(3.328261026427,1.525667016054));
#1583 = CARTESIAN_POINT('',(3.33244965718,1.533747462097));
#1584 = CARTESIAN_POINT('',(3.336633279338,1.54184874252));
#1585 = CARTESIAN_POINT('',(3.340799743921,1.54994638449));
#1586 = CARTESIAN_POINT('',(3.344962267845,1.558064592813));
#1587 = CARTESIAN_POINT('',(3.349112237542,1.566185796335));
#1588 = CARTESIAN_POINT('',(3.353254134767,1.574317480291));
#1589 = CARTESIAN_POINT('',(3.357386931902,1.582456632517));
#1590 = CARTESIAN_POINT('',(3.373401513973,1.613996100463));
#1591 = CARTESIAN_POINT('',(3.389283096175,1.645653911526));
#1592 = CARTESIAN_POINT('',(3.405048014155,1.677401052233));
#1593 = CARTESIAN_POINT('',(3.420713252489,1.709213501799));
#1594 = CARTESIAN_POINT('',(3.436296444683,1.741072232126));
#1595 = CARTESIAN_POINT('',(3.451815873176,1.772963207799));
#1596 = CARTESIAN_POINT('',(3.467290469335,1.804877386092));
#1597 = CARTESIAN_POINT('',(3.48273981346,1.836810716964));
#1598 = CARTESIAN_POINT('',(3.496257974597,1.86475236042));
#1599 = CARTESIAN_POINT('',(3.509757293842,1.892708263299));
#1600 = CARTESIAN_POINT('',(3.523250781187,1.920675697873));
#1601 = CARTESIAN_POINT('',(3.536752433844,1.948654369521));
#1602 = CARTESIAN_POINT('',(3.550277236247,1.976646416729));
#1603 = CARTESIAN_POINT('',(3.563841160052,2.00465641109));
#1604 = CARTESIAN_POINT('',(3.577461164138,2.032691357303));
#1605 = CARTESIAN_POINT('',(3.591155194603,2.060760693176));
#1606 = CARTESIAN_POINT('',(3.591904082179,2.062295725866));
#1607 = CARTESIAN_POINT('',(3.592653201175,2.0638308654));
#1608 = CARTESIAN_POINT('',(3.593402551591,2.065366111779));
#1609 = CARTESIAN_POINT('',(3.594152133428,2.066901465002));
#1610 = CARTESIAN_POINT('',(3.594901946684,2.068436925069));
#1611 = CARTESIAN_POINT('',(3.595651991361,2.069972491981));
#1612 = CARTESIAN_POINT('',(3.596402267458,2.071508165738));
#1613 = CARTESIAN_POINT('',(3.597152774976,2.073043946339));
#1614 = CARTESIAN_POINT('',(3.598642165909,2.076091688381));
#1615 = CARTESIAN_POINT('',(3.600132404104,2.079139663635));
#1616 = CARTESIAN_POINT('',(3.601622005599,2.082184802346));
#1617 = CARTESIAN_POINT('',(3.603111417212,2.085227985935));
#1618 = CARTESIAN_POINT('',(3.604601158338,2.088270244332));
#1619 = CARTESIAN_POINT('',(3.606091067953,2.091311215019));
#1620 = CARTESIAN_POINT('',(3.607580656798,2.094349863774));
#1621 = CARTESIAN_POINT('',(3.609070564779,2.097387467117));
#1622 = CARTESIAN_POINT('',(3.656001302115,2.193069149823));
#1623 = CARTESIAN_POINT('',(3.703027591223,2.287261254842));
#1624 = CARTESIAN_POINT('',(3.751110562896,2.380897509177));
#1625 = CARTESIAN_POINT('',(3.801078350076,2.474614047273));
#1626 = CARTESIAN_POINT('',(3.853712977014,2.568593230233));
#1627 = CARTESIAN_POINT('',(3.909787751129,2.66247669982));
#1628 = CARTESIAN_POINT('',(3.97012581222,2.755333749925));
#1629 = CARTESIAN_POINT('',(4.035750493725,2.845671098207));
#1630 = CARTESIAN_POINT('',(4.043953578624,2.856963266484));
#1631 = CARTESIAN_POINT('',(4.052239277395,2.868216065128));
#1632 = CARTESIAN_POINT('',(4.060609578737,2.879426576561));
#1633 = CARTESIAN_POINT('',(4.069066531383,2.890591746716));
#1634 = CARTESIAN_POINT('',(4.077612244103,2.901708385029));
#1635 = CARTESIAN_POINT('',(4.0862488857,2.912773164447));
#1636 = CARTESIAN_POINT('',(4.094978685017,2.923782621422));
#1637 = CARTESIAN_POINT('',(4.10380393093,2.934733155915));
#1638 = CARTESIAN_POINT('',(4.111525929546,2.944314764917));
#1639 = CARTESIAN_POINT('',(4.119322298914,2.953852794989));
#1640 = CARTESIAN_POINT('',(4.127187373596,2.963336138074));
#1641 = CARTESIAN_POINT('',(4.135135943605,2.972778564046));
#1642 = CARTESIAN_POINT('',(4.143173197913,2.982181236436));
#1643 = CARTESIAN_POINT('',(4.151301422558,2.991541087616));
#1644 = CARTESIAN_POINT('',(4.159531525429,3.000865187313));
#1645 = CARTESIAN_POINT('',(4.167867459828,3.010151238305));
#1646 = CARTESIAN_POINT('',(4.16969096317,3.012182581489));
#1647 = CARTESIAN_POINT('',(4.171519559064,3.014212144135));
#1648 = CARTESIAN_POINT('',(4.173353314202,3.016239930139));
#1649 = CARTESIAN_POINT('',(4.175192295276,3.018265943398));
#1650 = CARTESIAN_POINT('',(4.177036568977,3.020290187807));
#1651 = CARTESIAN_POINT('',(4.178886201995,3.022312667263));
#1652 = CARTESIAN_POINT('',(4.180741261023,3.024333385662));
#1653 = CARTESIAN_POINT('',(4.182601812752,3.026352346899));
#1654 = CARTESIAN_POINT('',(4.183502943867,3.027330279978));
#1655 = CARTESIAN_POINT('',(4.184405634996,3.028307799751));
#1656 = CARTESIAN_POINT('',(4.185309378531,3.029284906243));
#1657 = CARTESIAN_POINT('',(4.186214266039,3.030261599395));
#1658 = CARTESIAN_POINT('',(4.187120619842,3.03123787907));
#1659 = CARTESIAN_POINT('',(4.188028624588,3.032213745048));
#1660 = CARTESIAN_POINT('',(4.18893795883,3.033189197025));
#1661 = CARTESIAN_POINT('',(4.189847426604,3.034164234622));
#1662 = CARTESIAN_POINT('',(4.204171427586,3.049521074444));
#1663 = CARTESIAN_POINT('',(4.218602325575,3.064775128103));
#1664 = CARTESIAN_POINT('',(4.233157438566,3.07992489236));
#1665 = CARTESIAN_POINT('',(4.247852436286,3.09496387512));
#1666 = CARTESIAN_POINT('',(4.26270134019,3.109880595424));
#1667 = CARTESIAN_POINT('',(4.277716523471,3.124658583455));
#1668 = CARTESIAN_POINT('',(4.292908711048,3.139276380535));
#1669 = CARTESIAN_POINT('',(4.308286979577,3.153707539124));
#1670 = CARTESIAN_POINT('',(4.319820730521,3.16453090899));
#1671 = CARTESIAN_POINT('',(4.331459362684,3.175249301561));
#1672 = CARTESIAN_POINT('',(4.343206781002,3.185851560042));
#1673 = CARTESIAN_POINT('',(4.355066569156,3.196324956312));
#1674 = CARTESIAN_POINT('',(4.367041989572,3.206655190922));
#1675 = CARTESIAN_POINT('',(4.379135983421,3.216826393096));
#1676 = CARTESIAN_POINT('',(4.391351170621,3.226821120731));
#1677 = CARTESIAN_POINT('',(4.403689849833,3.236620360395));
#1678 = CARTESIAN_POINT('',(4.404846596281,3.237539094876));
#1679 = CARTESIAN_POINT('',(4.406004434472,3.238456063693));
#1680 = CARTESIAN_POINT('',(4.407163364407,3.239371266846));
#1681 = CARTESIAN_POINT('',(4.408323386086,3.240284704337));
#1682 = CARTESIAN_POINT('',(4.409484499509,3.241196376163));
#1683 = CARTESIAN_POINT('',(4.410646704675,3.242106282327));
#1684 = CARTESIAN_POINT('',(4.411810001585,3.243014422826));
#1685 = CARTESIAN_POINT('',(4.412974390238,3.243920797663));
#1686 = CARTESIAN_POINT('',(4.41522983129,3.245676341999));
#1687 = CARTESIAN_POINT('',(4.417493447416,3.247428244324));
#1688 = CARTESIAN_POINT('',(4.419766793636,3.249177508794));
#1689 = CARTESIAN_POINT('',(4.422049232821,3.250923431569));
#1690 = CARTESIAN_POINT('',(4.424340102302,3.252665288551));
#1691 = CARTESIAN_POINT('',(4.426639567357,3.254403000228));
#1692 = CARTESIAN_POINT('',(4.428948161607,3.25613677365));
#1693 = CARTESIAN_POINT('',(4.431265014302,3.257865721515));
#1694 = CARTESIAN_POINT('',(4.466018701446,3.283800621726));
#1695 = CARTESIAN_POINT('',(4.502695826802,3.308700645592));
#1696 = CARTESIAN_POINT('',(4.540976249296,3.33161121747));
#1697 = CARTESIAN_POINT('',(4.580615610228,3.351617760302));
#1698 = CARTESIAN_POINT('',(4.621435583872,3.367844420536));
#1699 = CARTESIAN_POINT('',(4.663314128082,3.379452793046));
#1700 = CARTESIAN_POINT('',(4.706175734889,3.385640646055));
#1701 = CARTESIAN_POINT('',(4.749981681104,3.385640646055));
#1702 = ( GEOMETRIC_REPRESENTATION_CONTEXT(2) 
PARAMETRIC_REPRESENTATION_CONTEXT() REPRESENTATION_CONTEXT('2D SPACE',''
  ) );
#1703 = PCURVE('',#461,#1704);
#1704 = DEFINITIONAL_REPRESENTATION('',(#1705),#1819);
#1705 = B_SPLINE_CURVE_WITH_KNOTS('',8,(#1706,#1707,#1708,#1709,#1710,
    #1711,#1712,#1713,#1714,#1715,#1716,#1717,#1718,#1719,#1720,#1721,
    #1722,#1723,#1724,#1725,#1726,#1727,#1728,#1729,#1730,#1731,#1732,
    #1733,#1734,#1735,#1736,#1737,#1738,#1739,#1740,#1741,#1742,#1743,
    #1744,#1745,#1746,#1747,#1748,#1749,#1750,#1751,#1752,#1753,#1754,
    #1755,#1756,#1757,#1758,#1759,#1760,#1761,#1762,#1763,#1764,#1765,
    #1766,#1767,#1768,#1769,#1770,#1771,#1772,#1773,#1774,#1775,#1776,
    #1777,#1778,#1779,#1780,#1781,#1782,#1783,#1784,#1785,#1786,#1787,
    #1788,#1789,#1790,#1791,#1792,#1793,#1794,#1795,#1796,#1797,#1798,
    #1799,#1800,#1801,#1802,#1803,#1804,#1805,#1806,#1807,#1808,#1809,
    #1810,#1811,#1812,#1813,#1814,#1815,#1816,#1817,#1818),
  .UNSPECIFIED.,.F.,.F.,(9,8,8,8,8,8,8,8,8,8,8,8,8,8,9),(0.380872901186,
    0.458263788537,0.475193045146,0.540793914502,0.59819467519,
    0.60133377929,0.607562938988,0.803781469494,0.828308785807,
    0.849770187581,0.887327640686,0.915495730515,0.920777247357,
    0.923252958377,1.),.UNSPECIFIED.);
#1706 = CARTESIAN_POINT('',(5.345113790732,2.927502149568));
#1707 = CARTESIAN_POINT('',(5.345726179759,2.88727275758));
#1708 = CARTESIAN_POINT('',(5.347155896852,2.847011253497));
#1709 = CARTESIAN_POINT('',(5.349313111619,2.80676501326));
#1710 = CARTESIAN_POINT('',(5.352120833904,2.766564096855));
#1711 = CARTESIAN_POINT('',(5.355515145635,2.726418395029));
#1712 = CARTESIAN_POINT('',(5.359445432678,2.686314776002));
#1713 = CARTESIAN_POINT('',(5.363874616696,2.646214232186));
#1714 = CARTESIAN_POINT('',(5.368779386998,2.606049026897));
#1715 = CARTESIAN_POINT('',(5.369852333617,2.597262708225));
#1716 = CARTESIAN_POINT('',(5.370947778079,2.588475404118));
#1717 = CARTESIAN_POINT('',(5.372066885117,2.57967512215));
#1718 = CARTESIAN_POINT('',(5.373206096061,2.570888306858));
#1719 = CARTESIAN_POINT('',(5.374368299206,2.562088395702));
#1720 = CARTESIAN_POINT('',(5.37555091572,2.553294346559));
#1721 = CARTESIAN_POINT('',(5.376754629033,2.544497810131));
#1722 = CARTESIAN_POINT('',(5.377978781218,2.535701887688));
#1723 = CARTESIAN_POINT('',(5.38272238705,2.501617416165));
#1724 = CARTESIAN_POINT('',(5.387773722717,2.467535386619));
#1725 = CARTESIAN_POINT('',(5.393113093297,2.433476730607));
#1726 = CARTESIAN_POINT('',(5.398723396613,2.399457839609));
#1727 = CARTESIAN_POINT('',(5.404590123234,2.36549056502));
#1728 = CARTESIAN_POINT('',(5.410701356473,2.331582218157));
#1729 = CARTESIAN_POINT('',(5.417047772389,2.297735570251));
#1730 = CARTESIAN_POINT('',(5.423622639786,2.263948852455));
#1731 = CARTESIAN_POINT('',(5.429375638978,2.234385506989));
#1732 = CARTESIAN_POINT('',(5.435303594357,2.204868424843));
#1733 = CARTESIAN_POINT('',(5.441401960457,2.175396473487));
#1734 = CARTESIAN_POINT('',(5.447667770467,2.145966315292));
#1735 = CARTESIAN_POINT('',(5.454099636238,2.116572407533));
#1736 = CARTESIAN_POINT('',(5.460697748277,2.087207002389));
#1737 = CARTESIAN_POINT('',(5.467463875751,2.05786014694));
#1738 = CARTESIAN_POINT('',(5.474401366486,2.02851968317));
#1739 = CARTESIAN_POINT('',(5.474780759329,2.026915136633));
#1740 = CARTESIAN_POINT('',(5.475160666558,2.025310603768));
#1741 = CARTESIAN_POINT('',(5.475541088175,2.023706084574));
#1742 = CARTESIAN_POINT('',(5.475922024178,2.022101579051));
#1743 = CARTESIAN_POINT('',(5.476303474569,2.0204970872));
#1744 = CARTESIAN_POINT('',(5.476685439347,2.01889260902));
#1745 = CARTESIAN_POINT('',(5.477067918511,2.017288144511));
#1746 = CARTESIAN_POINT('',(5.477450912063,2.015683693674));
#1747 = CARTESIAN_POINT('',(5.478210960522,2.012499673535));
#1748 = CARTESIAN_POINT('',(5.47897299157,2.009315898966));
#1749 = CARTESIAN_POINT('',(5.47973623691,2.006135572912));
#1750 = CARTESIAN_POINT('',(5.480500913867,2.002957770565));
#1751 = CARTESIAN_POINT('',(5.481267277035,1.999781412038));
#1752 = CARTESIAN_POINT('',(5.482035233971,1.99660687222));
#1753 = CARTESIAN_POINT('',(5.482804524923,1.993435227806));
#1754 = CARTESIAN_POINT('',(5.483575466606,1.990265141495));
#1755 = CARTESIAN_POINT('',(5.507859548243,1.890410358263));
#1756 = CARTESIAN_POINT('',(5.533668049755,1.79257416916));
#1757 = CARTESIAN_POINT('',(5.561185720835,1.695665022036));
#1758 = CARTESIAN_POINT('',(5.590726018733,1.598967505949));
#1759 = CARTESIAN_POINT('',(5.622645997925,1.502256101866));
#1760 = CARTESIAN_POINT('',(5.657304994238,1.405865413021));
#1761 = CARTESIAN_POINT('',(5.695067103435,1.310716874926));
#1762 = CARTESIAN_POINT('',(5.736347454256,1.218301945031));
#1763 = CARTESIAN_POINT('',(5.741507483642,1.2067500808));
#1764 = CARTESIAN_POINT('',(5.746722477564,1.195240929447));
#1765 = CARTESIAN_POINT('',(5.751993239967,1.183777405887));
#1766 = CARTESIAN_POINT('',(5.757320588752,1.172362563133));
#1767 = CARTESIAN_POINT('',(5.762705355771,1.160999592292));
#1768 = CARTESIAN_POINT('',(5.768148386836,1.14969182257));
#1769 = CARTESIAN_POINT('',(5.773650541709,1.138442721269));
#1770 = CARTESIAN_POINT('',(5.779212694112,1.127255893791));
#1771 = CARTESIAN_POINT('',(5.784079519067,1.117467530788));
#1772 = CARTESIAN_POINT('',(5.788993091164,1.107725278562));
#1773 = CARTESIAN_POINT('',(5.793949460819,1.098040438336));
#1774 = CARTESIAN_POINT('',(5.79895755359,1.088398893945));
#1775 = CARTESIAN_POINT('',(5.80402022112,1.078799414818));
#1776 = CARTESIAN_POINT('',(5.809138458922,1.069245096886));
#1777 = CARTESIAN_POINT('',(5.814318664867,1.059728678974));
#1778 = CARTESIAN_POINT('',(5.819562812214,1.050252472248));
#1779 = CARTESIAN_POINT('',(5.828740128688,1.033668938091));
#1780 = CARTESIAN_POINT('',(5.838114497754,1.017206190619));
#1781 = CARTESIAN_POINT('',(5.847704520779,1.000860104043));
#1782 = CARTESIAN_POINT('',(5.857528594765,0.984632701973));
#1783 = CARTESIAN_POINT('',(5.867604912349,0.968532157414));
#1784 = CARTESIAN_POINT('',(5.877951461801,0.952572792766));
#1785 = CARTESIAN_POINT('',(5.888586027027,0.936775079826));
#1786 = CARTESIAN_POINT('',(5.899526187569,0.921165639787));
#1787 = CARTESIAN_POINT('',(5.907731319774,0.909458555197));
#1788 = CARTESIAN_POINT('',(5.916108437803,0.89785735519));
#1789 = CARTESIAN_POINT('',(5.924664967248,0.886373263462));
#1790 = CARTESIAN_POINT('',(5.933408360972,0.87501943143));
#1791 = CARTESIAN_POINT('',(5.94234609911,0.863810938231));
#1792 = CARTESIAN_POINT('',(5.951485689068,0.852764790724));
#1793 = CARTESIAN_POINT('',(5.960834665525,0.841899923489));
#1794 = CARTESIAN_POINT('',(5.970400590429,0.831237198825));
#1795 = CARTESIAN_POINT('',(5.97219420408,0.829237941817));
#1796 = CARTESIAN_POINT('',(5.973995445826,0.827245784062));
#1797 = CARTESIAN_POINT('',(5.975804366177,0.825260868959));
#1798 = CARTESIAN_POINT('',(5.977621015649,0.823283339908));
#1799 = CARTESIAN_POINT('',(5.979445444752,0.82131334031));
#1800 = CARTESIAN_POINT('',(5.981277703999,0.819351013564));
#1801 = CARTESIAN_POINT('',(5.983117843904,0.81739650307));
#1802 = CARTESIAN_POINT('',(5.98496591498,0.815449952228));
#1803 = CARTESIAN_POINT('',(5.985832287759,0.814537416121));
#1804 = CARTESIAN_POINT('',(5.98669972432,0.813627333257));
#1805 = CARTESIAN_POINT('',(5.987570975492,0.812716874561));
#1806 = CARTESIAN_POINT('',(5.988441205398,0.811811079341));
#1807 = CARTESIAN_POINT('',(5.989313354531,0.810906902852));
#1808 = CARTESIAN_POINT('',(5.990190844041,0.810000824235));
#1809 = CARTESIAN_POINT('',(5.99106961336,0.809097121618));
#1810 = CARTESIAN_POINT('',(5.991951483276,0.808193921229));
#1811 = CARTESIAN_POINT('',(6.01928834786,0.780195905556));
#1812 = CARTESIAN_POINT('',(6.049251707164,0.753052044535));
#1813 = CARTESIAN_POINT('',(6.081770239805,0.727892637749));
#1814 = CARTESIAN_POINT('',(6.116815708675,0.705796132116));
#1815 = CARTESIAN_POINT('',(6.154402517248,0.68779190718));
#1816 = CARTESIAN_POINT('',(6.194587265892,0.674863060398));
#1817 = CARTESIAN_POINT('',(6.237468308176,0.667949192431));
#1818 = CARTESIAN_POINT('',(6.28318530718,0.667949192431));
#1819 = ( GEOMETRIC_REPRESENTATION_CONTEXT(2) 
PARAMETRIC_REPRESENTATION_CONTEXT() REPRESENTATION_CONTEXT('2D SPACE',''
  ) );
#1820 = ORIENTED_EDGE('',*,*,#1821,.T.);
#1821 = EDGE_CURVE('',#1510,#22,#1822,.T.);
#1822 = SURFACE_CURVE('',#1823,(#1856,#1964),.PCURVE_S1.);
#1823 = B_SPLINE_CURVE_WITH_KNOTS('',7,(#1824,#1825,#1826,#1827,#1828,
    #1829,#1830,#1831,#1832,#1833,#1834,#1835,#1836,#1837,#1838,#1839,
    #1840,#1841,#1842,#1843,#1844,#1845,#1846,#1847,#1848,#1849,#1850,
    #1851,#1852,#1853,#1854,#1855),.UNSPECIFIED.,.F.,.F.,(8,6,6,6,6,8),(
    0.,0.144991447021,0.308422884333,0.63481142376,0.900496164727,1.),
  .UNSPECIFIED.);
#1824 = CARTESIAN_POINT('',(1.110223024625E-16,1.,-3.332050807569));
#1825 = CARTESIAN_POINT('',(-5.186546575218E-02,1.,-3.332050807569));
#1826 = CARTESIAN_POINT('',(-0.100606785884,0.996861508092,
    -3.318768880769));
#1827 = CARTESIAN_POINT('',(-0.14595872911,0.991265800674,
    -3.295086246704));
#1828 = CARTESIAN_POINT('',(-0.187772831627,0.983864353474,
    -3.263678238032));
#1829 = CARTESIAN_POINT('',(-0.225977116041,0.975261064025,
    -3.227020467207));
#1830 = CARTESIAN_POINT('',(-0.2605448158,0.966002950741,-3.187391140272
    ));
#1831 = CARTESIAN_POINT('',(-0.326332722466,0.945957211642,
    -3.101194361437));
#1832 = CARTESIAN_POINT('',(-0.358242931318,0.934614215156,
    -3.052190195486));
#1833 = CARTESIAN_POINT('',(-0.387452687836,0.922892712654,
    -3.001255705858));
#1834 = CARTESIAN_POINT('',(-0.414285091597,0.911013045939,
    -2.949290119506));
#1835 = CARTESIAN_POINT('',(-0.439113385746,0.899074147243,
    -2.896690510244));
#1836 = CARTESIAN_POINT('',(-0.462342400724,0.887059682485,
    -2.843348321049));
#1837 = CARTESIAN_POINT('',(-0.528434520635,0.85046521952,
    -2.679397434298));
#1838 = CARTESIAN_POINT('',(-0.56736895835,0.825528222683,
    -2.565739888595));
#1839 = CARTESIAN_POINT('',(-0.601734886767,0.800756192552,
    -2.450296224978));
#1840 = CARTESIAN_POINT('',(-0.632143474762,0.77658619486,
    -2.334528751436));
#1841 = CARTESIAN_POINT('',(-0.659220925508,0.753198687532,
    -2.218679653773));
#1842 = CARTESIAN_POINT('',(-0.683514090597,0.730585462653,
    -2.101938959901));
#1843 = CARTESIAN_POINT('',(-0.723078640732,0.69121959887,
    -1.885915409022));
#1844 = CARTESIAN_POINT('',(-0.738885390506,0.674459587709,
    -1.789074077259));
#1845 = CARTESIAN_POINT('',(-0.75297955389,0.658671938738,-1.69178704558
    ));
#1846 = CARTESIAN_POINT('',(-0.765395574227,0.644049474574,
    -1.593804183089));
#1847 = CARTESIAN_POINT('',(-0.776047729552,0.630948377729,
    -1.495173975137));
#1848 = CARTESIAN_POINT('',(-0.784736994594,0.619915745089,
    -1.396251717359));
#1849 = CARTESIAN_POINT('',(-0.793461980401,0.608632228468,
    -1.260803102662));
#1850 = CARTESIAN_POINT('',(-0.795514519374,0.605949128586,
    -1.223894032116));
#1851 = CARTESIAN_POINT('',(-0.797224013084,0.603694048894,
    -1.186962527754));
#1852 = CARTESIAN_POINT('',(-0.798565095341,0.601913066798,
    -1.150006405057));
#1853 = CARTESIAN_POINT('',(-0.799504456427,0.600660876373,
    -1.113040869557));
#1854 = CARTESIAN_POINT('',(-0.8,0.6,-1.07609870884));
#1855 = CARTESIAN_POINT('',(-0.8,0.6,-1.039230484541));
#1856 = PCURVE('',#31,#1857);
#1857 = DEFINITIONAL_REPRESENTATION('',(#1858),#1963);
#1858 = B_SPLINE_CURVE_WITH_KNOTS('',7,(#1859,#1860,#1861,#1862,#1863,
    #1864,#1865,#1866,#1867,#1868,#1869,#1870,#1871,#1872,#1873,#1874,
    #1875,#1876,#1877,#1878,#1879,#1880,#1881,#1882,#1883,#1884,#1885,
    #1886,#1887,#1888,#1889,#1890,#1891,#1892,#1893,#1894,#1895,#1896,
    #1897,#1898,#1899,#1900,#1901,#1902,#1903,#1904,#1905,#1906,#1907,
    #1908,#1909,#1910,#1911,#1912,#1913,#1914,#1915,#1916,#1917,#1918,
    #1919,#1920,#1921,#1922,#1923,#1924,#1925,#1926,#1927,#1928,#1929,
    #1930,#1931,#1932,#1933,#1934,#1935,#1936,#1937,#1938,#1939,#1940,
    #1941,#1942,#1943,#1944,#1945,#1946,#1947,#1948,#1949,#1950,#1951,
    #1952,#1953,#1954,#1955,#1956,#1957,#1958,#1959,#1960,#1961,#1962),
  .UNSPECIFIED.,.F.,.F.,(8,6,6,7,7,7,7,7,7,7,7,7,7,7,7,8),(0.,0.125,
    0.138671875,0.145401000977,0.252225875854,0.298961758614,
    0.309915481135,0.482436610851,0.611827458139,0.623957850072,
    0.635709167257,0.817854583629,0.863390937721,0.897543203291,
    0.923157402468,1.),.UNSPECIFIED.);
#1859 = CARTESIAN_POINT('',(4.749981681104,3.385640646055));
#1860 = CARTESIAN_POINT('',(4.804310093281,3.385640646055));
#1861 = CARTESIAN_POINT('',(4.854868495573,3.375925073662));
#1862 = CARTESIAN_POINT('',(4.902071305025,3.358311057883));
#1863 = CARTESIAN_POINT('',(4.946172756793,3.334508997914));
#1864 = CARTESIAN_POINT('',(4.987322164862,3.306120873269));
#1865 = CARTESIAN_POINT('',(5.025594168806,3.274638924092));
#1866 = CARTESIAN_POINT('',(5.064865817518,3.237814067464));
#1867 = CARTESIAN_POINT('',(5.068703331815,3.234162981329));
#1868 = CARTESIAN_POINT('',(5.072506500419,3.23049321923));
#1869 = CARTESIAN_POINT('',(5.076275314292,3.22680655714));
#1870 = CARTESIAN_POINT('',(5.080009764394,3.22310477103));
#1871 = CARTESIAN_POINT('',(5.083709841687,3.219389636873));
#1872 = CARTESIAN_POINT('',(5.089179827675,3.213828594337));
#1873 = CARTESIAN_POINT('',(5.090975089202,3.211992180797));
#1874 = CARTESIAN_POINT('',(5.092764522,3.210150519484));
#1875 = CARTESIAN_POINT('',(5.094540368023,3.208311995735));
#1876 = CARTESIAN_POINT('',(5.096314891882,3.206463876497));
#1877 = CARTESIAN_POINT('',(5.098074821177,3.204620358854));
#1878 = CARTESIAN_POINT('',(5.099830117983,3.202771136916));
#1879 = CARTESIAN_POINT('',(5.12769738001,3.173412669655));
#1880 = CARTESIAN_POINT('',(5.154337879153,3.142675834936));
#1881 = CARTESIAN_POINT('',(5.179854079957,3.110945379466));
#1882 = CARTESIAN_POINT('',(5.204348324653,3.078515846657));
#1883 = CARTESIAN_POINT('',(5.227927903852,3.04559149897));
#1884 = CARTESIAN_POINT('',(5.250710127235,3.012286240264));
#1885 = CARTESIAN_POINT('',(5.272827394245,2.978623538142));
#1886 = CARTESIAN_POINT('',(5.282503673113,2.963896107177));
#1887 = CARTESIAN_POINT('',(5.292052708358,2.949100264704));
#1888 = CARTESIAN_POINT('',(5.301485471027,2.934237977619));
#1889 = CARTESIAN_POINT('',(5.310813576932,2.919307906519));
#1890 = CARTESIAN_POINT('',(5.320049286651,2.904305405697));
#1891 = CARTESIAN_POINT('',(5.329205505528,2.889222523152));
#1892 = CARTESIAN_POINT('',(5.338295783674,2.874048000578));
#1893 = CARTESIAN_POINT('',(5.340426271177,2.87049155734));
#1894 = CARTESIAN_POINT('',(5.342553352169,2.866929718642));
#1895 = CARTESIAN_POINT('',(5.344676723737,2.863363152774));
#1896 = CARTESIAN_POINT('',(5.346796772201,2.859791350974));
#1897 = CARTESIAN_POINT('',(5.348914016873,2.856213572441));
#1898 = CARTESIAN_POINT('',(5.351028553824,2.852629789347));
#1899 = CARTESIAN_POINT('',(5.353139499647,2.849041631859));
#1900 = CARTESIAN_POINT('',(5.386386425893,2.792529040832));
#1901 = CARTESIAN_POINT('',(5.418768336482,2.734888341291));
#1902 = CARTESIAN_POINT('',(5.450386341161,2.676506771212));
#1903 = CARTESIAN_POINT('',(5.481340122149,2.617678536545));
#1904 = CARTESIAN_POINT('',(5.511734773732,2.558608450284));
#1905 = CARTESIAN_POINT('',(5.541687641864,2.499415571538));
#1906 = CARTESIAN_POINT('',(5.571335163751,2.440136844594));
#1907 = CARTESIAN_POINT('',(5.593570804612,2.395677929979));
#1908 = CARTESIAN_POINT('',(5.615634544068,2.351170960212));
#1909 = CARTESIAN_POINT('',(5.637584049812,2.306632708349));
#1910 = CARTESIAN_POINT('',(5.659482502152,2.262054382887));
#1911 = CARTESIAN_POINT('',(5.6814006836,2.21740502444));
#1912 = CARTESIAN_POINT('',(5.703419068462,2.172634902424));
#1913 = CARTESIAN_POINT('',(5.725629912422,2.127678911731));
#1914 = CARTESIAN_POINT('',(5.727712181947,2.123464289265));
#1915 = CARTESIAN_POINT('',(5.729796141931,2.119248036643));
#1916 = CARTESIAN_POINT('',(5.731881870597,2.115030098364));
#1917 = CARTESIAN_POINT('',(5.733969446168,2.110810418928));
#1918 = CARTESIAN_POINT('',(5.736058946866,2.106588942832));
#1919 = CARTESIAN_POINT('',(5.738150450915,2.102365614577));
#1920 = CARTESIAN_POINT('',(5.740244036535,2.09814037866));
#1921 = CARTESIAN_POINT('',(5.742272255969,2.09404706499));
#1922 = CARTESIAN_POINT('',(5.744302089415,2.089952645194));
#1923 = CARTESIAN_POINT('',(5.746334733155,2.085854809045));
#1924 = CARTESIAN_POINT('',(5.748368774604,2.081756491035));
#1925 = CARTESIAN_POINT('',(5.750404694709,2.077656820622));
#1926 = CARTESIAN_POINT('',(5.7524442353,2.073552393985));
#1927 = CARTESIAN_POINT('',(5.75448463142,2.06944886729));
#1928 = CARTESIAN_POINT('',(5.786109305074,2.005847128468));
#1929 = CARTESIAN_POINT('',(5.817923385028,1.942493830291));
#1930 = CARTESIAN_POINT('',(5.850165674713,1.87924984334));
#1931 = CARTESIAN_POINT('',(5.883053624135,1.816046046538));
#1932 = CARTESIAN_POINT('',(5.916802437596,1.752886675211));
#1933 = CARTESIAN_POINT('',(5.95164418141,1.689852669152));
#1934 = CARTESIAN_POINT('',(5.987846891629,1.627105020683));
#1935 = CARTESIAN_POINT('',(5.996897570283,1.611418105416));
#1936 = CARTESIAN_POINT('',(6.006033338485,1.59574908637));
#1937 = CARTESIAN_POINT('',(6.015258361498,1.580100473284));
#1938 = CARTESIAN_POINT('',(6.024576989371,1.564475091725));
#1939 = CARTESIAN_POINT('',(6.033993756937,1.548876083092));
#1940 = CARTESIAN_POINT('',(6.043513383818,1.533306904615));
#1941 = CARTESIAN_POINT('',(6.05314077442,1.517771329351));
#1942 = CARTESIAN_POINT('',(6.060361319986,1.50611964822));
#1943 = CARTESIAN_POINT('',(6.067642499338,1.494486870451));
#1944 = CARTESIAN_POINT('',(6.0749863861,1.482874588492));
#1945 = CARTESIAN_POINT('',(6.082395137349,1.471284496945));
#1946 = CARTESIAN_POINT('',(6.089870993612,1.459718392561));
#1947 = CARTESIAN_POINT('',(6.097416278863,1.448178174243));
#1948 = CARTESIAN_POINT('',(6.105033400527,1.436665843047));
#1949 = CARTESIAN_POINT('',(6.110746432222,1.428031311245));
#1950 = CARTESIAN_POINT('',(6.116497880117,1.419415464473));
#1951 = CARTESIAN_POINT('',(6.122297787639,1.410805544454));
#1952 = CARTESIAN_POINT('',(6.128139536318,1.402214199094));
#1953 = CARTESIAN_POINT('',(6.134030792779,1.393632510015));
#1954 = CARTESIAN_POINT('',(6.139970249076,1.385065369615));
#1955 = CARTESIAN_POINT('',(6.145960731488,1.376511509215));
#1956 = CARTESIAN_POINT('',(6.163932130094,1.350850021733));
#1957 = CARTESIAN_POINT('',(6.182360943633,1.325310753171));
#1958 = CARTESIAN_POINT('',(6.201295420323,1.299902606735));
#1959 = CARTESIAN_POINT('',(6.220786853397,1.274641400151));
#1960 = CARTESIAN_POINT('',(6.240890714853,1.249549803067));
#1961 = CARTESIAN_POINT('',(6.261667789195,1.224657274453));
#1962 = CARTESIAN_POINT('',(6.28318530718,1.2));
#1963 = ( GEOMETRIC_REPRESENTATION_CONTEXT(2) 
PARAMETRIC_REPRESENTATION_CONTEXT() REPRESENTATION_CONTEXT('2D SPACE',''
  ) );
#1964 = PCURVE('',#461,#1965);
#1965 = DEFINITIONAL_REPRESENTATION('',(#1966),#2071);
#1966 = B_SPLINE_CURVE_WITH_KNOTS('',7,(#1967,#1968,#1969,#1970,#1971,
    #1972,#1973,#1974,#1975,#1976,#1977,#1978,#1979,#1980,#1981,#1982,
    #1983,#1984,#1985,#1986,#1987,#1988,#1989,#1990,#1991,#1992,#1993,
    #1994,#1995,#1996,#1997,#1998,#1999,#2000,#2001,#2002,#2003,#2004,
    #2005,#2006,#2007,#2008,#2009,#2010,#2011,#2012,#2013,#2014,#2015,
    #2016,#2017,#2018,#2019,#2020,#2021,#2022,#2023,#2024,#2025,#2026,
    #2027,#2028,#2029,#2030,#2031,#2032,#2033,#2034,#2035,#2036,#2037,
    #2038,#2039,#2040,#2041,#2042,#2043,#2044,#2045,#2046,#2047,#2048,
    #2049,#2050,#2051,#2052,#2053,#2054,#2055,#2056,#2057,#2058,#2059,
    #2060,#2061,#2062,#2063,#2064,#2065,#2066,#2067,#2068,#2069,#2070),
  .UNSPECIFIED.,.F.,.F.,(8,6,6,7,7,7,7,7,7,7,7,7,7,7,7,8),(0.,0.125,
    0.138671875,0.145401000977,0.252225875854,0.298961758614,
    0.309915481135,0.482436610851,0.611827458139,0.623957850072,
    0.635709167257,0.817854583629,0.863390937721,0.897543203291,
    0.923157402468,1.),.UNSPECIFIED.);
#1967 = CARTESIAN_POINT('',(0.,0.667949192431));
#1968 = CARTESIAN_POINT('',(5.406842161058E-02,0.667949192431));
#1969 = CARTESIAN_POINT('',(0.103700781109,0.67782099225));
#1970 = CARTESIAN_POINT('',(0.149348405152,0.695718389801));
#1971 = CARTESIAN_POINT('',(0.191335413177,0.719908919323));
#1972 = CARTESIAN_POINT('',(0.229897485076,0.748770914474));
#1973 = CARTESIAN_POINT('',(0.265206732093,0.780792153382));
#1974 = CARTESIAN_POINT('',(0.300901909492,0.818264562938));
#1975 = CARTESIAN_POINT('',(0.304383680465,0.821980023882));
#1976 = CARTESIAN_POINT('',(0.307828126761,0.825714664712));
#1977 = CARTESIAN_POINT('',(0.311235391256,0.829466681672));
#1978 = CARTESIAN_POINT('',(0.314605616829,0.833234271005));
#1979 = CARTESIAN_POINT('',(0.317938946355,0.837015628956));
#1980 = CARTESIAN_POINT('',(0.322858129372,0.842676077479));
#1981 = CARTESIAN_POINT('',(0.324471206981,0.844545362189));
#1982 = CARTESIAN_POINT('',(0.326077636125,0.846420034218));
#1983 = CARTESIAN_POINT('',(0.327670495947,0.848291557192));
#1984 = CARTESIAN_POINT('',(0.329260775171,0.850172894175));
#1985 = CARTESIAN_POINT('',(0.330836619935,0.852049592394));
#1986 = CARTESIAN_POINT('',(0.332406960171,0.853932143856));
#1987 = CARTESIAN_POINT('',(0.35733781598,0.88381976019));
#1988 = CARTESIAN_POINT('',(0.380828031267,0.915122186606));
#1989 = CARTESIAN_POINT('',(0.403004008664,0.94745024318));
#1990 = CARTESIAN_POINT('',(0.423988223715,0.980505881877));
#1991 = CARTESIAN_POINT('',(0.443901981422,1.014082569566));
#1992 = CARTESIAN_POINT('',(0.4628681728,1.048065671047));
#1993 = CARTESIAN_POINT('',(0.481014031421,1.08243283206));
#1994 = CARTESIAN_POINT('',(0.48895282504,1.09746846401));
#1995 = CARTESIAN_POINT('',(0.496734579661,1.112577614139));
#1996 = CARTESIAN_POINT('',(0.504369887035,1.127758402633));
#1997 = CARTESIAN_POINT('',(0.511869491359,1.143012343042));
#1998 = CARTESIAN_POINT('',(0.519244289279,1.158344342283));
#1999 = CARTESIAN_POINT('',(0.526505329892,1.173762700636));
#2000 = CARTESIAN_POINT('',(0.533663814741,1.189279111752));
#2001 = CARTESIAN_POINT('',(0.535341546242,1.192915683679));
#2002 = CARTESIAN_POINT('',(0.537013810564,1.196558012052));
#2003 = CARTESIAN_POINT('',(0.538680379201,1.200205415659));
#2004 = CARTESIAN_POINT('',(0.540341559504,1.203858417488));
#2005 = CARTESIAN_POINT('',(0.541997761137,1.207517777992));
#2006 = CARTESIAN_POINT('',(0.543649062545,1.21118352836));
#2007 = CARTESIAN_POINT('',(0.545294777408,1.214854003781));
#2008 = CARTESIAN_POINT('',(0.571214356888,1.272663094479));
#2009 = CARTESIAN_POINT('',(0.595768879855,1.331688180871));
#2010 = CARTESIAN_POINT('',(0.619058532851,1.391543248719));
#2011 = CARTESIAN_POINT('',(0.641176444562,1.451936346368));
#2012 = CARTESIAN_POINT('',(0.662209907599,1.512666932249));
#2013 = CARTESIAN_POINT('',(0.682241600288,1.573623222394));
#2014 = CARTESIAN_POINT('',(0.701350808461,1.634779537939));
#2015 = CARTESIAN_POINT('',(0.715682624485,1.680646660103));
#2016 = CARTESIAN_POINT('',(0.729495390433,1.726626066471));
#2017 = CARTESIAN_POINT('',(0.742821732304,1.772705905985));
#2018 = CARTESIAN_POINT('',(0.755692952234,1.8189011178));
#2019 = CARTESIAN_POINT('',(0.768137561139,1.865250686738));
#2020 = CARTESIAN_POINT('',(0.780179811355,1.911814898758));
#2021 = CARTESIAN_POINT('',(0.791838229282,1.958672596408));
#2022 = CARTESIAN_POINT('',(0.792931203413,1.963065504831));
#2023 = CARTESIAN_POINT('',(0.794020804099,1.967460989028));
#2024 = CARTESIAN_POINT('',(0.795107045348,1.971859116434));
#2025 = CARTESIAN_POINT('',(0.796189941168,1.976259954486));
#2026 = CARTESIAN_POINT('',(0.79726950557,1.98066357062));
#2027 = CARTESIAN_POINT('',(0.798345752561,1.985070032272));
#2028 = CARTESIAN_POINT('',(0.799418696151,1.989479406879));
#2029 = CARTESIAN_POINT('',(0.800458138399,1.993751110366));
#2030 = CARTESIAN_POINT('',(0.801494308994,1.998024833053));
#2031 = CARTESIAN_POINT('',(0.80252778078,2.00230299816));
#2032 = CARTESIAN_POINT('',(0.803557822576,2.006582548308));
#2033 = CARTESIAN_POINT('',(0.804584648111,2.010864402636));
#2034 = CARTESIAN_POINT('',(0.805609099894,2.015152127826));
#2035 = CARTESIAN_POINT('',(0.806629768058,2.019439823041));
#2036 = CARTESIAN_POINT('',(0.82244925136,2.08589602735));
#2037 = CARTESIAN_POINT('',(0.83735297668,2.152311291896));
#2038 = CARTESIAN_POINT('',(0.851393144363,2.21885892955));
#2039 = CARTESIAN_POINT('',(0.864572231185,2.285647867987));
#2040 = CARTESIAN_POINT('',(0.876843985739,2.352721474533));
#2041 = CARTESIAN_POINT('',(0.888114423821,2.42005638102));
#2042 = CARTESIAN_POINT('',(0.898242823816,2.487561308627));
#2043 = CARTESIAN_POINT('',(0.900774891089,2.504437539925));
#2044 = CARTESIAN_POINT('',(0.903235537046,2.52132439549));
#2045 = CARTESIAN_POINT('',(0.905622540736,2.538220450023));
#2046 = CARTESIAN_POINT('',(0.907933479199,2.555124010596));
#2047 = CARTESIAN_POINT('',(0.910165727465,2.572033116661));
#2048 = CARTESIAN_POINT('',(0.912316458552,2.588945540044));
#2049 = CARTESIAN_POINT('',(0.914382643471,2.605858784945));
#2050 = CARTESIAN_POINT('',(0.91593221232,2.618543631253));
#2051 = CARTESIAN_POINT('',(0.917434357969,2.631229110974));
#2052 = CARTESIAN_POINT('',(0.918887665247,2.643913999277));
#2053 = CARTESIAN_POINT('',(0.92029071898,2.656597071333));
#2054 = CARTESIAN_POINT('',(0.921642103995,2.669277102313));
#2055 = CARTESIAN_POINT('',(0.922940405121,2.681952867388));
#2056 = CARTESIAN_POINT('',(0.924184207184,2.694623141728));
#2057 = CARTESIAN_POINT('',(0.925117036321,2.704126094417));
#2058 = CARTESIAN_POINT('',(0.926018813536,2.713622558875));
#2059 = CARTESIAN_POINT('',(0.926890346933,2.723126922639));
#2060 = CARTESIAN_POINT('',(0.92772960499,2.732625645116));
#2061 = CARTESIAN_POINT('',(0.928536914044,2.742128920636));
#2062 = CARTESIAN_POINT('',(0.929311015412,2.75163177914));
#2063 = CARTESIAN_POINT('',(0.930051308455,2.761136039137));
#2064 = CARTESIAN_POINT('',(0.932272170324,2.789648727846));
#2065 = CARTESIAN_POINT('',(0.934188469217,2.818171027881));
#2066 = CARTESIAN_POINT('',(0.935779038071,2.84670469093));
#2067 = CARTESIAN_POINT('',(0.93701891065,2.875245226065));
#2068 = CARTESIAN_POINT('',(0.937879321549,2.90378189974));
#2069 = CARTESIAN_POINT('',(0.93832770619,2.932297735797));
#2070 = CARTESIAN_POINT('',(0.938327700826,2.960769515459));
#2071 = ( GEOMETRIC_REPRESENTATION_CONTEXT(2) 
PARAMETRIC_REPRESENTATION_CONTEXT() REPRESENTATION_CONTEXT('2D SPACE',''
  ) );
#2072 = ADVANCED_FACE('',(#2073),#461,.T.);
#2073 = FACE_BOUND('',#2074,.T.);
#2074 = EDGE_LOOP('',(#2075,#2201,#2223,#2245,#2246,#2410,#2494,#2495,
    #2496,#2518,#2540,#2541,#2542,#3100,#4065));
#2075 = ORIENTED_EDGE('',*,*,#2076,.F.);
#2076 = EDGE_CURVE('',#2077,#2079,#2081,.T.);
#2077 = VERTEX_POINT('',#2078);
#2078 = CARTESIAN_POINT('',(2.449293598295E-16,1.,0.8));
#2079 = VERTEX_POINT('',#2080);
#2080 = CARTESIAN_POINT('',(0.60240095639,0.798193644192,0.526415318679)
  );
#2081 = SURFACE_CURVE('',#2082,(#2135,#2156),.PCURVE_S1.);
#2082 = B_SPLINE_CURVE_WITH_KNOTS('',6,(#2083,#2084,#2085,#2086,#2087,
    #2088,#2089,#2090,#2091,#2092,#2093,#2094,#2095,#2096,#2097,#2098,
    #2099,#2100,#2101,#2102,#2103,#2104,#2105,#2106,#2107,#2108,#2109,
    #2110,#2111,#2112,#2113,#2114,#2115,#2116,#2117,#2118,#2119,#2120,
    #2121,#2122,#2123,#2124,#2125,#2126,#2127,#2128,#2129,#2130,#2131,
    #2132,#2133,#2134),.UNSPECIFIED.,.F.,.F.,(7,5,5,5,5,5,5,5,5,5,7),(0.
    ,0.137909228014,0.279007520088,0.413757153351,0.445977808238,
    0.500029589985,0.55527730741,0.5858284073,0.721743380426,
    0.861183195761,1.),.UNSPECIFIED.);
#2083 = CARTESIAN_POINT('',(9.797174393179E-17,1.,0.8));
#2084 = CARTESIAN_POINT('',(6.092652454061E-02,1.,0.8));
#2085 = CARTESIAN_POINT('',(0.121677479743,0.995545457272,0.794431948445
    ));
#2086 = CARTESIAN_POINT('',(0.181443469888,0.986685125478,0.783355951243
    ));
#2087 = CARTESIAN_POINT('',(0.239427217899,0.97371059099,0.767034530144)
  );
#2088 = CARTESIAN_POINT('',(0.294891744211,0.957158303309,0.745930381268
    ));
#2089 = CARTESIAN_POINT('',(0.400750439902,0.91796399041,0.694931775739)
  );
#2090 = CARTESIAN_POINT('',(0.45108728242,0.895156653373,0.664802092348)
  );
#2091 = CARTESIAN_POINT('',(0.498020033245,0.869977380567,0.630803773608
    ));
#2092 = CARTESIAN_POINT('',(0.541402907467,0.843061461217,0.593330001467
    ));
#2093 = CARTESIAN_POINT('',(0.581108312619,0.815103457536,0.552714437908
    ));
#2094 = CARTESIAN_POINT('',(0.651283963826,0.760083353288,0.467685344115
    ));
#2095 = CARTESIAN_POINT('',(0.682085356047,0.733039455317,0.423528714903
    ));
#2096 = CARTESIAN_POINT('',(0.709482776115,0.7064337314,0.376758793015)
  );
#2097 = CARTESIAN_POINT('',(0.733288740489,0.681067813849,0.32736085258)
  );
#2098 = CARTESIAN_POINT('',(0.753219222716,0.6582247917,0.27544565519));
#2099 = CARTESIAN_POINT('',(0.772611484896,0.634906092298,0.207978364383
    ));
#2100 = CARTESIAN_POINT('',(0.776108172919,0.630636976881,0.194816354696
    ));
#2101 = CARTESIAN_POINT('',(0.77935156387,0.626622242122,0.181520665819)
  );
#2102 = CARTESIAN_POINT('',(0.782334525988,0.622884294047,0.168098939379
    ));
#2103 = CARTESIAN_POINT('',(0.785050609746,0.619444313691,0.154557452215
    ));
#2104 = CARTESIAN_POINT('',(0.791593039126,0.611084848922,0.117991920819
    ));
#2105 = CARTESIAN_POINT('',(0.794928626178,0.606736489618,
    9.473645066089E-02));
#2106 = CARTESIAN_POINT('',(0.797456347492,0.603392038483,
    7.123003313525E-02));
#2107 = CARTESIAN_POINT('',(0.799150782938,0.601132017454,
    4.755776171809E-02));
#2108 = CARTESIAN_POINT('',(0.8,0.6,2.379368574114E-02));
#2109 = CARTESIAN_POINT('',(0.8,0.6,-2.432013864915E-02));
#2110 = CARTESIAN_POINT('',(0.799112787211,0.601182644505,
    -4.860751728506E-02));
#2111 = CARTESIAN_POINT('',(0.797342884478,0.603543385602,
    -7.279698729987E-02));
#2112 = CARTESIAN_POINT('',(0.794703159678,0.607034781773,
    -9.681031097302E-02));
#2113 = CARTESIAN_POINT('',(0.791221101646,0.611569451509,
    -0.120557050479));
#2114 = CARTESIAN_POINT('',(0.784580533723,0.620038766484,
    -0.156863339944));
#2115 = CARTESIAN_POINT('',(0.781970936407,0.623338558147,
    -0.169690502674));
#2116 = CARTESIAN_POINT('',(0.779122226021,0.626904077245,-0.18240843478
    ));
#2117 = CARTESIAN_POINT('',(0.776040206466,0.630716847077,
    -0.195010370594));
#2118 = CARTESIAN_POINT('',(0.772730563665,0.6347582389,-0.207491289081)
  );
#2119 = CARTESIAN_POINT('',(0.753487134895,0.657922251688,
    -0.274819758661));
#2120 = CARTESIAN_POINT('',(0.733413257618,0.680952136251,
    -0.327214783438));
#2121 = CARTESIAN_POINT('',(0.709394111115,0.706555737866,
    -0.377049898289));
#2122 = CARTESIAN_POINT('',(0.681721344204,0.733413251487,
    -0.424209231903));
#2123 = CARTESIAN_POINT('',(0.650587798351,0.760705379796,
    -0.468708475076));
#2124 = CARTESIAN_POINT('',(0.580340213692,0.81562502087,-0.553455021975
    ));
#2125 = CARTESIAN_POINT('',(0.541047057348,0.843238829434,
    -0.593554956002));
#2126 = CARTESIAN_POINT('',(0.498161935446,0.869830090388,
    -0.630582757789));
#2127 = CARTESIAN_POINT('',(0.451808102365,0.894727674455,
    -0.664216034792));
#2128 = CARTESIAN_POINT('',(0.402126185058,0.917317421406,
    -0.694075395121));
#2129 = CARTESIAN_POINT('',(0.296738372671,0.956605840995,
    -0.745225962741));
#2130 = CARTESIAN_POINT('',(0.240970131937,0.973364192806,
    -0.766598736163));
#2131 = CARTESIAN_POINT('',(0.182638120089,0.986507014925,
    -0.783133283617));
#2132 = CARTESIAN_POINT('',(0.122490202536,0.995485301296,
    -0.794356762977));
#2133 = CARTESIAN_POINT('',(6.133649777825E-02,1.,-0.8));
#2134 = CARTESIAN_POINT('',(1.959434878636E-16,1.,-0.8));
#2135 = PCURVE('',#461,#2136);
#2136 = DEFINITIONAL_REPRESENTATION('',(#2137),#2155);
#2137 = B_SPLINE_CURVE_WITH_KNOTS('',6,(#2138,#2139,#2140,#2141,#2142,
    #2143,#2144,#2145,#2146,#2147,#2148,#2149,#2150,#2151,#2152,#2153,
    #2154),.UNSPECIFIED.,.F.,.F.,(7,5,5,7),(0.,0.134803217208,
    0.16850402151,0.269606434416),.UNSPECIFIED.);
#2138 = CARTESIAN_POINT('',(6.28318530718,4.8));
#2139 = CARTESIAN_POINT('',(6.211172222815,4.8));
#2140 = CARTESIAN_POINT('',(6.142333400406,4.794679932928));
#2141 = CARTESIAN_POINT('',(6.076631377091,4.784095934341));
#2142 = CARTESIAN_POINT('',(6.014014201921,4.768488927113));
#2143 = CARTESIAN_POINT('',(5.954506465613,4.74828262131));
#2144 = CARTESIAN_POINT('',(5.884163027473,4.718051279986));
#2145 = CARTESIAN_POINT('',(5.870298798086,4.711757435141));
#2146 = CARTESIAN_POINT('',(5.856621475225,4.705217115576));
#2147 = CARTESIAN_POINT('',(5.843140018744,4.698442218017));
#2148 = CARTESIAN_POINT('',(5.829841144449,4.691434684196));
#2149 = CARTESIAN_POINT('',(5.777380389848,4.662504291645));
#2150 = CARTESIAN_POINT('',(5.739679029378,4.638777407036));
#2151 = CARTESIAN_POINT('',(5.703536698653,4.613176543554));
#2152 = CARTESIAN_POINT('',(5.668912213867,4.585838932976));
#2153 = CARTESIAN_POINT('',(5.635815791586,4.556884322699));
#2154 = CARTESIAN_POINT('',(5.604316362489,4.526415321558));
#2155 = ( GEOMETRIC_REPRESENTATION_CONTEXT(2) 
PARAMETRIC_REPRESENTATION_CONTEXT() REPRESENTATION_CONTEXT('2D SPACE',''
  ) );
#2156 = PCURVE('',#832,#2157);
#2157 = DEFINITIONAL_REPRESENTATION('',(#2158),#2200);
#2158 = B_SPLINE_CURVE_WITH_KNOTS('',8,(#2159,#2160,#2161,#2162,#2163,
    #2164,#2165,#2166,#2167,#2168,#2169,#2170,#2171,#2172,#2173,#2174,
    #2175,#2176,#2177,#2178,#2179,#2180,#2181,#2182,#2183,#2184,#2185,
    #2186,#2187,#2188,#2189,#2190,#2191,#2192,#2193,#2194,#2195,#2196,
    #2197,#2198,#2199),.UNSPECIFIED.,.F.,.F.,(9,8,8,8,8,9),(0.,
    0.134803217208,0.151653619359,0.1590256703,0.162481319178,
    0.269606434416),.UNSPECIFIED.);
#2159 = CARTESIAN_POINT('',(1.533203626075,1.));
#2160 = CARTESIAN_POINT('',(1.587473228451,1.));
#2161 = CARTESIAN_POINT('',(1.64256126373,0.997719919313));
#2162 = CARTESIAN_POINT('',(1.698548406041,0.993176019786));
#2163 = CARTESIAN_POINT('',(1.755516329687,0.98643206705));
#2164 = CARTESIAN_POINT('',(1.813546213692,0.977599524632));
#2165 = CARTESIAN_POINT('',(1.872711821334,0.966836923732));
#2166 = CARTESIAN_POINT('',(1.933067154688,0.954348408625));
#2167 = CARTESIAN_POINT('',(1.994628684164,0.940381457733));
#2168 = CARTESIAN_POINT('',(2.00232402166,0.93863555331));
#2169 = CARTESIAN_POINT('',(2.01003737391,0.936866740322));
#2170 = CARTESIAN_POINT('',(2.017770516326,0.935075101671));
#2171 = CARTESIAN_POINT('',(2.025524363352,0.933260916863));
#2172 = CARTESIAN_POINT('',(2.033299314635,0.931424584133));
#2173 = CARTESIAN_POINT('',(2.041095601205,0.929566542549));
#2174 = CARTESIAN_POINT('',(2.048913631652,0.927687194138));
#2175 = CARTESIAN_POINT('',(2.056754338298,0.925786825995));
#2176 = CARTESIAN_POINT('',(2.060184627338,0.924955419607));
#2177 = CARTESIAN_POINT('',(2.063619218866,0.924119998045));
#2178 = CARTESIAN_POINT('',(2.067058157673,0.92328059309));
#2179 = CARTESIAN_POINT('',(2.07050148855,0.922437236524));
#2180 = CARTESIAN_POINT('',(2.073949256289,0.921589960129));
#2181 = CARTESIAN_POINT('',(2.07740150568,0.920738795687));
#2182 = CARTESIAN_POINT('',(2.080858281514,0.91988377498));
#2183 = CARTESIAN_POINT('',(2.084319628583,0.91902492979));
#2184 = CARTESIAN_POINT('',(2.085942050951,0.918622346146));
#2185 = CARTESIAN_POINT('',(2.087566328468,0.918218922196));
#2186 = CARTESIAN_POINT('',(2.089187736143,0.917814661319));
#2187 = CARTESIAN_POINT('',(2.090820649988,0.917409566333));
#2188 = CARTESIAN_POINT('',(2.092436137085,0.917003641327));
#2189 = CARTESIAN_POINT('',(2.094073916545,0.916596889117));
#2190 = CARTESIAN_POINT('',(2.095698679986,0.916189312991));
#2191 = CARTESIAN_POINT('',(2.097323972805,0.915780916322));
#2192 = CARTESIAN_POINT('',(2.147701404886,0.903120657369));
#2193 = CARTESIAN_POINT('',(2.196295737348,0.88967169404));
#2194 = CARTESIAN_POINT('',(2.243323243843,0.875532717627));
#2195 = CARTESIAN_POINT('',(2.288970373134,0.860804413847));
#2196 = CARTESIAN_POINT('',(2.333399314154,0.845591466379));
#2197 = CARTESIAN_POINT('',(2.376753561067,0.830004560397));
#2198 = CARTESIAN_POINT('',(2.419163478321,0.814162386105));
#2199 = CARTESIAN_POINT('',(2.460751865709,0.798193642272));
#2200 = ( GEOMETRIC_REPRESENTATION_CONTEXT(2) 
PARAMETRIC_REPRESENTATION_CONTEXT() REPRESENTATION_CONTEXT('2D SPACE',''
  ) );
#2201 = ORIENTED_EDGE('',*,*,#2202,.T.);
#2202 = EDGE_CURVE('',#2077,#2203,#2205,.T.);
#2203 = VERTEX_POINT('',#2204);
#2204 = CARTESIAN_POINT('',(2.449293598295E-16,1.,4.));
#2205 = SEAM_CURVE('',#2206,(#2209,#2216),.PCURVE_S1.);
#2206 = B_SPLINE_CURVE_WITH_KNOTS('',1,(#2207,#2208),.UNSPECIFIED.,.F.,
  .F.,(2,2),(4.8,8.),.PIECEWISE_BEZIER_KNOTS.);
#2207 = CARTESIAN_POINT('',(2.449293598295E-16,1.,0.8));
#2208 = CARTESIAN_POINT('',(2.449293598295E-16,1.,4.));
#2209 = PCURVE('',#461,#2210);
#2210 = DEFINITIONAL_REPRESENTATION('',(#2211),#2215);
#2211 = B_SPLINE_CURVE_WITH_KNOTS('',2,(#2212,#2213,#2214),
  .UNSPECIFIED.,.F.,.F.,(3,3),(4.8,8.),.PIECEWISE_BEZIER_KNOTS.);
#2212 = CARTESIAN_POINT('',(0.,4.8));
#2213 = CARTESIAN_POINT('',(0.,6.4));
#2214 = CARTESIAN_POINT('',(0.,8.));
#2215 = ( GEOMETRIC_REPRESENTATION_CONTEXT(2) 
PARAMETRIC_REPRESENTATION_CONTEXT() REPRESENTATION_CONTEXT('2D SPACE',''
  ) );
#2216 = PCURVE('',#461,#2217);
#2217 = DEFINITIONAL_REPRESENTATION('',(#2218),#2222);
#2218 = B_SPLINE_CURVE_WITH_KNOTS('',2,(#2219,#2220,#2221),
  .UNSPECIFIED.,.F.,.F.,(3,3),(4.8,8.),.PIECEWISE_BEZIER_KNOTS.);
#2219 = CARTESIAN_POINT('',(6.28318530718,4.8));
#2220 = CARTESIAN_POINT('',(6.28318530718,6.4));
#2221 = CARTESIAN_POINT('',(6.28318530718,8.));
#2222 = ( GEOMETRIC_REPRESENTATION_CONTEXT(2) 
PARAMETRIC_REPRESENTATION_CONTEXT() REPRESENTATION_CONTEXT('2D SPACE',''
  ) );
#2223 = ORIENTED_EDGE('',*,*,#2224,.F.);
#2224 = EDGE_CURVE('',#2203,#2203,#2225,.T.);
#2225 = SURFACE_CURVE('',#2226,(#2234),.PCURVE_S1.);
#2226 = ( BOUNDED_CURVE() B_SPLINE_CURVE(2,(#2227,#2228,#2229,#2230,
#2231,#2232,#2233),.UNSPECIFIED.,.T.,.F.) B_SPLINE_CURVE_WITH_KNOTS((1,2
    ,2,2,2,1),(-2.094395102393,0.,2.094395102393,4.188790204786,
6.28318530718,8.377580409573),.UNSPECIFIED.) CURVE() 
GEOMETRIC_REPRESENTATION_ITEM() RATIONAL_B_SPLINE_CURVE((1.,0.5,1.,0.5,
1.,0.5,1.)) REPRESENTATION_ITEM('') );
#2227 = CARTESIAN_POINT('',(0.,1.,4.));
#2228 = CARTESIAN_POINT('',(-1.732050807569,1.,4.));
#2229 = CARTESIAN_POINT('',(-0.866025403784,-0.5,4.));
#2230 = CARTESIAN_POINT('',(-2.449293598295E-16,-2.,4.));
#2231 = CARTESIAN_POINT('',(0.866025403784,-0.5,4.));
#2232 = CARTESIAN_POINT('',(1.732050807569,1.,4.));
#2233 = CARTESIAN_POINT('',(0.,1.,4.));
#2234 = PCURVE('',#461,#2235);
#2235 = DEFINITIONAL_REPRESENTATION('',(#2236),#2244);
#2236 = B_SPLINE_CURVE_WITH_KNOTS('',2,(#2237,#2238,#2239,#2240,#2241,
    #2242,#2243),.UNSPECIFIED.,.F.,.F.,(3,2,2,3),(0.,2.094395102393,
    4.188790204786,6.28318530718),.PIECEWISE_BEZIER_KNOTS.);
#2237 = CARTESIAN_POINT('',(0.,8.));
#2238 = CARTESIAN_POINT('',(1.047197551197,8.));
#2239 = CARTESIAN_POINT('',(2.094395102393,8.));
#2240 = CARTESIAN_POINT('',(3.14159265359,8.));
#2241 = CARTESIAN_POINT('',(4.188790204786,8.));
#2242 = CARTESIAN_POINT('',(5.235987755983,8.));
#2243 = CARTESIAN_POINT('',(6.28318530718,8.));
#2244 = ( GEOMETRIC_REPRESENTATION_CONTEXT(2) 
PARAMETRIC_REPRESENTATION_CONTEXT() REPRESENTATION_CONTEXT('2D SPACE',''
  ) );
#2245 = ORIENTED_EDGE('',*,*,#2202,.F.);
#2246 = ORIENTED_EDGE('',*,*,#2247,.F.);
#2247 = EDGE_CURVE('',#2248,#2077,#2250,.T.);
#2248 = VERTEX_POINT('',#2249);
#2249 = CARTESIAN_POINT('',(-0.8,0.6,-1.959434878636E-16));
#2250 = SURFACE_CURVE('',#2251,(#2274,#2350),.PCURVE_S1.);
#2251 = B_SPLINE_CURVE_WITH_KNOTS('',6,(#2252,#2253,#2254,#2255,#2256,
    #2257,#2258,#2259,#2260,#2261,#2262,#2263,#2264,#2265,#2266,#2267,
    #2268,#2269,#2270,#2271,#2272,#2273),.UNSPECIFIED.,.F.,.F.,(7,5,5,5,
    7),(0.,0.171220453003,0.443193596122,0.722220137352,1.),
  .UNSPECIFIED.);
#2252 = CARTESIAN_POINT('',(-0.8,0.6,0.));
#2253 = CARTESIAN_POINT('',(-0.8,0.6,3.783811562143E-02));
#2254 = CARTESIAN_POINT('',(-0.797852398121,0.602863369951,
    7.546116966373E-02));
#2255 = CARTESIAN_POINT('',(-0.793603086299,0.608529576018,
    0.112709433303));
#2256 = CARTESIAN_POINT('',(-0.787314184536,0.616753573235,
    0.149395178262));
#2257 = CARTESIAN_POINT('',(-0.77909017178,0.627102948076,0.185240437293
    ));
#2258 = CARTESIAN_POINT('',(-0.753487134895,0.657922251688,
    0.274819758661));
#2259 = CARTESIAN_POINT('',(-0.733413257618,0.680952136251,
    0.327214783438));
#2260 = CARTESIAN_POINT('',(-0.709394111115,0.706555737866,
    0.377049898289));
#2261 = CARTESIAN_POINT('',(-0.681721344204,0.733413251487,
    0.424209231903));
#2262 = CARTESIAN_POINT('',(-0.650587798351,0.760705379796,
    0.468708475076));
#2263 = CARTESIAN_POINT('',(-0.580340213692,0.81562502087,0.553455021975
    ));
#2264 = CARTESIAN_POINT('',(-0.541047057348,0.843238829434,
    0.593554956002));
#2265 = CARTESIAN_POINT('',(-0.498161935446,0.869830090388,
    0.630582757789));
#2266 = CARTESIAN_POINT('',(-0.451808102365,0.894727674455,
    0.664216034792));
#2267 = CARTESIAN_POINT('',(-0.402126185058,0.917317421406,
    0.694075395121));
#2268 = CARTESIAN_POINT('',(-0.296738372671,0.956605840995,
    0.745225962741));
#2269 = CARTESIAN_POINT('',(-0.240970131937,0.973364192806,
    0.766598736163));
#2270 = CARTESIAN_POINT('',(-0.182638120089,0.986507014925,
    0.783133283617));
#2271 = CARTESIAN_POINT('',(-0.122490202536,0.995485301296,
    0.794356762977));
#2272 = CARTESIAN_POINT('',(-6.133649777832E-02,1.,0.8));
#2273 = CARTESIAN_POINT('',(0.,1.,0.8));
#2274 = PCURVE('',#461,#2275);
#2275 = DEFINITIONAL_REPRESENTATION('',(#2276),#2349);
#2276 = B_SPLINE_CURVE_WITH_KNOTS('',8,(#2277,#2278,#2279,#2280,#2281,
    #2282,#2283,#2284,#2285,#2286,#2287,#2288,#2289,#2290,#2291,#2292,
    #2293,#2294,#2295,#2296,#2297,#2298,#2299,#2300,#2301,#2302,#2303,
    #2304,#2305,#2306,#2307,#2308,#2309,#2310,#2311,#2312,#2313,#2314,
    #2315,#2316,#2317,#2318,#2319,#2320,#2321,#2322,#2323,#2324,#2325,
    #2326,#2327,#2328,#2329,#2330,#2331,#2332,#2333,#2334,#2335,#2336,
    #2337,#2338,#2339,#2340,#2341,#2342,#2343,#2344,#2345,#2346,#2347,
    #2348),.UNSPECIFIED.,.F.,.F.,(9,7,7,7,7,7,7,7,7,7,9),(0.,0.125,
    0.15234375,0.165588378906,0.191663742065,0.393747806549,
    0.46952933073,0.602146998048,0.701610248536,0.738908967469,1.),
  .UNSPECIFIED.);
#2277 = CARTESIAN_POINT('',(0.938327700826,4.));
#2278 = CARTESIAN_POINT('',(0.938327702958,4.020717886787));
#2279 = CARTESIAN_POINT('',(0.93739754202,4.041374303783));
#2280 = CARTESIAN_POINT('',(0.935546833728,4.061947204178));
#2281 = CARTESIAN_POINT('',(0.932793597881,4.082412597606));
#2282 = CARTESIAN_POINT('',(0.929164593653,4.102743436081));
#2283 = CARTESIAN_POINT('',(0.924695654873,4.122908499924));
#2284 = CARTESIAN_POINT('',(0.919432025315,4.142871283692));
#2285 = CARTESIAN_POINT('',(0.912115507495,4.166902083775));
#2286 = CARTESIAN_POINT('',(0.910766856882,4.171203600341));
#2287 = CARTESIAN_POINT('',(0.909383375808,4.175492947829));
#2288 = CARTESIAN_POINT('',(0.907965697932,4.179769642253));
#2289 = CARTESIAN_POINT('',(0.906514456915,4.184033199631));
#2290 = CARTESIAN_POINT('',(0.905030286421,4.18828313598));
#2291 = CARTESIAN_POINT('',(0.903513820108,4.192518967317));
#2292 = CARTESIAN_POINT('',(0.901215839372,4.1987848594));
#2293 = CARTESIAN_POINT('',(0.900458571045,4.200826078263));
#2294 = CARTESIAN_POINT('',(0.89969396867,4.202863804728));
#2295 = CARTESIAN_POINT('',(0.89892211426,4.204897977275));
#2296 = CARTESIAN_POINT('',(0.898143089825,4.206928534381));
#2297 = CARTESIAN_POINT('',(0.897356977377,4.208955414529));
#2298 = CARTESIAN_POINT('',(0.896563858927,4.210978556197));
#2299 = CARTESIAN_POINT('',(0.894188810607,4.216973299042));
#2300 = CARTESIAN_POINT('',(0.892586120422,4.220936044439));
#2301 = CARTESIAN_POINT('',(0.890961423887,4.224873417959));
#2302 = CARTESIAN_POINT('',(0.889302057491,4.228817702766));
#2303 = CARTESIAN_POINT('',(0.887623288509,4.232731819211));
#2304 = CARTESIAN_POINT('',(0.885914425544,4.236643488388));
#2305 = CARTESIAN_POINT('',(0.884181457118,4.240538590862));
#2306 = CARTESIAN_POINT('',(0.868794043619,4.274516707726));
#2307 = CARTESIAN_POINT('',(0.853646778827,4.30384970346));
#2308 = CARTESIAN_POINT('',(0.83715184232,4.332419590872));
#2309 = CARTESIAN_POINT('',(0.819456727435,4.360218858944));
#2310 = CARTESIAN_POINT('',(0.800682088023,4.387239413213));
#2311 = CARTESIAN_POINT('',(0.780919630539,4.413475700751));
#2312 = CARTESIAN_POINT('',(0.760231457772,4.438925311536));
#2313 = CARTESIAN_POINT('',(0.730558082166,4.472835262222));
#2314 = CARTESIAN_POINT('',(0.722340225913,4.481972263973));
#2315 = CARTESIAN_POINT('',(0.71399719915,4.490999756936));
#2316 = CARTESIAN_POINT('',(0.705533779443,4.49991420755));
#2317 = CARTESIAN_POINT('',(0.696947444981,4.508718648105));
#2318 = CARTESIAN_POINT('',(0.688236363424,4.517414717396));
#2319 = CARTESIAN_POINT('',(0.679406530535,4.525995797025));
#2320 = CARTESIAN_POINT('',(0.654795460731,4.5492780283));
#2321 = CARTESIAN_POINT('',(0.638768895086,4.563741078409));
#2322 = CARTESIAN_POINT('',(0.622383295761,4.577840692767));
#2323 = CARTESIAN_POINT('',(0.605642499296,4.59156563168));
#2324 = CARTESIAN_POINT('',(0.588548232351,4.604903966496));
#2325 = CARTESIAN_POINT('',(0.571100111706,4.617843079602));
#2326 = CARTESIAN_POINT('',(0.55329564426,4.630369664423));
#2327 = CARTESIAN_POINT('',(0.521506203387,4.651544774082));
#2328 = CARTESIAN_POINT('',(0.507679240961,4.660379893858));
#2329 = CARTESIAN_POINT('',(0.493647474631,4.66896918974));
#2330 = CARTESIAN_POINT('',(0.479408448116,4.677306535268));
#2331 = CARTESIAN_POINT('',(0.464959113986,4.685385572527));
#2332 = CARTESIAN_POINT('',(0.450295833654,4.693199712154));
#2333 = CARTESIAN_POINT('',(0.435414377383,4.700742133334));
#2334 = CARTESIAN_POINT('',(0.414645660021,4.710729692908));
#2335 = CARTESIAN_POINT('',(0.408950732586,4.713414094178));
#2336 = CARTESIAN_POINT('',(0.403222167468,4.716059810677));
#2337 = CARTESIAN_POINT('',(0.397464304935,4.718664425996));
#2338 = CARTESIAN_POINT('',(0.391674190776,4.721228768016));
#2339 = CARTESIAN_POINT('',(0.385848448695,4.723753798545));
#2340 = CARTESIAN_POINT('',(0.379990901768,4.726237228467));
#2341 = CARTESIAN_POINT('',(0.332865649695,4.745772802339));
#2342 = CARTESIAN_POINT('',(0.290018264225,4.760827839312));
#2343 = CARTESIAN_POINT('',(0.245595777203,4.773650883742));
#2344 = CARTESIAN_POINT('',(0.199614929304,4.784084404297));
#2345 = CARTESIAN_POINT('',(0.152076686634,4.792006239816));
#2346 = CARTESIAN_POINT('',(0.102971448706,4.797329095635));
#2347 = CARTESIAN_POINT('',(5.228425641205E-02,4.800000039922));
#2348 = CARTESIAN_POINT('',(0.,4.8));
#2349 = ( GEOMETRIC_REPRESENTATION_CONTEXT(2) 
PARAMETRIC_REPRESENTATION_CONTEXT() REPRESENTATION_CONTEXT('2D SPACE',''
  ) );
#2350 = PCURVE('',#832,#2351);
#2351 = DEFINITIONAL_REPRESENTATION('',(#2352),#2409);
#2352 = B_SPLINE_CURVE_WITH_KNOTS('',6,(#2353,#2354,#2355,#2356,#2357,
    #2358,#2359,#2360,#2361,#2362,#2363,#2364,#2365,#2366,#2367,#2368,
    #2369,#2370,#2371,#2372,#2373,#2374,#2375,#2376,#2377,#2378,#2379,
    #2380,#2381,#2382,#2383,#2384,#2385,#2386,#2387,#2388,#2389,#2390,
    #2391,#2392,#2393,#2394,#2395,#2396,#2397,#2398,#2399,#2400,#2401,
    #2402,#2403,#2404,#2405,#2406,#2407,#2408),.UNSPECIFIED.,.F.,.F.,(7,
    5,5,5,5,5,6,6,6,6,7),(0.,0.125,0.15234375,0.165588378906,
    0.178626060486,0.383969545364,0.460973352194,0.595730014145,
    0.696797510609,0.734697821783,1.),.UNSPECIFIED.);
#2353 = CARTESIAN_POINT('',(0.,0.6));
#2354 = CARTESIAN_POINT('',(4.175339478417E-02,0.600000033506));
#2355 = CARTESIAN_POINT('',(8.233470848425E-02,0.601525980251));
#2356 = CARTESIAN_POINT('',(0.121844688441,0.604554975283));
#2357 = CARTESIAN_POINT('',(0.160354448363,0.609009908312));
#2358 = CARTESIAN_POINT('',(0.197894665676,0.614762950039));
#2359 = CARTESIAN_POINT('',(0.242440048644,0.623143187884));
#2360 = CARTESIAN_POINT('',(0.250388087081,0.624701169498));
#2361 = CARTESIAN_POINT('',(0.258288488631,0.626311046125));
#2362 = CARTESIAN_POINT('',(0.266140847741,0.627970840575));
#2363 = CARTESIAN_POINT('',(0.27394475886,0.629678575652));
#2364 = CARTESIAN_POINT('',(0.285456136879,0.632281694858));
#2365 = CARTESIAN_POINT('',(0.289200968005,0.633141877769));
#2366 = CARTESIAN_POINT('',(0.292934229995,0.634012573756));
#2367 = CARTESIAN_POINT('',(0.29665584303,0.634893533675));
#2368 = CARTESIAN_POINT('',(0.30036572729,0.635784508384));
#2369 = CARTESIAN_POINT('',(0.307703905537,0.637571865461));
#2370 = CARTESIAN_POINT('',(0.311333925862,0.638468282779));
#2371 = CARTESIAN_POINT('',(0.314948391144,0.639372909412));
#2372 = CARTESIAN_POINT('',(0.318556052937,0.640287685735));
#2373 = CARTESIAN_POINT('',(0.322153400893,0.641211571553));
#2374 = CARTESIAN_POINT('',(0.382248230071,0.656838527319));
#2375 = CARTESIAN_POINT('',(0.436381763144,0.673784231311));
#2376 = CARTESIAN_POINT('',(0.488677654948,0.692325486549));
#2377 = CARTESIAN_POINT('',(0.539491357929,0.711883566598));
#2378 = CARTESIAN_POINT('',(0.589160043332,0.732021250351));
#2379 = CARTESIAN_POINT('',(0.656351192654,0.760042197294));
#2380 = CARTESIAN_POINT('',(0.674562918863,0.767718033849));
#2381 = CARTESIAN_POINT('',(0.692681805442,0.775410686275));
#2382 = CARTESIAN_POINT('',(0.71071969515,0.783101536314));
#2383 = CARTESIAN_POINT('',(0.728709071027,0.790781783997));
#2384 = CARTESIAN_POINT('',(0.746650465534,0.798430363218));
#2385 = CARTESIAN_POINT('',(0.778048172842,0.811815697773));
#2386 = CARTESIAN_POINT('',(0.809306328667,0.825106152544));
#2387 = CARTESIAN_POINT('',(0.840483109648,0.838213367077));
#2388 = CARTESIAN_POINT('',(0.871635489102,0.851054461753));
#2389 = CARTESIAN_POINT('',(0.902819237025,0.863552037791));
#2390 = CARTESIAN_POINT('',(0.934088920089,0.875634177241));
#2391 = CARTESIAN_POINT('',(0.957541263594,0.884695695675));
#2392 = CARTESIAN_POINT('',(0.981042394287,0.893523109177));
#2393 = CARTESIAN_POINT('',(1.004615602204,0.90208576818));
#2394 = CARTESIAN_POINT('',(1.028284829914,0.910353798135));
#2395 = CARTESIAN_POINT('',(1.052074672519,0.918298099504));
#2396 = CARTESIAN_POINT('',(1.076010377653,0.925890347771));
#2397 = CARTESIAN_POINT('',(1.084986408021,0.92873746916));
#2398 = CARTESIAN_POINT('',(1.093981958561,0.931534779103));
#2399 = CARTESIAN_POINT('',(1.103002822292,0.934282060651));
#2400 = CARTESIAN_POINT('',(1.112040426494,0.936974926937));
#2401 = CARTESIAN_POINT('',(1.121109327691,0.93961574979));
#2402 = CARTESIAN_POINT('',(1.130203418965,0.942200786763));
#2403 = CARTESIAN_POINT('',(1.193862943219,0.960296181356));
#2404 = CARTESIAN_POINT('',(1.258810628376,0.975675464266));
#2405 = CARTESIAN_POINT('',(1.32505688679,0.987689395482));
#2406 = CARTESIAN_POINT('',(1.392727234257,0.995882116067));
#2407 = CARTESIAN_POINT('',(1.462026598236,0.999999915663));
#2408 = CARTESIAN_POINT('',(1.533203626075,1.));
#2409 = ( GEOMETRIC_REPRESENTATION_CONTEXT(2) 
PARAMETRIC_REPRESENTATION_CONTEXT() REPRESENTATION_CONTEXT('2D SPACE',''
  ) );
#2410 = ORIENTED_EDGE('',*,*,#2411,.F.);
#2411 = EDGE_CURVE('',#350,#2248,#2412,.T.);
#2412 = SURFACE_CURVE('',#2413,(#2436,#2465),.PCURVE_S1.);
#2413 = B_SPLINE_CURVE_WITH_KNOTS('',6,(#2414,#2415,#2416,#2417,#2418,
    #2419,#2420,#2421,#2422,#2423,#2424,#2425,#2426,#2427,#2428,#2429,
    #2430,#2431,#2432,#2433,#2434,#2435),.UNSPECIFIED.,.F.,.F.,(7,5,5,5,
    7),(0.,0.275925568263,0.558231741476,0.827835666153,1.),
  .UNSPECIFIED.);
#2414 = CARTESIAN_POINT('',(1.110223024625E-16,1.,-0.8));
#2415 = CARTESIAN_POINT('',(-6.09265245245E-02,1.,-0.8));
#2416 = CARTESIAN_POINT('',(-0.121677479746,0.995545457275,
    -0.794431948448));
#2417 = CARTESIAN_POINT('',(-0.181443469904,0.986685125476,
    -0.783355951239));
#2418 = CARTESIAN_POINT('',(-0.239427217903,0.973710590986,
    -0.767034530139));
#2419 = CARTESIAN_POINT('',(-0.294891744197,0.957158303314,
    -0.745930381275));
#2420 = CARTESIAN_POINT('',(-0.400750439902,0.91796399041,
    -0.694931775739));
#2421 = CARTESIAN_POINT('',(-0.45108728242,0.895156653373,
    -0.664802092348));
#2422 = CARTESIAN_POINT('',(-0.498020033245,0.869977380567,
    -0.630803773608));
#2423 = CARTESIAN_POINT('',(-0.541402907467,0.843061461217,
    -0.593330001467));
#2424 = CARTESIAN_POINT('',(-0.581108312619,0.815103457536,
    -0.552714437908));
#2425 = CARTESIAN_POINT('',(-0.651283963826,0.760083353288,
    -0.467685344115));
#2426 = CARTESIAN_POINT('',(-0.682085356047,0.733039455317,
    -0.423528714904));
#2427 = CARTESIAN_POINT('',(-0.709482776115,0.7064337314,-0.376758793015
    ));
#2428 = CARTESIAN_POINT('',(-0.733288740489,0.68106781385,-0.32736085258
    ));
#2429 = CARTESIAN_POINT('',(-0.753219222716,0.6582247917,-0.27544565519)
  );
#2430 = CARTESIAN_POINT('',(-0.778863187245,0.627388580082,
    -0.186228172655));
#2431 = CARTESIAN_POINT('',(-0.787175336738,0.616935078734,
    -0.150202917923));
#2432 = CARTESIAN_POINT('',(-0.793532461819,0.60862375542,
    -0.113325436429));
#2433 = CARTESIAN_POINT('',(-0.797828406595,0.602895354978,
    -7.587758974001E-02));
#2434 = CARTESIAN_POINT('',(-0.8,0.6,-3.804887703123E-02));
#2435 = CARTESIAN_POINT('',(-0.8,0.6,-1.110223024625E-16));
#2436 = PCURVE('',#461,#2437);
#2437 = DEFINITIONAL_REPRESENTATION('',(#2438),#2464);
#2438 = B_SPLINE_CURVE_WITH_KNOTS('',8,(#2439,#2440,#2441,#2442,#2443,
    #2444,#2445,#2446,#2447,#2448,#2449,#2450,#2451,#2452,#2453,#2454,
    #2455,#2456,#2457,#2458,#2459,#2460,#2461,#2462,#2463),
  .UNSPECIFIED.,.F.,.F.,(9,8,8,9),(0.645670515381,0.822835257691,
    0.844980850479,1.),.UNSPECIFIED.);
#2439 = CARTESIAN_POINT('',(0.771359479485,3.575735873634));
#2440 = CARTESIAN_POINT('',(0.789180292664,3.598297899727));
#2441 = CARTESIAN_POINT('',(0.806272246021,3.621463126945));
#2442 = CARTESIAN_POINT('',(0.822594516508,3.645230611472));
#2443 = CARTESIAN_POINT('',(0.838088145467,3.669596611654));
#2444 = CARTESIAN_POINT('',(0.852677082646,3.694556073903));
#2445 = CARTESIAN_POINT('',(0.86626923022,3.7201041186));
#2446 = CARTESIAN_POINT('',(0.878757486818,3.746237525995));
#2447 = CARTESIAN_POINT('',(0.89002079154,3.772956222115));
#2448 = CARTESIAN_POINT('',(0.891428658137,3.776295932787));
#2449 = CARTESIAN_POINT('',(0.892818036698,3.779646391697));
#2450 = CARTESIAN_POINT('',(0.894184955585,3.782998433628));
#2451 = CARTESIAN_POINT('',(0.895539188226,3.786376416829));
#2452 = CARTESIAN_POINT('',(0.896868596072,3.789751850098));
#2453 = CARTESIAN_POINT('',(0.89818146226,3.793145181582));
#2454 = CARTESIAN_POINT('',(0.899473044193,3.796545744468));
#2455 = CARTESIAN_POINT('',(0.900744418846,3.799956698515));
#2456 = CARTESIAN_POINT('',(0.90964389286,3.823832886742));
#2457 = CARTESIAN_POINT('',(0.917540160927,3.848187992244));
#2458 = CARTESIAN_POINT('',(0.924305823001,3.872925506731));
#2459 = CARTESIAN_POINT('',(0.929837357802,3.89796605766));
#2460 = CARTESIAN_POINT('',(0.934054053987,3.92324435598));
#2461 = CARTESIAN_POINT('',(0.936896941307,3.948706143886));
#2462 = CARTESIAN_POINT('',(0.938327721774,3.974305142577));
#2463 = CARTESIAN_POINT('',(0.938327700826,4.));
#2464 = ( GEOMETRIC_REPRESENTATION_CONTEXT(2) 
PARAMETRIC_REPRESENTATION_CONTEXT() REPRESENTATION_CONTEXT('2D SPACE',''
  ) );
#2465 = PCURVE('',#832,#2466);
#2466 = DEFINITIONAL_REPRESENTATION('',(#2467),#2493);
#2467 = B_SPLINE_CURVE_WITH_KNOTS('',8,(#2468,#2469,#2470,#2471,#2472,
    #2473,#2474,#2475,#2476,#2477,#2478,#2479,#2480,#2481,#2482,#2483,
    #2484,#2485,#2486,#2487,#2488,#2489,#2490,#2491,#2492),
  .UNSPECIFIED.,.F.,.F.,(9,8,8,9),(0.645670515381,0.822835257691,
    0.844980850479,1.),.UNSPECIFIED.);
#2468 = CARTESIAN_POINT('',(5.687751979333,0.734846974394));
#2469 = CARTESIAN_POINT('',(5.719792230113,0.72182085603));
#2470 = CARTESIAN_POINT('',(5.75223114688,0.708973996864));
#2471 = CARTESIAN_POINT('',(5.785147046576,0.696394317241));
#2472 = CARTESIAN_POINT('',(5.818619150326,0.684182670013));
#2473 = CARTESIAN_POINT('',(5.85272936894,0.672454247692));
#2474 = CARTESIAN_POINT('',(5.887566431066,0.661338412999));
#2475 = CARTESIAN_POINT('',(5.923232353975,0.650976952813));
#2476 = CARTESIAN_POINT('',(5.959851257007,0.641520755516));
#2477 = CARTESIAN_POINT('',(5.964428431658,0.640338778024));
#2478 = CARTESIAN_POINT('',(5.969022686972,0.639170398492));
#2479 = CARTESIAN_POINT('',(5.973621699231,0.638019067293));
#2480 = CARTESIAN_POINT('',(5.978259097319,0.636876635472));
#2481 = CARTESIAN_POINT('',(5.982896103757,0.635753420069));
#2482 = CARTESIAN_POINT('',(5.987560982336,0.634642540857));
#2483 = CARTESIAN_POINT('',(5.992239384927,0.633548082114));
#2484 = CARTESIAN_POINT('',(5.996935901689,0.632469231703));
#2485 = CARTESIAN_POINT('',(6.029810991785,0.624917524477));
#2486 = CARTESIAN_POINT('',(6.063531647597,0.618141077947));
#2487 = CARTESIAN_POINT('',(6.098057624465,0.612280442513));
#2488 = CARTESIAN_POINT('',(6.133377577028,0.607453963662));
#2489 = CARTESIAN_POINT('',(6.169505551988,0.603756364972));
#2490 = CARTESIAN_POINT('',(6.206477480869,0.601257331108));
#2491 = CARTESIAN_POINT('',(6.244347672781,0.600000090832));
#2492 = CARTESIAN_POINT('',(6.28318530718,0.6));
#2493 = ( GEOMETRIC_REPRESENTATION_CONTEXT(2) 
PARAMETRIC_REPRESENTATION_CONTEXT() REPRESENTATION_CONTEXT('2D SPACE',''
  ) );
#2494 = ORIENTED_EDGE('',*,*,#349,.F.);
#2495 = ORIENTED_EDGE('',*,*,#1821,.F.);
#2496 = ORIENTED_EDGE('',*,*,#2497,.F.);
#2497 = EDGE_CURVE('',#2498,#1510,#2500,.T.);
#2498 = VERTEX_POINT('',#2499);
#2499 = CARTESIAN_POINT('',(2.449293598295E-16,1.,-4.));
#2500 = SEAM_CURVE('',#2501,(#2504,#2511),.PCURVE_S1.);
#2501 = B_SPLINE_CURVE_WITH_KNOTS('',1,(#2502,#2503),.UNSPECIFIED.,.F.,
  .F.,(2,2),(0.,0.667949192431),.PIECEWISE_BEZIER_KNOTS.);
#2502 = CARTESIAN_POINT('',(2.449293598295E-16,1.,-4.));
#2503 = CARTESIAN_POINT('',(2.449293598295E-16,1.,-3.332050807569));
#2504 = PCURVE('',#461,#2505);
#2505 = DEFINITIONAL_REPRESENTATION('',(#2506),#2510);
#2506 = B_SPLINE_CURVE_WITH_KNOTS('',2,(#2507,#2508,#2509),
  .UNSPECIFIED.,.F.,.F.,(3,3),(0.,0.667949192431),
  .PIECEWISE_BEZIER_KNOTS.);
#2507 = CARTESIAN_POINT('',(6.28318530718,0.));
#2508 = CARTESIAN_POINT('',(6.28318530718,0.333974596216));
#2509 = CARTESIAN_POINT('',(6.28318530718,0.667949192431));
#2510 = ( GEOMETRIC_REPRESENTATION_CONTEXT(2) 
PARAMETRIC_REPRESENTATION_CONTEXT() REPRESENTATION_CONTEXT('2D SPACE',''
  ) );
#2511 = PCURVE('',#461,#2512);
#2512 = DEFINITIONAL_REPRESENTATION('',(#2513),#2517);
#2513 = B_SPLINE_CURVE_WITH_KNOTS('',2,(#2514,#2515,#2516),
  .UNSPECIFIED.,.F.,.F.,(3,3),(0.,0.667949192431),
  .PIECEWISE_BEZIER_KNOTS.);
#2514 = CARTESIAN_POINT('',(0.,0.));
#2515 = CARTESIAN_POINT('',(8.881784197001E-16,0.333974596216));
#2516 = CARTESIAN_POINT('',(0.,0.667949192431));
#2517 = ( GEOMETRIC_REPRESENTATION_CONTEXT(2) 
PARAMETRIC_REPRESENTATION_CONTEXT() REPRESENTATION_CONTEXT('2D SPACE',''
  ) );
#2518 = ORIENTED_EDGE('',*,*,#2519,.T.);
#2519 = EDGE_CURVE('',#2498,#2498,#2520,.T.);
#2520 = SURFACE_CURVE('',#2521,(#2529),.PCURVE_S1.);
#2521 = ( BOUNDED_CURVE() B_SPLINE_CURVE(2,(#2522,#2523,#2524,#2525,
#2526,#2527,#2528),.UNSPECIFIED.,.T.,.F.) B_SPLINE_CURVE_WITH_KNOTS((1,2
    ,2,2,2,1),(-2.094395102393,0.,2.094395102393,4.188790204786,
6.28318530718,8.377580409573),.UNSPECIFIED.) CURVE() 
GEOMETRIC_REPRESENTATION_ITEM() RATIONAL_B_SPLINE_CURVE((1.,0.5,1.,0.5,
1.,0.5,1.)) REPRESENTATION_ITEM('') );
#2522 = CARTESIAN_POINT('',(0.,1.,-4.));
#2523 = CARTESIAN_POINT('',(-1.732050807569,1.,-4.));
#2524 = CARTESIAN_POINT('',(-0.866025403784,-0.5,-4.));
#2525 = CARTESIAN_POINT('',(-2.449293598295E-16,-2.,-4.));
#2526 = CARTESIAN_POINT('',(0.866025403784,-0.5,-4.));
#2527 = CARTESIAN_POINT('',(1.732050807569,1.,-4.));
#2528 = CARTESIAN_POINT('',(0.,1.,-4.));
#2529 = PCURVE('',#461,#2530);
#2530 = DEFINITIONAL_REPRESENTATION('',(#2531),#2539);
#2531 = B_SPLINE_CURVE_WITH_KNOTS('',2,(#2532,#2533,#2534,#2535,#2536,
    #2537,#2538),.UNSPECIFIED.,.F.,.F.,(3,2,2,3),(0.,2.094395102393,
    4.188790204786,6.28318530718),.PIECEWISE_BEZIER_KNOTS.);
#2532 = CARTESIAN_POINT('',(0.,0.));
#2533 = CARTESIAN_POINT('',(1.047197551197,0.));
#2534 = CARTESIAN_POINT('',(2.094395102393,0.));
#2535 = CARTESIAN_POINT('',(3.14159265359,0.));
#2536 = CARTESIAN_POINT('',(4.188790204786,0.));
#2537 = CARTESIAN_POINT('',(5.235987755983,0.));
#2538 = CARTESIAN_POINT('',(6.28318530718,0.));
#2539 = ( GEOMETRIC_REPRESENTATION_CONTEXT(2) 
PARAMETRIC_REPRESENTATION_CONTEXT() REPRESENTATION_CONTEXT('2D SPACE',''
  ) );
#2540 = ORIENTED_EDGE('',*,*,#2497,.T.);
#2541 = ORIENTED_EDGE('',*,*,#1509,.F.);
#2542 = ORIENTED_EDGE('',*,*,#2543,.F.);
#2543 = EDGE_CURVE('',#2544,#1196,#2546,.T.);
#2544 = VERTEX_POINT('',#2545);
#2545 = CARTESIAN_POINT('',(0.760172228899,-0.649721619162,
    0.100078572537));
#2546 = SURFACE_CURVE('',#2547,(#2662,#2869),.PCURVE_S1.);
#2547 = B_SPLINE_CURVE_WITH_KNOTS('',8,(#2548,#2549,#2550,#2551,#2552,
    #2553,#2554,#2555,#2556,#2557,#2558,#2559,#2560,#2561,#2562,#2563,
    #2564,#2565,#2566,#2567,#2568,#2569,#2570,#2571,#2572,#2573,#2574,
    #2575,#2576,#2577,#2578,#2579,#2580,#2581,#2582,#2583,#2584,#2585,
    #2586,#2587,#2588,#2589,#2590,#2591,#2592,#2593,#2594,#2595,#2596,
    #2597,#2598,#2599,#2600,#2601,#2602,#2603,#2604,#2605,#2606,#2607,
    #2608,#2609,#2610,#2611,#2612,#2613,#2614,#2615,#2616,#2617,#2618,
    #2619,#2620,#2621,#2622,#2623,#2624,#2625,#2626,#2627,#2628,#2629,
    #2630,#2631,#2632,#2633,#2634,#2635,#2636,#2637,#2638,#2639,#2640,
    #2641,#2642,#2643,#2644,#2645,#2646,#2647,#2648,#2649,#2650,#2651,
    #2652,#2653,#2654,#2655,#2656,#2657,#2658,#2659,#2660,#2661),
  .UNSPECIFIED.,.T.,.F.,(9,7,7,7,7,7,7,7,7,7,7,7,7,7,7,7,9),(0.,
    2.798134317064E-02,6.961354620405E-02,0.140697528129,0.17882998172,
    0.22563917355,0.272448365381,0.310580818971,0.381470760576,
    0.422620722826,0.452577971105,0.553341198958,0.663486282507,
    0.700155467881,0.76315055417,0.897598511312,1.),.UNSPECIFIED.);
#2548 = CARTESIAN_POINT('',(0.6,0.8,-0.346410161514));
#2549 = CARTESIAN_POINT('',(0.6,0.8,-0.326173014026));
#2550 = CARTESIAN_POINT('',(0.600584885318,0.799561202528,
    -0.305950378653));
#2551 = CARTESIAN_POINT('',(0.601787911189,0.798659090062,
    -0.285798070999));
#2552 = CARTESIAN_POINT('',(0.603632973812,0.797271682206,
    -0.265765947442));
#2553 = CARTESIAN_POINT('',(0.606134513122,0.795379374178,
    -0.245897913603));
#2554 = CARTESIAN_POINT('',(0.609297415558,0.7929647753,-0.226231932832)
  );
#2555 = CARTESIAN_POINT('',(0.613116916842,0.790012547487,
    -0.206800034672));
#2556 = CARTESIAN_POINT('',(0.624216704067,0.781296833015,
    -0.159103581924));
#2557 = CARTESIAN_POINT('',(0.632241664935,0.77489194856,-0.131305303236
    ));
#2558 = CARTESIAN_POINT('',(0.641586979488,0.767268567469,
    -0.104286051779));
#2559 = CARTESIAN_POINT('',(0.652145909224,0.758410334526,
    -7.809522873624E-02));
#2560 = CARTESIAN_POINT('',(0.663771613702,0.74831777324,
    -5.278396161352E-02));
#2561 = CARTESIAN_POINT('',(0.676280751178,0.737017929711,
    -2.840862712416E-02));
#2562 = CARTESIAN_POINT('',(0.689460451187,0.724576449319,
    -5.033007332591E-03));
#2563 = CARTESIAN_POINT('',(0.726330766109,0.688122658031,
    5.53532687347E-02));
#2564 = CARTESIAN_POINT('',(0.751007761556,0.662006154387,
    9.055152145008E-02));
#2565 = CARTESIAN_POINT('',(0.776352881464,0.632919872814,0.123047814318
    ));
#2566 = CARTESIAN_POINT('',(0.801683378888,0.601046430989,0.152967454014
    ));
#2567 = CARTESIAN_POINT('',(0.826437201162,0.566592108329,0.180398911182
    ));
#2568 = CARTESIAN_POINT('',(0.85016922434,0.529761327751,0.20540883749)
  );
#2569 = CARTESIAN_POINT('',(0.87252205715,0.490733281171,0.228047135555)
  );
#2570 = CARTESIAN_POINT('',(0.904287032876,0.427636852923,0.259221510321
    ));
#2571 = CARTESIAN_POINT('',(0.914892514886,0.405024542755,0.26942811192)
  );
#2572 = CARTESIAN_POINT('',(0.924962104941,0.381864375588,0.278956131586
    ));
#2573 = CARTESIAN_POINT('',(0.93445025242,0.358192228835,0.287803716884)
  );
#2574 = CARTESIAN_POINT('',(0.943316291626,0.334045038584,0.295968163769
    ));
#2575 = CARTESIAN_POINT('',(0.95152410942,0.309460584682,0.303446134147)
  );
#2576 = CARTESIAN_POINT('',(0.959041812872,0.284477275808,0.310233873423
    ));
#2577 = CARTESIAN_POINT('',(0.974188172492,0.228023916438,0.323807522863
    ));
#2578 = CARTESIAN_POINT('',(0.98145255219,0.196372460732,0.330241319849)
  );
#2579 = CARTESIAN_POINT('',(0.987579511846,0.164264238039,0.335618304868
    ));
#2580 = CARTESIAN_POINT('',(0.992525172403,0.131786897063,0.339929638554
    ));
#2581 = CARTESIAN_POINT('',(0.996256669164,9.903028679421E-02,
    0.343168332605));
#2582 = CARTESIAN_POINT('',(0.998752021075,6.608567867675E-02,
    0.345329426047));
#2583 = CARTESIAN_POINT('',(1.,3.304498878572E-02,0.346410161514));
#2584 = CARTESIAN_POINT('',(1.,-3.304498878571E-02,0.346410161514));
#2585 = CARTESIAN_POINT('',(0.998752021075,-6.608567867674E-02,
    0.345329426048));
#2586 = CARTESIAN_POINT('',(0.996256669164,-9.90302867942E-02,
    0.343168332605));
#2587 = CARTESIAN_POINT('',(0.992525172403,-0.131786897063,
    0.339929638554));
#2588 = CARTESIAN_POINT('',(0.987579511846,-0.164264238039,
    0.335618304868));
#2589 = CARTESIAN_POINT('',(0.98145255219,-0.196372460732,0.330241319849
    ));
#2590 = CARTESIAN_POINT('',(0.974188172492,-0.228023916438,
    0.323807522863));
#2591 = CARTESIAN_POINT('',(0.959041812872,-0.284477275808,
    0.310233873423));
#2592 = CARTESIAN_POINT('',(0.95152410942,-0.309460584682,0.303446134147
    ));
#2593 = CARTESIAN_POINT('',(0.943316291626,-0.334045038584,
    0.295968163769));
#2594 = CARTESIAN_POINT('',(0.93445025242,-0.358192228835,0.287803716884
    ));
#2595 = CARTESIAN_POINT('',(0.924962104941,-0.381864375588,
    0.278956131586));
#2596 = CARTESIAN_POINT('',(0.914892514886,-0.405024542755,0.26942811192
    ));
#2597 = CARTESIAN_POINT('',(0.904287032876,-0.427636852923,
    0.259221510321));
#2598 = CARTESIAN_POINT('',(0.872578492668,-0.490621180358,
    0.228102521776));
#2599 = CARTESIAN_POINT('',(0.850290968881,-0.529548792772,0.20553213949
    ));
#2600 = CARTESIAN_POINT('',(0.82663090672,-0.566291399578,0.180603041686
    ));
#2601 = CARTESIAN_POINT('',(0.80195281281,-0.600671209718,0.153265962616
    ));
#2602 = CARTESIAN_POINT('',(0.776697651052,-0.63248579514,0.123454892888
    ));
#2603 = CARTESIAN_POINT('',(0.751421761421,-0.661530761228,
    9.108207545587E-02));
#2604 = CARTESIAN_POINT('',(0.726800945602,-0.687624710798,
    5.602338487E-02));
#2605 = CARTESIAN_POINT('',(0.690108635279,-0.723954225807,
    -3.91510060257E-03));
#2606 = CARTESIAN_POINT('',(0.67705517611,-0.736300287094,
    -2.697743211938E-02));
#2607 = CARTESIAN_POINT('',(0.664648700447,-0.747534016657,
    -5.101872732355E-02));
#2608 = CARTESIAN_POINT('',(0.653095274889,-0.757590809378,
    -7.597763178165E-02));
#2609 = CARTESIAN_POINT('',(0.64257316107,-0.766443123625,
    -0.101799938527));
#2610 = CARTESIAN_POINT('',(0.633226181703,-0.774089074341,
    -0.128436640115));
#2611 = CARTESIAN_POINT('',(0.625160215693,-0.780543256735,
    -0.155840720406));
#2612 = CARTESIAN_POINT('',(0.613552547628,-0.789678414238,
    -0.204435528891));
#2613 = CARTESIAN_POINT('',(0.609395517253,-0.792893442067,
    -0.225210226548));
#2614 = CARTESIAN_POINT('',(0.605990755183,-0.795491241668,
    -0.246256070849));
#2615 = CARTESIAN_POINT('',(0.603344570192,-0.797490538839,
    -0.267534642776));
#2616 = CARTESIAN_POINT('',(0.601450706966,-0.798912668433,
    -0.288999776993));
#2617 = CARTESIAN_POINT('',(0.600290497205,-0.799781815203,
    -0.310597526333));
#2618 = CARTESIAN_POINT('',(0.599833010718,-0.800125254655,
    -0.332266126276));
#2619 = CARTESIAN_POINT('',(0.6007153058,-0.799463472672,-0.426823906802
    ));
#2620 = CARTESIAN_POINT('',(0.608858945788,-0.793354704395,
    -0.499459271142));
#2621 = CARTESIAN_POINT('',(0.622787595016,-0.782863424891,
    -0.571529884101));
#2622 = CARTESIAN_POINT('',(0.640826043451,-0.768619087433,
    -0.642501970925));
#2623 = CARTESIAN_POINT('',(0.661638379099,-0.751057042764,
    -0.711904946485));
#2624 = CARTESIAN_POINT('',(0.684316401616,-0.730464683509,
    -0.779548080223));
#2625 = CARTESIAN_POINT('',(0.708321897126,-0.706851625595,
    -0.845590525148));
#2626 = CARTESIAN_POINT('',(0.760779998798,-0.650259792755,
    -0.981214878663));
#2627 = CARTESIAN_POINT('',(0.789068909861,-0.61701142652,
    -1.049600100323));
#2628 = CARTESIAN_POINT('',(0.81772431114,-0.579851762841,
    -1.115777010778));
#2629 = CARTESIAN_POINT('',(0.84633753605,-0.538390139457,
    -1.179587045089));
#2630 = CARTESIAN_POINT('',(0.874386390597,-0.492180838373,
    -1.240448854988));
#2631 = CARTESIAN_POINT('',(0.901154264101,-0.440803609432,
    -1.297328934564));
#2632 = CARTESIAN_POINT('',(0.925720774452,-0.383929641979,
    -1.348722349844));
#2633 = CARTESIAN_POINT('',(0.954010762185,-0.300577449742,
    -1.407279561507));
#2634 = CARTESIAN_POINT('',(0.960718797993,-0.279094582159,
    -1.421104126408));
#2635 = CARTESIAN_POINT('',(0.967012513933,-0.256972936028,
    -1.434024516144));
#2636 = CARTESIAN_POINT('',(0.972837591355,-0.234240684594,
    -1.445942334433));
#2637 = CARTESIAN_POINT('',(0.978142089699,-0.210928460292,
    -1.456763842605));
#2638 = CARTESIAN_POINT('',(0.982876659372,-0.18706920158,-1.46639986305
    ));
#2639 = CARTESIAN_POINT('',(0.986994754624,-0.162697999787,
    -1.474765682677));
#2640 = CARTESIAN_POINT('',(0.996393605389,-9.516816965667E-02,
    -1.493832704077));
#2641 = CARTESIAN_POINT('',(1.000369811822,-5.120230339313E-02,
    -1.501864810364));
#2642 = CARTESIAN_POINT('',(1.002133745843,-6.485263921838E-03,
    -1.505415626342));
#2643 = CARTESIAN_POINT('',(1.001560385777,3.843575363446E-02,
    -1.504258445342));
#2644 = CARTESIAN_POINT('',(0.998652835658,8.30076281337E-02,
    -1.498399473736));
#2645 = CARTESIAN_POINT('',(0.99354343788,0.126681038115,-1.488078067136
    ));
#2646 = CARTESIAN_POINT('',(0.986490571,0.168919560858,-1.473769231946)
  );
#2647 = CARTESIAN_POINT('',(0.959475001486,0.295194499084,-1.41866629149
    ));
#2648 = CARTESIAN_POINT('',(0.933831011129,0.37282027758,-1.36601126253)
  );
#2649 = CARTESIAN_POINT('',(0.90336916539,0.441920177627,-1.302659368476
    ));
#2650 = CARTESIAN_POINT('',(0.870083195314,0.502906771932,
    -1.231986147155));
#2651 = CARTESIAN_POINT('',(0.835457945495,0.556473538021,
    -1.156393956977));
#2652 = CARTESIAN_POINT('',(0.800576821261,0.603435155106,
    -1.077267671254));
#2653 = CARTESIAN_POINT('',(0.766079144787,0.644597769354,
    -0.995010878301));
#2654 = CARTESIAN_POINT('',(0.707562532688,0.707628403962,-0.84355307566
    ));
#2655 = CARTESIAN_POINT('',(0.683340376328,0.731397285877,
    -0.776777155753));
#2656 = CARTESIAN_POINT('',(0.660484965658,0.752085383413,-0.70836548186
    ));
#2657 = CARTESIAN_POINT('',(0.639559031028,0.769675749909,
    -0.638148448018));
#2658 = CARTESIAN_POINT('',(0.621515273872,0.783861942017,
    -0.566352586333));
#2659 = CARTESIAN_POINT('',(0.607749602403,0.794188348225,
    -0.493483187662));
#2660 = CARTESIAN_POINT('',(0.6,0.8,-0.420061291855));
#2661 = CARTESIAN_POINT('',(0.6,0.8,-0.346410161514));
#2662 = PCURVE('',#461,#2663);
#2663 = DEFINITIONAL_REPRESENTATION('',(#2664),#2868);
#2664 = B_SPLINE_CURVE_WITH_KNOTS('',8,(#2665,#2666,#2667,#2668,#2669,
    #2670,#2671,#2672,#2673,#2674,#2675,#2676,#2677,#2678,#2679,#2680,
    #2681,#2682,#2683,#2684,#2685,#2686,#2687,#2688,#2689,#2690,#2691,
    #2692,#2693,#2694,#2695,#2696,#2697,#2698,#2699,#2700,#2701,#2702,
    #2703,#2704,#2705,#2706,#2707,#2708,#2709,#2710,#2711,#2712,#2713,
    #2714,#2715,#2716,#2717,#2718,#2719,#2720,#2721,#2722,#2723,#2724,
    #2725,#2726,#2727,#2728,#2729,#2730,#2731,#2732,#2733,#2734,#2735,
    #2736,#2737,#2738,#2739,#2740,#2741,#2742,#2743,#2744,#2745,#2746,
    #2747,#2748,#2749,#2750,#2751,#2752,#2753,#2754,#2755,#2756,#2757,
    #2758,#2759,#2760,#2761,#2762,#2763,#2764,#2765,#2766,#2767,#2768,
    #2769,#2770,#2771,#2772,#2773,#2774,#2775,#2776,#2777,#2778,#2779,
    #2780,#2781,#2782,#2783,#2784,#2785,#2786,#2787,#2788,#2789,#2790,
    #2791,#2792,#2793,#2794,#2795,#2796,#2797,#2798,#2799,#2800,#2801,
    #2802,#2803,#2804,#2805,#2806,#2807,#2808,#2809,#2810,#2811,#2812,
    #2813,#2814,#2815,#2816,#2817,#2818,#2819,#2820,#2821,#2822,#2823,
    #2824,#2825,#2826,#2827,#2828,#2829,#2830,#2831,#2832,#2833,#2834,
    #2835,#2836,#2837,#2838,#2839,#2840,#2841,#2842,#2843,#2844,#2845,
    #2846,#2847,#2848,#2849,#2850,#2851,#2852,#2853,#2854,#2855,#2856,
    #2857,#2858,#2859,#2860,#2861,#2862,#2863,#2864,#2865,#2866,#2867),
  .UNSPECIFIED.,.F.,.F.,(9,7,7,7,7,7,7,8,8,8,8,8,8,8,8,8,8,8,8,8,8,8,8,8
    ,8,8,9),(0.360769483158,0.37650966673,0.380321742438,0.384104036305,
    0.414125993876,0.421162390182,0.424625616488,0.452114975297,
    0.477886249181,0.526207387713,0.54734788582,0.552302690064,
    0.557180075492,0.595589485735,0.612393602716,0.616332067634,
    0.618270530835,0.622117168751,0.652409442336,0.659035877183,
    0.665455235941,0.690330251128,0.701213070272,0.742023642063,
    0.757327606484,0.764023090919,0.864455357435),.UNSPECIFIED.);
#2665 = CARTESIAN_POINT('',(3.977369967225,4.100078574085));
#2666 = CARTESIAN_POINT('',(3.968044741122,4.09289686902));
#2667 = CARTESIAN_POINT('',(3.958883877636,4.085586339142));
#2668 = CARTESIAN_POINT('',(3.949890125791,4.07814575888));
#2669 = CARTESIAN_POINT('',(3.941066494249,4.070573798727));
#2670 = CARTESIAN_POINT('',(3.932416251311,4.062869025242));
#2671 = CARTESIAN_POINT('',(3.923942924917,4.055029901048));
#2672 = CARTESIAN_POINT('',(3.915650302647,4.047054784835));
#2673 = CARTESIAN_POINT('',(3.905578807088,4.036977097782));
#2674 = CARTESIAN_POINT('',(3.90362601582,4.035004185805));
#2675 = CARTESIAN_POINT('',(3.901684117165,4.033023169283));
#2676 = CARTESIAN_POINT('',(3.899753170374,4.031034022073));
#2677 = CARTESIAN_POINT('',(3.897833234697,4.02903671803));
#2678 = CARTESIAN_POINT('',(3.895924369384,4.027031231009));
#2679 = CARTESIAN_POINT('',(3.894026633686,4.025017534865));
#2680 = CARTESIAN_POINT('',(3.89026826153,4.020989449245));
#2681 = CARTESIAN_POINT('',(3.888407426607,4.018975146358));
#2682 = CARTESIAN_POINT('',(3.886558117773,4.01695321992));
#2683 = CARTESIAN_POINT('',(3.884719368203,4.014922500281));
#2684 = CARTESIAN_POINT('',(3.882890687564,4.012882325644));
#2685 = CARTESIAN_POINT('',(3.881072675036,4.010833233765));
#2686 = CARTESIAN_POINT('',(3.879266266335,4.008776142731));
#2687 = CARTESIAN_POINT('',(3.863218140512,3.990310799447));
#2688 = CARTESIAN_POINT('',(3.849666479673,3.97336748602));
#2689 = CARTESIAN_POINT('',(3.836887454638,3.955906147011));
#2690 = CARTESIAN_POINT('',(3.824939715149,3.937950434059));
#2691 = CARTESIAN_POINT('',(3.813869972736,3.919522061197));
#2692 = CARTESIAN_POINT('',(3.803714235151,3.900641282097));
#2693 = CARTESIAN_POINT('',(3.794499040808,3.881327367304));
#2694 = CARTESIAN_POINT('',(3.784307556947,3.856975268656));
#2695 = CARTESIAN_POINT('',(3.782425160044,3.852328697236));
#2696 = CARTESIAN_POINT('',(3.780595668835,3.847659610544));
#2697 = CARTESIAN_POINT('',(3.778819249643,3.842968251906));
#2698 = CARTESIAN_POINT('',(3.777096068785,3.83825486465));
#2699 = CARTESIAN_POINT('',(3.775426292582,3.8335196921));
#2700 = CARTESIAN_POINT('',(3.773810087354,3.828762977585));
#2701 = CARTESIAN_POINT('',(3.771478554917,3.82163324038));
#2702 = CARTESIAN_POINT('',(3.770722556703,3.819276549839));
#2703 = CARTESIAN_POINT('',(3.76997956267,3.816914784933));
#2704 = CARTESIAN_POINT('',(3.76924918242,3.814546478636));
#2705 = CARTESIAN_POINT('',(3.7685323301,3.812174703766));
#2706 = CARTESIAN_POINT('',(3.767829426051,3.809801014345));
#2707 = CARTESIAN_POINT('',(3.767139264249,3.807421471716));
#2708 = CARTESIAN_POINT('',(3.761091822787,3.786125466154));
#2709 = CARTESIAN_POINT('',(3.756559717785,3.766968817532));
#2710 = CARTESIAN_POINT('',(3.752861253929,3.747594524193));
#2711 = CARTESIAN_POINT('',(3.749984427506,3.728033778372));
#2712 = CARTESIAN_POINT('',(3.74791030467,3.708323292276));
#2713 = CARTESIAN_POINT('',(3.746613021445,3.688505298082));
#2714 = CARTESIAN_POINT('',(3.746059783728,3.668627547934));
#2715 = CARTESIAN_POINT('',(3.746210867283,3.64874331395));
#2716 = CARTESIAN_POINT('',(3.746352390075,3.630100504955));
#2717 = CARTESIAN_POINT('',(3.7471126987,3.611469048541));
#2718 = CARTESIAN_POINT('',(3.748456792528,3.592868865264));
#2719 = CARTESIAN_POINT('',(3.75035200236,3.574281120818));
#2720 = CARTESIAN_POINT('',(3.75276758417,3.555741825345));
#2721 = CARTESIAN_POINT('',(3.755674935761,3.537234097312));
#2722 = CARTESIAN_POINT('',(3.759047326686,3.51877875538));
#2723 = CARTESIAN_POINT('',(3.762860045497,3.500377805665));
#2724 = CARTESIAN_POINT('',(3.770008951786,3.465876383924));
#2725 = CARTESIAN_POINT('',(3.778705625793,3.431569131571));
#2726 = CARTESIAN_POINT('',(3.788787656833,3.397504123395));
#2727 = CARTESIAN_POINT('',(3.800116004475,3.363725458818));
#2728 = CARTESIAN_POINT('',(3.812575990662,3.330270054736));
#2729 = CARTESIAN_POINT('',(3.826078291841,3.29716443836));
#2730 = CARTESIAN_POINT('',(3.840559931075,3.264421540051));
#2731 = CARTESIAN_POINT('',(3.855985270177,3.232037486161));
#2732 = CARTESIAN_POINT('',(3.862733858065,3.217869520981));
#2733 = CARTESIAN_POINT('',(3.869663195966,3.203770390391));
#2734 = CARTESIAN_POINT('',(3.876770251998,3.189739869256));
#2735 = CARTESIAN_POINT('',(3.884053122674,3.175777228297));
#2736 = CARTESIAN_POINT('',(3.891511032896,3.161881234091));
#2737 = CARTESIAN_POINT('',(3.899144335963,3.148050149072));
#2738 = CARTESIAN_POINT('',(3.906954513567,3.134281731528));
#2739 = CARTESIAN_POINT('',(3.914944175792,3.120573235605));
#2740 = CARTESIAN_POINT('',(3.916816765978,3.117360307433));
#2741 = CARTESIAN_POINT('',(3.918699208235,3.11415067665));
#2742 = CARTESIAN_POINT('',(3.920591547202,3.110944305442));
#2743 = CARTESIAN_POINT('',(3.922493827518,3.107741155996));
#2744 = CARTESIAN_POINT('',(3.924406093824,3.104541190498));
#2745 = CARTESIAN_POINT('',(3.92632839076,3.101344371133));
#2746 = CARTESIAN_POINT('',(3.928260762965,3.098150660088));
#2747 = CARTESIAN_POINT('',(3.93020325508,3.094960019549));
#2748 = CARTESIAN_POINT('',(3.932115467614,3.091819125636));
#2749 = CARTESIAN_POINT('',(3.934036679268,3.08868252673));
#2750 = CARTESIAN_POINT('',(3.93597193365,3.085542089975));
#2751 = CARTESIAN_POINT('',(3.937907317217,3.08242049758));
#2752 = CARTESIAN_POINT('',(3.939859388105,3.079290721827));
#2753 = CARTESIAN_POINT('',(3.941815519283,3.076173434914));
#2754 = CARTESIAN_POINT('',(3.943782300194,3.073057871476));
#2755 = CARTESIAN_POINT('',(3.945757507022,3.069947702608));
#2756 = CARTESIAN_POINT('',(3.961312624246,3.045454566304));
#2757 = CARTESIAN_POINT('',(3.977416120019,3.021253459702));
#2758 = CARTESIAN_POINT('',(3.99408073031,2.997337330916));
#2759 = CARTESIAN_POINT('',(4.011324114301,2.97370501722));
#2760 = CARTESIAN_POINT('',(4.029168551706,2.950361388463));
#2761 = CARTESIAN_POINT('',(4.047640640077,2.92731749049));
#2762 = CARTESIAN_POINT('',(4.066770992121,2.904590688554));
#2763 = CARTESIAN_POINT('',(4.086593933007,2.882204810741));
#2764 = CARTESIAN_POINT('',(4.095266478034,2.872410987926));
#2765 = CARTESIAN_POINT('',(4.104071615503,2.862682422319));
#2766 = CARTESIAN_POINT('',(4.113012230785,2.853021104546));
#2767 = CARTESIAN_POINT('',(4.122091366853,2.843429265489));
#2768 = CARTESIAN_POINT('',(4.131312224282,2.833909376294));
#2769 = CARTESIAN_POINT('',(4.140678161244,2.824464148367));
#2770 = CARTESIAN_POINT('',(4.150192693515,2.815096533373));
#2771 = CARTESIAN_POINT('',(4.159859494473,2.80580972324));
#2772 = CARTESIAN_POINT('',(4.162125152537,2.803633128652));
#2773 = CARTESIAN_POINT('',(4.164399173838,2.801460970736));
#2774 = CARTESIAN_POINT('',(4.166681607138,2.79929329248));
#2775 = CARTESIAN_POINT('',(4.168972501198,2.797130136873));
#2776 = CARTESIAN_POINT('',(4.171271904781,2.794971546904));
#2777 = CARTESIAN_POINT('',(4.173579866646,2.792817565562));
#2778 = CARTESIAN_POINT('',(4.175896435557,2.790668235836));
#2779 = CARTESIAN_POINT('',(4.178221660275,2.788523600714));
#2780 = CARTESIAN_POINT('',(4.179366086151,2.787468019747));
#2781 = CARTESIAN_POINT('',(4.180512627332,2.786413592814));
#2782 = CARTESIAN_POINT('',(4.181661283817,2.785360319913));
#2783 = CARTESIAN_POINT('',(4.182812055607,2.784308201045));
#2784 = CARTESIAN_POINT('',(4.183964942702,2.78325723621));
#2785 = CARTESIAN_POINT('',(4.185119945101,2.782207425408));
#2786 = CARTESIAN_POINT('',(4.186277062804,2.781158768639));
#2787 = CARTESIAN_POINT('',(4.187436295812,2.780111265903));
#2788 = CARTESIAN_POINT('',(4.189736430977,2.778032665689));
#2789 = CARTESIAN_POINT('',(4.192049155739,2.775958674771));
#2790 = CARTESIAN_POINT('',(4.194347962301,2.773889336066));
#2791 = CARTESIAN_POINT('',(4.196669175813,2.771824694675));
#2792 = CARTESIAN_POINT('',(4.198976156185,2.76976479507));
#2793 = CARTESIAN_POINT('',(4.201295753766,2.767709682958));
#2794 = CARTESIAN_POINT('',(4.203614054693,2.76565940376));
#2795 = CARTESIAN_POINT('',(4.205935894959,2.763614004895));
#2796 = CARTESIAN_POINT('',(4.224219615604,2.747506478796));
#2797 = CARTESIAN_POINT('',(4.242666056186,2.731701632476));
#2798 = CARTESIAN_POINT('',(4.261275046774,2.716222307919));
#2799 = CARTESIAN_POINT('',(4.280046626779,2.701094005984));
#2800 = CARTESIAN_POINT('',(4.298981044961,2.686344886403));
#2801 = CARTESIAN_POINT('',(4.318078759422,2.672005767785));
#2802 = CARTESIAN_POINT('',(4.337340437611,2.658110127611));
#2803 = CARTESIAN_POINT('',(4.356766956322,2.644694102238));
#2804 = CARTESIAN_POINT('',(4.361016511772,2.641759359554));
#2805 = CARTESIAN_POINT('',(4.365273955103,2.63884754981));
#2806 = CARTESIAN_POINT('',(4.369539297962,2.635959066997));
#2807 = CARTESIAN_POINT('',(4.373812551993,2.633094305108));
#2808 = CARTESIAN_POINT('',(4.378093728842,2.630253658133));
#2809 = CARTESIAN_POINT('',(4.382382840154,2.627437520064));
#2810 = CARTESIAN_POINT('',(4.386679897575,2.624646284892));
#2811 = CARTESIAN_POINT('',(4.390984912749,2.62188034661));
#2812 = CARTESIAN_POINT('',(4.395155381698,2.619200862899));
#2813 = CARTESIAN_POINT('',(4.399333501114,2.616545035959));
#2814 = CARTESIAN_POINT('',(4.403518312981,2.61391379507));
#2815 = CARTESIAN_POINT('',(4.407712270484,2.611306090772));
#2816 = CARTESIAN_POINT('',(4.411912532316,2.608724003876));
#2817 = CARTESIAN_POINT('',(4.416118523671,2.60616824786));
#2818 = CARTESIAN_POINT('',(4.42033649458,2.603635501908));
#2819 = CARTESIAN_POINT('',(4.424561806232,2.601129011922));
#2820 = CARTESIAN_POINT('',(4.440935480078,2.591416006232));
#2821 = CARTESIAN_POINT('',(4.457436454562,2.582086831144));
#2822 = CARTESIAN_POINT('',(4.474053745509,2.573173259428));
#2823 = CARTESIAN_POINT('',(4.490777289139,2.564706089232));
#2824 = CARTESIAN_POINT('',(4.507597942067,2.556715144083));
#2825 = CARTESIAN_POINT('',(4.524507481308,2.549229272888));
#2826 = CARTESIAN_POINT('',(4.541498604271,2.542276349934));
#2827 = CARTESIAN_POINT('',(4.558564928762,2.535883274883));
#2828 = CARTESIAN_POINT('',(4.566031328302,2.53308633503));
#2829 = CARTESIAN_POINT('',(4.573512902886,2.530396356794));
#2830 = CARTESIAN_POINT('',(4.581005934775,2.527816402224));
#2831 = CARTESIAN_POINT('',(4.588515809424,2.525347186007));
#2832 = CARTESIAN_POINT('',(4.596036947348,2.522992206388));
#2833 = CARTESIAN_POINT('',(4.603567190023,2.520754042118));
#2834 = CARTESIAN_POINT('',(4.611116572273,2.518632116222));
#2835 = CARTESIAN_POINT('',(4.618670413544,2.516632227361));
#2836 = CARTESIAN_POINT('',(4.646998018128,2.509132417574));
#2837 = CARTESIAN_POINT('',(4.675422739923,2.503338784745));
#2838 = CARTESIAN_POINT('',(4.703832027832,2.499371347231));
#2839 = CARTESIAN_POINT('',(4.732126001547,2.497308986906));
#2840 = CARTESIAN_POINT('',(4.760213886536,2.497189416494));
#2841 = CARTESIAN_POINT('',(4.788010449017,2.499009146891));
#2842 = CARTESIAN_POINT('',(4.815432430943,2.502723454499));
#2843 = CARTESIAN_POINT('',(4.842394984981,2.508246348552));
#2844 = CARTESIAN_POINT('',(4.852505960059,2.510317429855));
#2845 = CARTESIAN_POINT('',(4.86255230852,2.512642831266));
#2846 = CARTESIAN_POINT('',(4.872529612253,2.515218016361));
#2847 = CARTESIAN_POINT('',(4.882433385043,2.518037623233));
#2848 = CARTESIAN_POINT('',(4.892259072578,2.521095464498));
#2849 = CARTESIAN_POINT('',(4.902002052444,2.52438452729));
#2850 = CARTESIAN_POINT('',(4.91165763413,2.527896973263));
#2851 = CARTESIAN_POINT('',(4.921221059023,2.531624138592));
#2852 = CARTESIAN_POINT('',(4.925404991031,2.533254742929));
#2853 = CARTESIAN_POINT('',(4.929571612997,2.534926606606));
#2854 = CARTESIAN_POINT('',(4.933719547907,2.536638534467));
#2855 = CARTESIAN_POINT('',(4.937849335529,2.538390223398));
#2856 = CARTESIAN_POINT('',(4.941960799867,2.540181000226));
#2857 = CARTESIAN_POINT('',(4.946052535147,2.542009573689));
#2858 = CARTESIAN_POINT('',(4.95012351034,2.543874800469));
#2859 = CARTESIAN_POINT('',(4.954176792214,2.545777465304));
#2860 = CARTESIAN_POINT('',(5.014975066011,2.574317079374));
#2861 = CARTESIAN_POINT('',(5.071622135512,2.611204357095));
#2862 = CARTESIAN_POINT('',(5.124614393325,2.654606542009));
#2863 = CARTESIAN_POINT('',(5.174309276791,2.703015308552));
#2864 = CARTESIAN_POINT('',(5.220987800614,2.75523757293));
#2865 = CARTESIAN_POINT('',(5.264888931798,2.810390303257));
#2866 = CARTESIAN_POINT('',(5.306215806889,2.867899328982));
#2867 = CARTESIAN_POINT('',(5.345113791524,2.927502149583));
#2868 = ( GEOMETRIC_REPRESENTATION_CONTEXT(2) 
PARAMETRIC_REPRESENTATION_CONTEXT() REPRESENTATION_CONTEXT('2D SPACE',''
  ) );
#2869 = PCURVE('',#1216,#2870);
#2870 = DEFINITIONAL_REPRESENTATION('',(#2871),#3099);
#2871 = B_SPLINE_CURVE_WITH_KNOTS('',8,(#2872,#2873,#2874,#2875,#2876,
    #2877,#2878,#2879,#2880,#2881,#2882,#2883,#2884,#2885,#2886,#2887,
    #2888,#2889,#2890,#2891,#2892,#2893,#2894,#2895,#2896,#2897,#2898,
    #2899,#2900,#2901,#2902,#2903,#2904,#2905,#2906,#2907,#2908,#2909,
    #2910,#2911,#2912,#2913,#2914,#2915,#2916,#2917,#2918,#2919,#2920,
    #2921,#2922,#2923,#2924,#2925,#2926,#2927,#2928,#2929,#2930,#2931,
    #2932,#2933,#2934,#2935,#2936,#2937,#2938,#2939,#2940,#2941,#2942,
    #2943,#2944,#2945,#2946,#2947,#2948,#2949,#2950,#2951,#2952,#2953,
    #2954,#2955,#2956,#2957,#2958,#2959,#2960,#2961,#2962,#2963,#2964,
    #2965,#2966,#2967,#2968,#2969,#2970,#2971,#2972,#2973,#2974,#2975,
    #2976,#2977,#2978,#2979,#2980,#2981,#2982,#2983,#2984,#2985,#2986,
    #2987,#2988,#2989,#2990,#2991,#2992,#2993,#2994,#2995,#2996,#2997,
    #2998,#2999,#3000,#3001,#3002,#3003,#3004,#3005,#3006,#3007,#3008,
    #3009,#3010,#3011,#3012,#3013,#3014,#3015,#3016,#3017,#3018,#3019,
    #3020,#3021,#3022,#3023,#3024,#3025,#3026,#3027,#3028,#3029,#3030,
    #3031,#3032,#3033,#3034,#3035,#3036,#3037,#3038,#3039,#3040,#3041,
    #3042,#3043,#3044,#3045,#3046,#3047,#3048,#3049,#3050,#3051,#3052,
    #3053,#3054,#3055,#3056,#3057,#3058,#3059,#3060,#3061,#3062,#3063,
    #3064,#3065,#3066,#3067,#3068,#3069,#3070,#3071,#3072,#3073,#3074,
    #3075,#3076,#3077,#3078,#3079,#3080,#3081,#3082,#3083,#3084,#3085,
    #3086,#3087,#3088,#3089,#3090,#3091,#3092,#3093,#3094,#3095,#3096,
    #3097,#3098),.UNSPECIFIED.,.F.,.F.,(9,7,7,7,7,7,7,8,8,8,8,8,8,8,8,8,
    8,8,8,8,8,8,8,8,8,8,8,8,8,9),(0.360769483158,0.37650966673,
    0.380321742438,0.384104036305,0.414125993876,0.421162390182,
    0.424625616488,0.452114975297,0.465000612239,0.514932455389,
    0.536777636767,0.547017565537,0.551977531036,0.554418764055,
    0.6319279124,0.639194395057,0.642714097594,0.644446451187,
    0.645305860977,0.659002704505,0.662212902207,0.668532978933,
    0.693023276246,0.698380528783,0.703570367178,0.743791614743,
    0.758874582579,0.762173981793,0.774959153749,0.864455357435),
  .UNSPECIFIED.);
#2872 = CARTESIAN_POINT('',(2.557616394894,0.608289172976));
#2873 = CARTESIAN_POINT('',(2.571442400011,0.607107607186));
#2874 = CARTESIAN_POINT('',(2.585205487638,0.605999122652));
#2875 = CARTESIAN_POINT('',(2.598908327232,0.604970174556));
#2876 = CARTESIAN_POINT('',(2.612553557557,0.604027475087));
#2877 = CARTESIAN_POINT('',(2.626143786682,0.603177993449));
#2878 = CARTESIAN_POINT('',(2.639681591983,0.602428955853));
#2879 = CARTESIAN_POINT('',(2.653169520145,0.601787845522));
#2880 = CARTESIAN_POINT('',(2.669865227192,0.601135147686));
#2881 = CARTESIAN_POINT('',(2.673117590816,0.601014674147));
#2882 = CARTESIAN_POINT('',(2.676367214574,0.600901093852));
#2883 = CARTESIAN_POINT('',(2.679614135011,0.600794518582));
#2884 = CARTESIAN_POINT('',(2.682858388673,0.600695060119));
#2885 = CARTESIAN_POINT('',(2.686100012106,0.600602830243));
#2886 = CARTESIAN_POINT('',(2.689339041856,0.600517940734));
#2887 = CARTESIAN_POINT('',(2.6957865887,0.600363674286));
#2888 = CARTESIAN_POINT('',(2.698996061837,0.600294167867));
#2889 = CARTESIAN_POINT('',(2.702200242161,0.600232162997));
#2890 = CARTESIAN_POINT('',(2.70540501405,0.600177655679));
#2891 = CARTESIAN_POINT('',(2.708609344652,0.600130795948));
#2892 = CARTESIAN_POINT('',(2.71181033572,0.600091766891));
#2893 = CARTESIAN_POINT('',(2.715010613504,0.600060625262));
#2894 = CARTESIAN_POINT('',(2.743595140993,0.599854170364));
#2895 = CARTESIAN_POINT('',(2.768869067057,0.600176778397));
#2896 = CARTESIAN_POINT('',(2.793982808731,0.601065952517));
#2897 = CARTESIAN_POINT('',(2.818902559542,0.602577938899));
#2898 = CARTESIAN_POINT('',(2.8436062073,0.604763358882));
#2899 = CARTESIAN_POINT('',(2.868081015834,0.607665943186));
#2900 = CARTESIAN_POINT('',(2.892321306733,0.611321266136));
#2901 = CARTESIAN_POINT('',(2.921952312978,0.616794705078));
#2902 = CARTESIAN_POINT('',(2.927565518299,0.617876806378));
#2903 = CARTESIAN_POINT('',(2.933165789674,0.619002054421));
#2904 = CARTESIAN_POINT('',(2.93875315973,0.620170719848));
#2905 = CARTESIAN_POINT('',(2.944327661092,0.621383073298));
#2906 = CARTESIAN_POINT('',(2.949889326388,0.622639385414));
#2907 = CARTESIAN_POINT('',(2.955438188245,0.623939926836));
#2908 = CARTESIAN_POINT('',(2.963698988777,0.625946930345));
#2909 = CARTESIAN_POINT('',(2.966421588913,0.626619906127));
#2910 = CARTESIAN_POINT('',(2.969136882661,0.627302565277));
#2911 = CARTESIAN_POINT('',(2.97185910368,0.627998611802));
#2912 = CARTESIAN_POINT('',(2.974565946555,0.628702335605));
#2913 = CARTESIAN_POINT('',(2.977274611352,0.629418099401));
#2914 = CARTESIAN_POINT('',(2.979976996732,0.630143862092));
#2915 = CARTESIAN_POINT('',(3.004094627103,0.636724957561));
#2916 = CARTESIAN_POINT('',(3.025245243988,0.643231016534));
#2917 = CARTESIAN_POINT('',(3.046127353096,0.650395418432));
#2918 = CARTESIAN_POINT('',(3.066738774182,0.658204670106));
#2919 = CARTESIAN_POINT('',(3.087074874874,0.666634832591));
#2920 = CARTESIAN_POINT('',(3.107128299744,0.675651594684));
#2921 = CARTESIAN_POINT('',(3.126888699367,0.685210346526));
#2922 = CARTESIAN_POINT('',(3.146342459387,0.695256253181));
#2923 = CARTESIAN_POINT('',(3.155462013356,0.699965577929));
#2924 = CARTESIAN_POINT('',(3.164510246371,0.704779966685));
#2925 = CARTESIAN_POINT('',(3.17348823857,0.709694861092));
#2926 = CARTESIAN_POINT('',(3.182399986171,0.714707249305));
#2927 = CARTESIAN_POINT('',(3.19124935544,0.719814127815));
#2928 = CARTESIAN_POINT('',(3.200038888625,0.725011901306));
#2929 = CARTESIAN_POINT('',(3.208770461883,0.730296720532));
#2930 = CARTESIAN_POINT('',(3.217447795172,0.735665758229));
#2931 = CARTESIAN_POINT('',(3.251072126906,0.756470617117));
#2932 = CARTESIAN_POINT('',(3.283876050914,0.778537004644));
#2933 = CARTESIAN_POINT('',(3.316012404007,0.801668350536));
#2934 = CARTESIAN_POINT('',(3.347605839942,0.825673248516));
#2935 = CARTESIAN_POINT('',(3.378763305163,0.850375482307));
#2936 = CARTESIAN_POINT('',(3.409583055506,0.875620906622));
#2937 = CARTESIAN_POINT('',(3.440162213847,0.901281183145));
#2938 = CARTESIAN_POINT('',(3.470602868728,0.927254371505));
#2939 = CARTESIAN_POINT('',(3.483920600593,0.938617648774));
#2940 = CARTESIAN_POINT('',(3.497212016022,0.950040807446));
#2941 = CARTESIAN_POINT('',(3.510485431606,0.961515332319));
#2942 = CARTESIAN_POINT('',(3.523749613499,0.973033674962));
#2943 = CARTESIAN_POINT('',(3.537013777414,0.984589253711));
#2944 = CARTESIAN_POINT('',(3.55028758863,0.996176453671));
#2945 = CARTESIAN_POINT('',(3.563581161988,1.007790626714));
#2946 = CARTESIAN_POINT('',(3.576905061888,1.019428091481));
#2947 = CARTESIAN_POINT('',(3.583150667903,1.02488314936));
#2948 = CARTESIAN_POINT('',(3.589402980708,1.030343317146));
#2949 = CARTESIAN_POINT('',(3.595663109328,1.035808213245));
#2950 = CARTESIAN_POINT('',(3.601932202497,1.041277497908));
#2951 = CARTESIAN_POINT('',(3.608211448659,1.046750873233));
#2952 = CARTESIAN_POINT('',(3.614502075968,1.052228083162));
#2953 = CARTESIAN_POINT('',(3.62080535229,1.057708913484));
#2954 = CARTESIAN_POINT('',(3.627122585198,1.063193191835));
#2955 = CARTESIAN_POINT('',(3.630182500386,1.06584964256));
#2956 = CARTESIAN_POINT('',(3.633245683104,1.068506895534));
#2957 = CARTESIAN_POINT('',(3.636312289241,1.071164936126));
#2958 = CARTESIAN_POINT('',(3.639382474687,1.073823749705));
#2959 = CARTESIAN_POINT('',(3.642456395335,1.076483321641));
#2960 = CARTESIAN_POINT('',(3.645534207075,1.079143637302));
#2961 = CARTESIAN_POINT('',(3.648616065796,1.081804682058));
#2962 = CARTESIAN_POINT('',(3.65170212739,1.084466441278));
#2963 = CARTESIAN_POINT('',(3.653221127154,1.085776593534));
#2964 = CARTESIAN_POINT('',(3.654740856184,1.087086669808));
#2965 = CARTESIAN_POINT('',(3.65626187901,1.088397138649));
#2966 = CARTESIAN_POINT('',(3.657784185656,1.089707973391));
#2967 = CARTESIAN_POINT('',(3.659307454754,1.091018879109));
#2968 = CARTESIAN_POINT('',(3.660831316651,1.092329519574));
#2969 = CARTESIAN_POINT('',(3.662355616524,1.093639744211));
#2970 = CARTESIAN_POINT('',(3.663880677488,1.094949815051));
#2971 = CARTESIAN_POINT('',(3.71230103379,1.13654447598));
#2972 = CARTESIAN_POINT('',(3.761400973633,1.177906999887));
#2973 = CARTESIAN_POINT('',(3.811675753627,1.218918568612));
#2974 = CARTESIAN_POINT('',(3.863594411534,1.259433127315));
#2975 = CARTESIAN_POINT('',(3.917625321191,1.299244627116));
#2976 = CARTESIAN_POINT('',(3.974270310999,1.338064529867));
#2977 = CARTESIAN_POINT('',(4.034107345977,1.375509575055));
#2978 = CARTESIAN_POINT('',(4.097841773388,1.411099808845));
#2979 = CARTESIAN_POINT('',(4.103816915457,1.414436375663));
#2980 = CARTESIAN_POINT('',(4.109826288143,1.41775666135));
#2981 = CARTESIAN_POINT('',(4.115870504224,1.421060250593));
#2982 = CARTESIAN_POINT('',(4.121950176476,1.424346728081));
#2983 = CARTESIAN_POINT('',(4.128065917676,1.4276156785));
#2984 = CARTESIAN_POINT('',(4.134218340603,1.430866686538));
#2985 = CARTESIAN_POINT('',(4.140408058033,1.434099336881));
#2986 = CARTESIAN_POINT('',(4.146635682744,1.437313214217));
#2987 = CARTESIAN_POINT('',(4.149652200044,1.438869928647));
#2988 = CARTESIAN_POINT('',(4.152677617382,1.440422234414));
#2989 = CARTESIAN_POINT('',(4.155712009705,1.441970081055));
#2990 = CARTESIAN_POINT('',(4.158755451961,1.443513418105));
#2991 = CARTESIAN_POINT('',(4.161808019096,1.445052195099));
#2992 = CARTESIAN_POINT('',(4.164869786058,1.446586361573));
#2993 = CARTESIAN_POINT('',(4.167940827795,1.448115867061));
#2994 = CARTESIAN_POINT('',(4.171021219253,1.4496406611));
#2995 = CARTESIAN_POINT('',(4.172537317687,1.450391166975));
#2996 = CARTESIAN_POINT('',(4.174055709324,1.451140512646));
#2997 = CARTESIAN_POINT('',(4.175576394166,1.451888698113));
#2998 = CARTESIAN_POINT('',(4.177099372213,1.452635723376));
#2999 = CARTESIAN_POINT('',(4.178624643464,1.453381588435));
#3000 = CARTESIAN_POINT('',(4.180152207919,1.45412629329));
#3001 = CARTESIAN_POINT('',(4.181682065578,1.454869837941));
#3002 = CARTESIAN_POINT('',(4.183214216442,1.455612222388));
#3003 = CARTESIAN_POINT('',(4.183974285652,1.455980503868));
#3004 = CARTESIAN_POINT('',(4.184734969589,1.456348495213));
#3005 = CARTESIAN_POINT('',(4.185496250704,1.456716195654));
#3006 = CARTESIAN_POINT('',(4.186258111448,1.457083604422));
#3007 = CARTESIAN_POINT('',(4.187020534273,1.457450720746));
#3008 = CARTESIAN_POINT('',(4.187783501629,1.457817543857));
#3009 = CARTESIAN_POINT('',(4.188546995969,1.458184072985));
#3010 = CARTESIAN_POINT('',(4.189310999742,1.458550307362));
#3011 = CARTESIAN_POINT('',(4.201483257669,1.464387167965));
#3012 = CARTESIAN_POINT('',(4.213640575364,1.470149158466));
#3013 = CARTESIAN_POINT('',(4.225784577166,1.475833149057));
#3014 = CARTESIAN_POINT('',(4.237916866908,1.481435909532));
#3015 = CARTESIAN_POINT('',(4.25003902792,1.486954109283));
#3016 = CARTESIAN_POINT('',(4.262152623026,1.492384317301));
#3017 = CARTESIAN_POINT('',(4.274259194548,1.497723002178));
#3018 = CARTESIAN_POINT('',(4.286360264299,1.502966532107));
#3019 = CARTESIAN_POINT('',(4.289196453156,1.504195483828));
#3020 = CARTESIAN_POINT('',(4.292032340301,1.505419209415));
#3021 = CARTESIAN_POINT('',(4.294867945423,1.506637661329));
#3022 = CARTESIAN_POINT('',(4.297703288205,1.507850792033));
#3023 = CARTESIAN_POINT('',(4.300538388336,1.509058553991));
#3024 = CARTESIAN_POINT('',(4.303373265501,1.510260899665));
#3025 = CARTESIAN_POINT('',(4.306207939387,1.511457781518));
#3026 = CARTESIAN_POINT('',(4.30904242968,1.512649152013));
#3027 = CARTESIAN_POINT('',(4.314622776566,1.514994639159));
#3028 = CARTESIAN_POINT('',(4.320203297757,1.517319122544));
#3029 = CARTESIAN_POINT('',(4.325777939986,1.519619683));
#3030 = CARTESIAN_POINT('',(4.331366459548,1.521904060632));
#3031 = CARTESIAN_POINT('',(4.336943427799,1.52416120196));
#3032 = CARTESIAN_POINT('',(4.342529045505,1.5263990823));
#3033 = CARTESIAN_POINT('',(4.348112239279,1.528612616881));
#3034 = CARTESIAN_POINT('',(4.353696783563,1.530802928721));
#3035 = CARTESIAN_POINT('',(4.375336656546,1.539290251059));
#3036 = CARTESIAN_POINT('',(4.396985513241,1.547424248163));
#3037 = CARTESIAN_POINT('',(4.41863758153,1.55517582359));
#3038 = CARTESIAN_POINT('',(4.440288393627,1.562516777996));
#3039 = CARTESIAN_POINT('',(4.461934786077,1.569419809139));
#3040 = CARTESIAN_POINT('',(4.483574899757,1.575858511878));
#3041 = CARTESIAN_POINT('',(4.505208179876,1.581807378171));
#3042 = CARTESIAN_POINT('',(4.526835375974,1.587241797081));
#3043 = CARTESIAN_POINT('',(4.531566315889,1.588430582073));
#3044 = CARTESIAN_POINT('',(4.536296949187,1.589594744728));
#3045 = CARTESIAN_POINT('',(4.54102728726,1.590734033206));
#3046 = CARTESIAN_POINT('',(4.545757341498,1.591848195666));
#3047 = CARTESIAN_POINT('',(4.550487123295,1.592936980267));
#3048 = CARTESIAN_POINT('',(4.555216644042,1.594000135167));
#3049 = CARTESIAN_POINT('',(4.559945915131,1.595037408525));
#3050 = CARTESIAN_POINT('',(4.564674947953,1.5960485485));
#3051 = CARTESIAN_POINT('',(4.569256276105,1.597028107499));
#3052 = CARTESIAN_POINT('',(4.573836823457,1.597983039813));
#3053 = CARTESIAN_POINT('',(4.578418604412,1.598913510698));
#3054 = CARTESIAN_POINT('',(4.582999617543,1.59981888841));
#3055 = CARTESIAN_POINT('',(4.587578208103,1.600698633));
#3056 = CARTESIAN_POINT('',(4.592154704104,1.601552625264));
#3057 = CARTESIAN_POINT('',(4.596730325966,1.602380935873));
#3058 = CARTESIAN_POINT('',(4.601303369741,1.603183034649));
#3059 = CARTESIAN_POINT('',(4.636745217584,1.609399433215));
#3060 = CARTESIAN_POINT('',(4.672062354204,1.614047973768));
#3061 = CARTESIAN_POINT('',(4.7071607247,1.617028400927));
#3062 = CARTESIAN_POINT('',(4.741962534099,1.618278000953));
#3063 = CARTESIAN_POINT('',(4.776400624479,1.617771683273));
#3064 = CARTESIAN_POINT('',(4.81041285209,1.615522061996));
#3065 = CARTESIAN_POINT('',(4.843936464474,1.611579537432));
#3066 = CARTESIAN_POINT('',(4.876902477589,1.606032377617));
#3067 = CARTESIAN_POINT('',(4.889264771605,1.603952188067));
#3068 = CARTESIAN_POINT('',(4.901548634235,1.6016463349));
#3069 = CARTESIAN_POINT('',(4.913750531083,1.599119469182));
#3070 = CARTESIAN_POINT('',(4.925866747965,1.596376982637));
#3071 = CARTESIAN_POINT('',(4.937893390911,1.593425007648));
#3072 = CARTESIAN_POINT('',(4.949826386166,1.590270417261));
#3073 = CARTESIAN_POINT('',(4.96166148019,1.586920825181));
#3074 = CARTESIAN_POINT('',(4.973394239656,1.583384585771));
#3075 = CARTESIAN_POINT('',(4.975960775746,1.582611036149));
#3076 = CARTESIAN_POINT('',(4.978522414336,1.581828549947));
#3077 = CARTESIAN_POINT('',(4.981079106741,1.58103721877));
#3078 = CARTESIAN_POINT('',(4.983630804278,1.580237134224));
#3079 = CARTESIAN_POINT('',(4.986177458263,1.579428387917));
#3080 = CARTESIAN_POINT('',(4.988719020013,1.578611071454));
#3081 = CARTESIAN_POINT('',(4.991255440844,1.577785276441));
#3082 = CARTESIAN_POINT('',(4.993786672073,1.576951094484));
#3083 = CARTESIAN_POINT('',(5.003595539936,1.573718529788));
#3084 = CARTESIAN_POINT('',(5.013321754377,1.570361704526));
#3085 = CARTESIAN_POINT('',(5.022987957258,1.566877660698));
#3086 = CARTESIAN_POINT('',(5.032569382514,1.563278722664));
#3087 = CARTESIAN_POINT('',(5.042093716474,1.55956019806));
#3088 = CARTESIAN_POINT('',(5.051544639718,1.555731417637));
#3089 = CARTESIAN_POINT('',(5.060933030665,1.551792935039));
#3090 = CARTESIAN_POINT('',(5.07025755211,1.547749095196));
#3091 = CARTESIAN_POINT('',(5.135529604629,1.519442098348));
#3092 = CARTESIAN_POINT('',(5.197699877825,1.485963748829));
#3093 = CARTESIAN_POINT('',(5.257361241256,1.448471437006));
#3094 = CARTESIAN_POINT('',(5.314976013269,1.407942466982));
#3095 = CARTESIAN_POINT('',(5.370952956336,1.365177490117));
#3096 = CARTESIAN_POINT('',(5.425690672867,1.320801698005));
#3097 = CARTESIAN_POINT('',(5.479616343501,1.275275069469));
#3098 = CARTESIAN_POINT('',(5.533248749856,1.228922966116));
#3099 = ( GEOMETRIC_REPRESENTATION_CONTEXT(2) 
PARAMETRIC_REPRESENTATION_CONTEXT() REPRESENTATION_CONTEXT('2D SPACE',''
  ) );
#3100 = ORIENTED_EDGE('',*,*,#3101,.F.);
#3101 = EDGE_CURVE('',#3102,#2544,#3104,.T.);
#3102 = VERTEX_POINT('',#3103);
#3103 = CARTESIAN_POINT('',(0.6,0.8,0.6));
#3104 = SURFACE_CURVE('',#3105,(#3206,#3505),.PCURVE_S1.);
#3105 = B_SPLINE_CURVE_WITH_KNOTS('',8,(#3106,#3107,#3108,#3109,#3110,
    #3111,#3112,#3113,#3114,#3115,#3116,#3117,#3118,#3119,#3120,#3121,
    #3122,#3123,#3124,#3125,#3126,#3127,#3128,#3129,#3130,#3131,#3132,
    #3133,#3134,#3135,#3136,#3137,#3138,#3139,#3140,#3141,#3142,#3143,
    #3144,#3145,#3146,#3147,#3148,#3149,#3150,#3151,#3152,#3153,#3154,
    #3155,#3156,#3157,#3158,#3159,#3160,#3161,#3162,#3163,#3164,#3165,
    #3166,#3167,#3168,#3169,#3170,#3171,#3172,#3173,#3174,#3175,#3176,
    #3177,#3178,#3179,#3180,#3181,#3182,#3183,#3184,#3185,#3186,#3187,
    #3188,#3189,#3190,#3191,#3192,#3193,#3194,#3195,#3196,#3197,#3198,
    #3199,#3200,#3201,#3202,#3203,#3204,#3205),.UNSPECIFIED.,.T.,.F.,(9,
    7,7,7,7,7,7,7,7,7,7,7,7,7,9),(0.,8.348632389597E-02,0.217001209961,
    0.272679621339,0.315532252133,0.40592392368,0.472484747066,
    0.573625930423,0.627591281326,0.667549843529,0.764012915628,
    0.816232049129,0.912695121111,0.953771844591,1.),.UNSPECIFIED.);
#3106 = CARTESIAN_POINT('',(0.6,0.8,0.6));
#3107 = CARTESIAN_POINT('',(0.6,0.8,0.668970990191));
#3108 = CARTESIAN_POINT('',(0.604530465903,0.796602352993,0.738415201989
    ));
#3109 = CARTESIAN_POINT('',(0.612658794463,0.790505297177,0.807881738438
    ));
#3110 = CARTESIAN_POINT('',(0.623513493737,0.78214112989,0.876907149382)
  );
#3111 = CARTESIAN_POINT('',(0.636400572214,0.771807795965,0.945171602884
    ));
#3112 = CARTESIAN_POINT('',(0.650838798479,0.759690507234,1.012609598886
    ));
#3113 = CARTESIAN_POINT('',(0.6665491471,0.745819813332,1.079456434699)
  );
#3114 = CARTESIAN_POINT('',(0.710436316872,0.704732885301,1.252969387346
    ));
#3115 = CARTESIAN_POINT('',(0.739525885308,0.675357497925,1.355872538653
    ));
#3116 = CARTESIAN_POINT('',(0.769835613589,0.64182118864,1.456551877631)
  );
#3117 = CARTESIAN_POINT('',(0.801298357355,0.603342607854,1.556136427372
    ));
#3118 = CARTESIAN_POINT('',(0.833538790292,0.558955098708,1.654490419683
    ));
#3119 = CARTESIAN_POINT('',(0.865787532298,0.507656672985,1.750045380616
    ));
#3120 = CARTESIAN_POINT('',(0.896744814793,0.448534051798,1.839840359362
    ));
#3121 = CARTESIAN_POINT('',(0.936175958793,0.35284869047,1.952565051618)
  );
#3122 = CARTESIAN_POINT('',(0.947410107872,0.322804998754,1.98445578051)
  );
#3123 = CARTESIAN_POINT('',(0.958092850998,0.290804820658,2.014589927811
    ));
#3124 = CARTESIAN_POINT('',(0.968014918679,0.256791354624,2.042423836659
    ));
#3125 = CARTESIAN_POINT('',(0.976939060073,0.220727196881,2.067343471729
    ));
#3126 = CARTESIAN_POINT('',(0.984601093922,0.182599543877,2.088664082295
    ));
#3127 = CARTESIAN_POINT('',(0.990711936706,0.14242679946,2.105629384216)
  );
#3128 = CARTESIAN_POINT('',(0.998230578214,6.781817497315E-02,
    2.126477357883));
#3129 = CARTESIAN_POINT('',(1.000366405557,3.450087744496E-02,
    2.132387214657));
#3130 = CARTESIAN_POINT('',(1.001231188177,6.966966651201E-04,
    2.134775594195));
#3131 = CARTESIAN_POINT('',(1.000759179426,-3.321219530984E-02,
    2.133470386189));
#3132 = CARTESIAN_POINT('',(0.99895793513,-6.68435181066E-02,
    2.128491662599));
#3133 = CARTESIAN_POINT('',(0.99590881876,-9.981426241836E-02,
    2.120052380482));
#3134 = CARTESIAN_POINT('',(0.991765864555,-0.13173938743,2.108559732067
    ));
#3135 = CARTESIAN_POINT('',(0.976179054216,-0.226545202393,
    2.065207185413));
#3136 = CARTESIAN_POINT('',(0.961619709774,-0.285173536385,
    2.024577477564));
#3137 = CARTESIAN_POINT('',(0.94437068983,-0.338214618186,1.976141670669
    ));
#3138 = CARTESIAN_POINT('',(0.925455787683,-0.386038443878,
    1.922535016469));
#3139 = CARTESIAN_POINT('',(0.905603992434,-0.429186253139,1.86561302998
    ));
#3140 = CARTESIAN_POINT('',(0.885245699337,-0.46830776807,1.806445285829
    ));
#3141 = CARTESIAN_POINT('',(0.864535792129,-0.504106915781,
    1.745307467375));
#3142 = CARTESIAN_POINT('',(0.82785621557,-0.561687033746,1.634818220954
    ));
#3143 = CARTESIAN_POINT('',(0.812180881632,-0.584511313527,
    1.586923500021));
#3144 = CARTESIAN_POINT('',(0.796503136942,-0.605832314232,
    1.538226789228));
#3145 = CARTESIAN_POINT('',(0.780918418685,-0.625744708701,
    1.488889982024));
#3146 = CARTESIAN_POINT('',(0.765504549442,-0.644339901825,
    1.439010146227));
#3147 = CARTESIAN_POINT('',(0.750328971796,-0.66169995152,1.388628780019
    ));
#3148 = CARTESIAN_POINT('',(0.735458516637,-0.67789218374,1.337740879711
    ));
#3149 = CARTESIAN_POINT('',(0.698958557167,-0.715867344026,
    1.208143651011));
#3150 = CARTESIAN_POINT('',(0.678200712545,-0.735800647032,
    1.130025992649));
#3151 = CARTESIAN_POINT('',(0.658708388607,-0.75330097313,1.051119863952
    ));
#3152 = CARTESIAN_POINT('',(0.640724397572,-0.768486513545,
    0.970874007427));
#3153 = CARTESIAN_POINT('',(0.624821453409,-0.781173940768,
    0.889253885694));
#3154 = CARTESIAN_POINT('',(0.611962407821,-0.790995738281,
    0.806741847791));
#3155 = CARTESIAN_POINT('',(0.603453098006,-0.797405836025,
    0.724141405253));
#3156 = CARTESIAN_POINT('',(0.599257864795,-0.800558145845,
    0.598519699751));
#3157 = CARTESIAN_POINT('',(0.599420404067,-0.800431541772,
    0.554355839042));
#3158 = CARTESIAN_POINT('',(0.601520969356,-0.798861420879,
    0.510304766553));
#3159 = CARTESIAN_POINT('',(0.605819218128,-0.795650324666,
    0.466804348955));
#3160 = CARTESIAN_POINT('',(0.612503008225,-0.790598940836,
    0.424179277429));
#3161 = CARTESIAN_POINT('',(0.621674311439,-0.783492178508,
    0.382662142776));
#3162 = CARTESIAN_POINT('',(0.63333663509,-0.774095861106,0.342416837841
    ));
#3163 = CARTESIAN_POINT('',(0.657785265808,-0.753329135836,
    0.274795975119));
#3164 = CARTESIAN_POINT('',(0.669384538678,-0.743197331552,
    0.247094751057));
#3165 = CARTESIAN_POINT('',(0.682082305791,-0.731727955852,
    0.220506340316));
#3166 = CARTESIAN_POINT('',(0.69573983251,-0.718895503193,0.195068969935
    ));
#3167 = CARTESIAN_POINT('',(0.710181219841,-0.704699142918,
    0.170816955775));
#3168 = CARTESIAN_POINT('',(0.725199387797,-0.689173359478,
    0.147783140743));
#3169 = CARTESIAN_POINT('',(0.740565936248,-0.672399720676,
    0.126000184201));
#3170 = CARTESIAN_POINT('',(0.793412263388,-0.611356194072,
    5.601336205199E-02));
#3171 = CARTESIAN_POINT('',(0.831734722248,-0.561398120064,
    1.360775768953E-02));
#3172 = CARTESIAN_POINT('',(0.868768915409,-0.505226554028,
    -2.24556755582E-02));
#3173 = CARTESIAN_POINT('',(0.90261942641,-0.443681714939,
    -5.270831332821E-02));
#3174 = CARTESIAN_POINT('',(0.932054430148,-0.377738653255,
    -7.750146010857E-02));
#3175 = CARTESIAN_POINT('',(0.956238782699,-0.308280453258,
    -9.70897840123E-02));
#3176 = CARTESIAN_POINT('',(0.974597445428,-0.236165240544,
    -0.111613269531));
#3177 = CARTESIAN_POINT('',(0.993333262301,-0.122205787067,
    -0.126252706454));
#3178 = CARTESIAN_POINT('',(0.998082888701,-8.172491101103E-02,
    -0.129911850131));
#3179 = CARTESIAN_POINT('',(1.000952439749,-4.093884770737E-02,
    -0.13210197622));
#3180 = CARTESIAN_POINT('',(1.00191225263,1.801686577707E-11,
    -0.132831124894));
#3181 = CARTESIAN_POINT('',(1.000952439744,4.093884772588E-02,
    -0.132101976216));
#3182 = CARTESIAN_POINT('',(0.9980828887,8.172491098919E-02,
    -0.12991185013));
#3183 = CARTESIAN_POINT('',(0.993333262309,0.122205787018,
    -0.126252706461));
#3184 = CARTESIAN_POINT('',(0.974597445428,0.236165240544,
    -0.111613269531));
#3185 = CARTESIAN_POINT('',(0.956238782698,0.308280453259,
    -9.708978401178E-02));
#3186 = CARTESIAN_POINT('',(0.93205443015,0.377738653251,
    -7.750146011052E-02));
#3187 = CARTESIAN_POINT('',(0.902619426408,0.443681714945,
    -5.270831332544E-02));
#3188 = CARTESIAN_POINT('',(0.868768915411,0.505226554025,
    -2.245567556013E-02));
#3189 = CARTESIAN_POINT('',(0.831734722247,0.561398120065,
    1.360775769013E-02));
#3190 = CARTESIAN_POINT('',(0.793412263388,0.611356194072,
    5.601336205193E-02));
#3191 = CARTESIAN_POINT('',(0.740132788533,0.672900055619,0.126573821647
    ));
#3192 = CARTESIAN_POINT('',(0.724334618974,0.690116871518,0.149009699029
    ));
#3193 = CARTESIAN_POINT('',(0.708909449907,0.706012130429,0.172770833239
    ));
#3194 = CARTESIAN_POINT('',(0.694107652531,0.720496484546,0.197819536493
    ));
#3195 = CARTESIAN_POINT('',(0.680154780827,0.733533977519,0.224117590998
    ));
#3196 = CARTESIAN_POINT('',(0.667240171097,0.745128198284,0.251624507446
    ));
#3197 = CARTESIAN_POINT('',(0.655510254147,0.755309940645,0.280294385726
    ));
#3198 = CARTESIAN_POINT('',(0.633313164897,0.774048464846,0.343582702559
    ));
#3199 = CARTESIAN_POINT('',(0.623308668208,0.782140162843,0.378154591865
    ));
#3200 = CARTESIAN_POINT('',(0.615127539446,0.788541849729,0.413694895535
    ));
#3201 = CARTESIAN_POINT('',(0.608780919976,0.79339458851,0.45008384889)
  );
#3202 = CARTESIAN_POINT('',(0.604220462391,0.796834455236,0.487160058644
    ));
#3203 = CARTESIAN_POINT('',(0.60134356192,0.798992452602,0.524707218497)
  );
#3204 = CARTESIAN_POINT('',(0.6,0.8,0.562441554477));
#3205 = CARTESIAN_POINT('',(0.6,0.8,0.6));
#3206 = PCURVE('',#461,#3207);
#3207 = DEFINITIONAL_REPRESENTATION('',(#3208),#3504);
#3208 = B_SPLINE_CURVE_WITH_KNOTS('',8,(#3209,#3210,#3211,#3212,#3213,
    #3214,#3215,#3216,#3217,#3218,#3219,#3220,#3221,#3222,#3223,#3224,
    #3225,#3226,#3227,#3228,#3229,#3230,#3231,#3232,#3233,#3234,#3235,
    #3236,#3237,#3238,#3239,#3240,#3241,#3242,#3243,#3244,#3245,#3246,
    #3247,#3248,#3249,#3250,#3251,#3252,#3253,#3254,#3255,#3256,#3257,
    #3258,#3259,#3260,#3261,#3262,#3263,#3264,#3265,#3266,#3267,#3268,
    #3269,#3270,#3271,#3272,#3273,#3274,#3275,#3276,#3277,#3278,#3279,
    #3280,#3281,#3282,#3283,#3284,#3285,#3286,#3287,#3288,#3289,#3290,
    #3291,#3292,#3293,#3294,#3295,#3296,#3297,#3298,#3299,#3300,#3301,
    #3302,#3303,#3304,#3305,#3306,#3307,#3308,#3309,#3310,#3311,#3312,
    #3313,#3314,#3315,#3316,#3317,#3318,#3319,#3320,#3321,#3322,#3323,
    #3324,#3325,#3326,#3327,#3328,#3329,#3330,#3331,#3332,#3333,#3334,
    #3335,#3336,#3337,#3338,#3339,#3340,#3341,#3342,#3343,#3344,#3345,
    #3346,#3347,#3348,#3349,#3350,#3351,#3352,#3353,#3354,#3355,#3356,
    #3357,#3358,#3359,#3360,#3361,#3362,#3363,#3364,#3365,#3366,#3367,
    #3368,#3369,#3370,#3371,#3372,#3373,#3374,#3375,#3376,#3377,#3378,
    #3379,#3380,#3381,#3382,#3383,#3384,#3385,#3386,#3387,#3388,#3389,
    #3390,#3391,#3392,#3393,#3394,#3395,#3396,#3397,#3398,#3399,#3400,
    #3401,#3402,#3403,#3404,#3405,#3406,#3407,#3408,#3409,#3410,#3411,
    #3412,#3413,#3414,#3415,#3416,#3417,#3418,#3419,#3420,#3421,#3422,
    #3423,#3424,#3425,#3426,#3427,#3428,#3429,#3430,#3431,#3432,#3433,
    #3434,#3435,#3436,#3437,#3438,#3439,#3440,#3441,#3442,#3443,#3444,
    #3445,#3446,#3447,#3448,#3449,#3450,#3451,#3452,#3453,#3454,#3455,
    #3456,#3457,#3458,#3459,#3460,#3461,#3462,#3463,#3464,#3465,#3466,
    #3467,#3468,#3469,#3470,#3471,#3472,#3473,#3474,#3475,#3476,#3477,
    #3478,#3479,#3480,#3481,#3482,#3483,#3484,#3485,#3486,#3487,#3488,
    #3489,#3490,#3491,#3492,#3493,#3494,#3495,#3496,#3497,#3498,#3499,
    #3500,#3501,#3502,#3503),.UNSPECIFIED.,.F.,.F.,(9,7,7,8,8,8,8,8,8,8,
    8,8,8,8,8,8,8,8,8,8,8,8,8,8,8,8,8,8,8,8,8,8,8,8,8,8,8,9),(0.,
    4.180500874576E-02,8.09972044449E-02,8.329362216165E-02,
    8.786851683173E-02,0.160494969719,0.192269042858,0.207163139641,
    0.214377467771,0.216152868834,0.219689800639,0.247764196845,
    0.260924070067,0.267298383658,0.270435741129,0.273548587995,
    0.298256809991,0.309838789052,0.315448810159,0.359627726381,
    0.378956002228,0.388016131531,0.392404631662,0.394564596571,
    0.403136957301,0.407289194529,0.439988062705,0.468599572358,
    0.471728956226,0.474809443472,0.571844791702,0.574877146334,
    0.621878643133,0.627753830233,0.648316985083,0.658598562507,
    0.66373935122,0.668880139932),.UNSPECIFIED.);
#3209 = CARTESIAN_POINT('',(5.60715445464,4.6));
#3210 = CARTESIAN_POINT('',(5.607154484806,4.634536516166));
#3211 = CARTESIAN_POINT('',(5.605812723582,4.669191993711));
#3212 = CARTESIAN_POINT('',(5.603267663293,4.703909118853));
#3213 = CARTESIAN_POINT('',(5.599647185961,4.738630888857));
#3214 = CARTESIAN_POINT('',(5.595067370905,4.773304332391));
#3215 = CARTESIAN_POINT('',(5.589631302326,4.807884229881));
#3216 = CARTESIAN_POINT('',(5.583427876912,4.842336833862));
#3217 = CARTESIAN_POINT('',(5.570064455307,4.90880603616));
#3218 = CARTESIAN_POINT('',(5.562988589748,4.940840293551));
#3219 = CARTESIAN_POINT('',(5.555363863773,4.972729818237));
#3220 = CARTESIAN_POINT('',(5.547239562997,5.004469879128));
#3221 = CARTESIAN_POINT('',(5.538653024032,5.036068129585));
#3222 = CARTESIAN_POINT('',(5.529629248897,5.067545179696));
#3223 = CARTESIAN_POINT('',(5.520180519429,5.098935168552));
#3224 = CARTESIAN_POINT('',(5.509727428844,5.132123280497));
#3225 = CARTESIAN_POINT('',(5.509147382963,5.133960119607));
#3226 = CARTESIAN_POINT('',(5.508565874045,5.135796853851));
#3227 = CARTESIAN_POINT('',(5.507982902091,5.137633483227));
#3228 = CARTESIAN_POINT('',(5.507398467101,5.139470007737));
#3229 = CARTESIAN_POINT('',(5.506812569076,5.141306427381));
#3230 = CARTESIAN_POINT('',(5.506225208015,5.143142742157));
#3231 = CARTESIAN_POINT('',(5.505636383918,5.144978952067));
#3232 = CARTESIAN_POINT('',(5.504463167535,5.148637608316));
#3233 = CARTESIAN_POINT('',(5.503284953321,5.152293408755));
#3234 = CARTESIAN_POINT('',(5.502102679432,5.155943560712));
#3235 = CARTESIAN_POINT('',(5.500916079328,5.159589022282));
#3236 = CARTESIAN_POINT('',(5.499724863192,5.163230818781));
#3237 = CARTESIAN_POINT('',(5.498529186424,5.166868582089));
#3238 = CARTESIAN_POINT('',(5.497329405239,5.170501312883));
#3239 = CARTESIAN_POINT('',(5.49612511934,5.174130365747));
#3240 = CARTESIAN_POINT('',(5.477007485884,5.231740095433));
#3241 = CARTESIAN_POINT('',(5.456793960633,5.288301507405));
#3242 = CARTESIAN_POINT('',(5.435539851625,5.344063362948));
#3243 = CARTESIAN_POINT('',(5.413220243631,5.399220078016));
#3244 = CARTESIAN_POINT('',(5.389769942798,5.453881819262));
#3245 = CARTESIAN_POINT('',(5.365108663551,5.508053924913));
#3246 = CARTESIAN_POINT('',(5.339151457781,5.56162565051));
#3247 = CARTESIAN_POINT('',(5.311804386293,5.614368239491));
#3248 = CARTESIAN_POINT('',(5.299840087783,5.637443136828));
#3249 = CARTESIAN_POINT('',(5.28760982166,5.660359190121));
#3250 = CARTESIAN_POINT('',(5.275105875508,5.683097319809));
#3251 = CARTESIAN_POINT('',(5.262320328525,5.705633905088));
#3252 = CARTESIAN_POINT('',(5.249245051519,5.727940783911));
#3253 = CARTESIAN_POINT('',(5.235871706913,5.749985252989));
#3254 = CARTESIAN_POINT('',(5.222191748737,5.771730067791));
#3255 = CARTESIAN_POINT('',(5.208196422638,5.793133442541));
#3256 = CARTESIAN_POINT('',(5.201636106819,5.803166260576));
#3257 = CARTESIAN_POINT('',(5.195006482786,5.813124034084));
#3258 = CARTESIAN_POINT('',(5.188306644213,5.823002449159));
#3259 = CARTESIAN_POINT('',(5.181535666789,5.832796964287));
#3260 = CARTESIAN_POINT('',(5.174692608221,5.842502810352));
#3261 = CARTESIAN_POINT('',(5.167776508233,5.852114990635));
#3262 = CARTESIAN_POINT('',(5.160786388565,5.861628280812));
#3263 = CARTESIAN_POINT('',(5.153721252974,5.871037228955));
#3264 = CARTESIAN_POINT('',(5.150299075109,5.875594665108));
#3265 = CARTESIAN_POINT('',(5.146859300342,5.880127658545));
#3266 = CARTESIAN_POINT('',(5.143401811776,5.884635557434));
#3267 = CARTESIAN_POINT('',(5.139926492519,5.889117709943));
#3268 = CARTESIAN_POINT('',(5.136433225675,5.893573464239));
#3269 = CARTESIAN_POINT('',(5.132921894348,5.898002168491));
#3270 = CARTESIAN_POINT('',(5.129392381646,5.902403170865));
#3271 = CARTESIAN_POINT('',(5.125844570672,5.90677581953));
#3272 = CARTESIAN_POINT('',(5.12497148229,5.907851931437));
#3273 = CARTESIAN_POINT('',(5.124097280072,5.908926293054));
#3274 = CARTESIAN_POINT('',(5.123221964017,5.90999890438));
#3275 = CARTESIAN_POINT('',(5.122345534127,5.911069765417));
#3276 = CARTESIAN_POINT('',(5.1214679904,5.912138876163));
#3277 = CARTESIAN_POINT('',(5.120589332836,5.91320623662));
#3278 = CARTESIAN_POINT('',(5.119709561436,5.914271846786));
#3279 = CARTESIAN_POINT('',(5.1188286762,5.915335706662));
#3280 = CARTESIAN_POINT('',(5.117073923477,5.917454865974));
#3281 = CARTESIAN_POINT('',(5.115313189104,5.919568794183));
#3282 = CARTESIAN_POINT('',(5.113554561423,5.921667711664));
#3283 = CARTESIAN_POINT('',(5.11177859368,5.923774860858));
#3284 = CARTESIAN_POINT('',(5.11000516059,5.925866118458));
#3285 = CARTESIAN_POINT('',(5.108221112168,5.927957253603));
#3286 = CARTESIAN_POINT('',(5.106432311066,5.930040999825));
#3287 = CARTESIAN_POINT('',(5.104637003342,5.932119348249));
#3288 = CARTESIAN_POINT('',(5.090387032765,5.948616004734));
#3289 = CARTESIAN_POINT('',(5.075744609471,5.964750865883));
#3290 = CARTESIAN_POINT('',(5.060701099684,5.980461109536));
#3291 = CARTESIAN_POINT('',(5.045247160263,5.995679348073));
#3292 = CARTESIAN_POINT('',(5.029372738702,6.01033362841));
#3293 = CARTESIAN_POINT('',(5.013067073131,6.024347431999));
#3294 = CARTESIAN_POINT('',(4.996318692317,6.037639674832));
#3295 = CARTESIAN_POINT('',(4.979115415661,6.050124707435));
#3296 = CARTESIAN_POINT('',(4.971051338544,6.055977064195));
#3297 = CARTESIAN_POINT('',(4.962887243225,6.061652050977));
#3298 = CARTESIAN_POINT('',(4.954621844731,6.067140844625));
#3299 = CARTESIAN_POINT('',(4.946253795367,6.072434399043));
#3300 = CARTESIAN_POINT('',(4.937781684716,6.077523445191));
#3301 = CARTESIAN_POINT('',(4.929204039643,6.082398491086));
#3302 = CARTESIAN_POINT('',(4.920519324289,6.087049821802));
#3303 = CARTESIAN_POINT('',(4.911725940077,6.091467499472));
#3304 = CARTESIAN_POINT('',(4.907466635631,6.093607289916));
#3305 = CARTESIAN_POINT('',(4.903181846503,6.095692297902));
#3306 = CARTESIAN_POINT('',(4.898871379177,6.097721362976));
#3307 = CARTESIAN_POINT('',(4.894535040131,6.099693324686));
#3308 = CARTESIAN_POINT('',(4.890172635847,6.10160702258));
#3309 = CARTESIAN_POINT('',(4.885783972805,6.103461296205));
#3310 = CARTESIAN_POINT('',(4.881368857486,6.105254985108));
#3311 = CARTESIAN_POINT('',(4.876927096372,6.106986928837));
#3312 = CARTESIAN_POINT('',(4.874740912712,6.107839357742));
#3313 = CARTESIAN_POINT('',(4.872548271764,6.108676822132));
#3314 = CARTESIAN_POINT('',(4.870349148413,6.109499178123));
#3315 = CARTESIAN_POINT('',(4.86814351754,6.110306281827));
#3316 = CARTESIAN_POINT('',(4.865931354031,6.11109798936));
#3317 = CARTESIAN_POINT('',(4.863712632768,6.111874156835));
#3318 = CARTESIAN_POINT('',(4.861487328634,6.112634640367));
#3319 = CARTESIAN_POINT('',(4.859255416515,6.11337929607));
#3320 = CARTESIAN_POINT('',(4.857040860391,6.114118155096));
#3321 = CARTESIAN_POINT('',(4.854820416219,6.114841258248));
#3322 = CARTESIAN_POINT('',(4.852591483698,6.115549185183));
#3323 = CARTESIAN_POINT('',(4.850358987358,6.11624039289));
#3324 = CARTESIAN_POINT('',(4.84811868979,6.116915947538));
#3325 = CARTESIAN_POINT('',(4.845868453078,6.117576285043));
#3326 = CARTESIAN_POINT('',(4.843616978538,6.118218747734));
#3327 = CARTESIAN_POINT('',(4.841359554829,6.118844644471));
#3328 = CARTESIAN_POINT('',(4.823442163811,6.123812423814));
#3329 = CARTESIAN_POINT('',(4.805216680837,6.127716227062));
#3330 = CARTESIAN_POINT('',(4.786735737588,6.130489988773));
#3331 = CARTESIAN_POINT('',(4.768050940285,6.132088847022));
#3332 = CARTESIAN_POINT('',(4.749214042755,6.132489185131));
#3333 = CARTESIAN_POINT('',(4.730278119492,6.131688673388));
#3334 = CARTESIAN_POINT('',(4.711298738723,6.129706310777));
#3335 = CARTESIAN_POINT('',(4.692335135468,6.1265824667));
#3336 = CARTESIAN_POINT('',(4.683445935565,6.125118164671));
#3337 = CARTESIAN_POINT('',(4.674560250052,6.123403053702));
#3338 = CARTESIAN_POINT('',(4.665684126223,6.121441289402));
#3339 = CARTESIAN_POINT('',(4.656823850165,6.11923806459));
#3340 = CARTESIAN_POINT('',(4.64798594677,6.116799609305));
#3341 = CARTESIAN_POINT('',(4.639177179725,6.114133190797));
#3342 = CARTESIAN_POINT('',(4.630404551519,6.111247113531));
#3343 = CARTESIAN_POINT('',(4.621675303438,6.108150719188));
#3344 = CARTESIAN_POINT('',(4.617447080515,6.10665090368));
#3345 = CARTESIAN_POINT('',(4.613229045851,6.105101744603));
#3346 = CARTESIAN_POINT('',(4.609022027697,6.103504303971));
#3347 = CARTESIAN_POINT('',(4.604826871888,6.101859701286));
#3348 = CARTESIAN_POINT('',(4.600644441848,6.100169113536));
#3349 = CARTESIAN_POINT('',(4.596475618582,6.098433775197));
#3350 = CARTESIAN_POINT('',(4.592321300684,6.096654978231));
#3351 = CARTESIAN_POINT('',(4.588182404333,6.094834072087));
#3352 = CARTESIAN_POINT('',(4.555590801737,6.080495397094));
#3353 = CARTESIAN_POINT('',(4.523788512468,6.063472126176));
#3354 = CARTESIAN_POINT('',(4.492758876226,6.044163137995));
#3355 = CARTESIAN_POINT('',(4.462485970719,6.022922999921));
#3356 = CARTESIAN_POINT('',(4.432952372574,6.000061831817));
#3357 = CARTESIAN_POINT('',(4.40413691824,5.975845169815));
#3358 = CARTESIAN_POINT('',(4.376012464904,5.9504938301));
#3359 = CARTESIAN_POINT('',(4.348543651394,5.924183772691));
#3360 = CARTESIAN_POINT('',(4.336526068718,5.912673124582));
#3361 = CARTESIAN_POINT('',(4.324633965059,5.900978967786));
#3362 = CARTESIAN_POINT('',(4.312864450704,5.889116042981));
#3363 = CARTESIAN_POINT('',(4.301214297545,5.877097440799));
#3364 = CARTESIAN_POINT('',(4.289679939077,5.86493460182));
#3365 = CARTESIAN_POINT('',(4.278257470403,5.852637316578));
#3366 = CARTESIAN_POINT('',(4.266942648229,5.840213725556));
#3367 = CARTESIAN_POINT('',(4.255730890867,5.827670319188));
#3368 = CARTESIAN_POINT('',(4.250475374464,5.821790596766));
#3369 = CARTESIAN_POINT('',(4.245242496906,5.815884546673));
#3370 = CARTESIAN_POINT('',(4.240031782276,5.809952836885));
#3371 = CARTESIAN_POINT('',(4.234842735814,5.803996055275));
#3372 = CARTESIAN_POINT('',(4.229674843922,5.79801470962));
#3373 = CARTESIAN_POINT('',(4.224527574162,5.79200922759));
#3374 = CARTESIAN_POINT('',(4.219400375255,5.78597995676));
#3375 = CARTESIAN_POINT('',(4.214292677084,5.7799271646));
#3376 = CARTESIAN_POINT('',(4.211818633819,5.776995335516));
#3377 = CARTESIAN_POINT('',(4.209349168927,5.774058001151));
#3378 = CARTESIAN_POINT('',(4.206884214895,5.771115180835));
#3379 = CARTESIAN_POINT('',(4.204423704209,5.768166893899));
#3380 = CARTESIAN_POINT('',(4.201967569355,5.765213159674));
#3381 = CARTESIAN_POINT('',(4.19951574282,5.762253997491));
#3382 = CARTESIAN_POINT('',(4.19706815709,5.759289426681));
#3383 = CARTESIAN_POINT('',(4.194624744652,5.756319466575));
#3384 = CARTESIAN_POINT('',(4.193422034801,5.754857685512));
#3385 = CARTESIAN_POINT('',(4.192221248668,5.753394595376));
#3386 = CARTESIAN_POINT('',(4.191017411154,5.751930198865));
#3387 = CARTESIAN_POINT('',(4.18982494151,5.750464490498));
#3388 = CARTESIAN_POINT('',(4.188617261709,5.748997482384));
#3389 = CARTESIAN_POINT('',(4.187424483011,5.747529164015));
#3390 = CARTESIAN_POINT('',(4.186229714114,5.746059540092));
#3391 = CARTESIAN_POINT('',(4.185038346089,5.744588609164));
#3392 = CARTESIAN_POINT('',(4.18030980111,5.738750852257));
#3393 = CARTESIAN_POINT('',(4.175620752728,5.732892512724));
#3394 = CARTESIAN_POINT('',(4.170970167137,5.72701357116));
#3395 = CARTESIAN_POINT('',(4.166357020247,5.721113943584));
#3396 = CARTESIAN_POINT('',(4.161780297686,5.715193481435));
#3397 = CARTESIAN_POINT('',(4.157238994795,5.709251971573));
#3398 = CARTESIAN_POINT('',(4.152732116636,5.70328913628));
#3399 = CARTESIAN_POINT('',(4.148258677985,5.697304633258));
#3400 = CARTESIAN_POINT('',(4.146091862985,5.694405898237));
#3401 = CARTESIAN_POINT('',(4.143932901587,5.691502096673));
#3402 = CARTESIAN_POINT('',(4.14178141865,5.688592805465));
#3403 = CARTESIAN_POINT('',(4.139638413977,5.685679546456));
#3404 = CARTESIAN_POINT('',(4.137502011919,5.682759827032));
#3405 = CARTESIAN_POINT('',(4.135372067191,5.679833525047));
#3406 = CARTESIAN_POINT('',(4.133252516778,5.67690619048));
#3407 = CARTESIAN_POINT('',(4.131140367823,5.673973836232));
#3408 = CARTESIAN_POINT('',(4.114508063834,5.650882589529));
#3409 = CARTESIAN_POINT('',(4.098384129646,5.627548080986));
#3410 = CARTESIAN_POINT('',(4.0827455924,5.60399683902));
#3411 = CARTESIAN_POINT('',(4.067571085199,5.580251646721));
#3412 = CARTESIAN_POINT('',(4.052840847111,5.556331541854));
#3413 = CARTESIAN_POINT('',(4.038536723166,5.532251816857));
#3414 = CARTESIAN_POINT('',(4.024642164359,5.508024018841));
#3415 = CARTESIAN_POINT('',(4.011142227651,5.483655949594));
#3416 = CARTESIAN_POINT('',(3.999329751794,5.462333939983));
#3417 = CARTESIAN_POINT('',(3.987819508858,5.440905018688));
#3418 = CARTESIAN_POINT('',(3.97660138199,5.41937450764));
#3419 = CARTESIAN_POINT('',(3.965666339628,5.397746109771));
#3420 = CARTESIAN_POINT('',(3.955006435508,5.376021909023));
#3421 = CARTESIAN_POINT('',(3.944614808662,5.354202370341));
#3422 = CARTESIAN_POINT('',(3.934485683414,5.332286339679));
#3423 = CARTESIAN_POINT('',(3.924614369388,5.310271043993));
#3424 = CARTESIAN_POINT('',(3.923534717897,5.307863141186));
#3425 = CARTESIAN_POINT('',(3.922458134875,5.305454042523));
#3426 = CARTESIAN_POINT('',(3.921384620322,5.303043748005));
#3427 = CARTESIAN_POINT('',(3.920314174237,5.300632257631));
#3428 = CARTESIAN_POINT('',(3.919246796622,5.298219571403));
#3429 = CARTESIAN_POINT('',(3.918182487475,5.295805689319));
#3430 = CARTESIAN_POINT('',(3.917121246797,5.29339061138));
#3431 = CARTESIAN_POINT('',(3.916063074588,5.290974337586));
#3432 = CARTESIAN_POINT('',(3.915021407324,5.28859578019));
#3433 = CARTESIAN_POINT('',(3.913982884785,5.286216486102));
#3434 = CARTESIAN_POINT('',(3.91294635305,5.283833796825));
#3435 = CARTESIAN_POINT('',(3.911914461278,5.281453815158));
#3436 = CARTESIAN_POINT('',(3.910886302774,5.279074486588));
#3437 = CARTESIAN_POINT('',(3.909860531813,5.276692740489));
#3438 = CARTESIAN_POINT('',(3.908838941612,5.274312704469));
#3439 = CARTESIAN_POINT('',(3.907820488879,5.27193200517));
#3440 = CARTESIAN_POINT('',(3.875740433472,5.196942589031));
#3441 = CARTESIAN_POINT('',(3.847032393598,5.12188891047));
#3442 = CARTESIAN_POINT('',(3.821166928272,5.046066606546));
#3443 = CARTESIAN_POINT('',(3.798132898133,4.969026133611));
#3444 = CARTESIAN_POINT('',(3.778330027556,4.890752189116));
#3445 = CARTESIAN_POINT('',(3.762518954552,4.811659907824));
#3446 = CARTESIAN_POINT('',(3.751806684011,4.732438464367));
#3447 = CARTESIAN_POINT('',(3.747645359779,4.653772714076));
#3448 = CARTESIAN_POINT('',(3.747515323324,4.651314483366));
#3449 = CARTESIAN_POINT('',(3.747391656259,4.648855977153));
#3450 = CARTESIAN_POINT('',(3.747274578549,4.646402064885));
#3451 = CARTESIAN_POINT('',(3.747163553227,4.643937281915));
#3452 = CARTESIAN_POINT('',(3.747059845075,4.641492987372));
#3453 = CARTESIAN_POINT('',(3.74696191962,4.639030146573));
#3454 = CARTESIAN_POINT('',(3.746870865956,4.636573020491));
#3455 = CARTESIAN_POINT('',(3.746786380807,4.634113137274));
#3456 = CARTESIAN_POINT('',(3.745476962104,4.595987384698));
#3457 = CARTESIAN_POINT('',(3.745762137884,4.557573924399));
#3458 = CARTESIAN_POINT('',(3.747890643777,4.519240016382));
#3459 = CARTESIAN_POINT('',(3.752081982629,4.481276658198));
#3460 = CARTESIAN_POINT('',(3.758529786583,4.443909585667));
#3461 = CARTESIAN_POINT('',(3.767405179168,4.407310273593));
#3462 = CARTESIAN_POINT('',(3.778860137388,4.371606936488));
#3463 = CARTESIAN_POINT('',(3.793030853809,4.336895529295));
#3464 = CARTESIAN_POINT('',(3.794802232698,4.332556540034));
#3465 = CARTESIAN_POINT('',(3.796615866169,4.328233424216));
#3466 = CARTESIAN_POINT('',(3.798472504682,4.323925385182));
#3467 = CARTESIAN_POINT('',(3.800372018769,4.3196334042));
#3468 = CARTESIAN_POINT('',(3.802314503787,4.315357990001));
#3469 = CARTESIAN_POINT('',(3.804300566672,4.31109859521));
#3470 = CARTESIAN_POINT('',(3.80633079468,4.306854699635));
#3471 = CARTESIAN_POINT('',(3.808404406131,4.302628560449));
#3472 = CARTESIAN_POINT('',(3.815660834877,4.287839636031));
#3473 = CARTESIAN_POINT('',(3.823416058451,4.273333745964));
#3474 = CARTESIAN_POINT('',(3.831669218547,4.259116875198));
#3475 = CARTESIAN_POINT('',(3.8404171778,4.245194709257));
#3476 = CARTESIAN_POINT('',(3.849654519778,4.231572634238));
#3477 = CARTESIAN_POINT('',(3.859373548987,4.218255736812));
#3478 = CARTESIAN_POINT('',(3.869564290869,4.205248804223));
#3479 = CARTESIAN_POINT('',(3.880214491801,4.19255632429));
#3480 = CARTESIAN_POINT('',(3.885539555985,4.186210107441));
#3481 = CARTESIAN_POINT('',(3.890979413759,4.179942539042));
#3482 = CARTESIAN_POINT('',(3.896532506438,4.173754200294));
#3483 = CARTESIAN_POINT('',(3.902197093711,4.167645667526));
#3484 = CARTESIAN_POINT('',(3.907971253633,4.161617512199));
#3485 = CARTESIAN_POINT('',(3.91385288263,4.155670300902));
#3486 = CARTESIAN_POINT('',(3.919839695497,4.149804595352));
#3487 = CARTESIAN_POINT('',(3.925929225399,4.144020952397));
#3488 = CARTESIAN_POINT('',(3.928973964357,4.141129131132));
#3489 = CARTESIAN_POINT('',(3.932044418859,4.13825782633));
#3490 = CARTESIAN_POINT('',(3.93514024534,4.135407107702));
#3491 = CARTESIAN_POINT('',(3.938261100234,4.13257704496));
#3492 = CARTESIAN_POINT('',(3.941406639975,4.129767707815));
#3493 = CARTESIAN_POINT('',(3.944576520997,4.126979165978));
#3494 = CARTESIAN_POINT('',(3.947770399736,4.124211489161));
#3495 = CARTESIAN_POINT('',(3.950987932625,4.121464747075));
#3496 = CARTESIAN_POINT('',(3.954205437221,4.118718009538));
#3497 = CARTESIAN_POINT('',(3.957446532913,4.115992212028));
#3498 = CARTESIAN_POINT('',(3.96071128195,4.113287137618));
#3499 = CARTESIAN_POINT('',(3.963996825682,4.110604635498));
#3500 = CARTESIAN_POINT('',(3.967310140899,4.107939242473));
#3501 = CARTESIAN_POINT('',(3.970637175342,4.10530145443));
#3502 = CARTESIAN_POINT('',(3.973992736104,4.102679502688));
#3503 = CARTESIAN_POINT('',(3.977369968667,4.100078572537));
#3504 = ( GEOMETRIC_REPRESENTATION_CONTEXT(2) 
PARAMETRIC_REPRESENTATION_CONTEXT() REPRESENTATION_CONTEXT('2D SPACE',''
  ) );
#3505 = PCURVE('',#3506,#3787);
#3506 = ( BOUNDED_SURFACE() B_SPLINE_SURFACE(2,2,(
    (#3507,#3508,#3509,#3510,#3511,#3512,#3513,#3514,#3515,#3516)
    ,(#3517,#3518,#3519,#3520,#3521,#3522,#3523,#3524,#3525,#3526)
    ,(#3527,#3528,#3529,#3530,#3531,#3532,#3533,#3534,#3535,#3536)
    ,(#3537,#3538,#3539,#3540,#3541,#3542,#3543,#3544,#3545,#3546)
    ,(#3547,#3548,#3549,#3550,#3551,#3552,#3553,#3554,#3555,#3556)
    ,(#3557,#3558,#3559,#3560,#3561,#3562,#3563,#3564,#3565,#3566)
    ,(#3567,#3568,#3569,#3570,#3571,#3572,#3573,#3574,#3575,#3576)
    ,(#3577,#3578,#3579,#3580,#3581,#3582,#3583,#3584,#3585,#3586)
    ,(#3587,#3588,#3589,#3590,#3591,#3592,#3593,#3594,#3595,#3596)
    ,(#3597,#3598,#3599,#3600,#3601,#3602,#3603,#3604,#3605,#3606)
    ,(#3607,#3608,#3609,#3610,#3611,#3612,#3613,#3614,#3615,#3616)
    ,(#3617,#3618,#3619,#3620,#3621,#3622,#3623,#3624,#3625,#3626)
    ,(#3627,#3628,#3629,#3630,#3631,#3632,#3633,#3634,#3635,#3636)
    ,(#3637,#3638,#3639,#3640,#3641,#3642,#3643,#3644,#3645,#3646)
    ,(#3647,#3648,#3649,#3650,#3651,#3652,#3653,#3654,#3655,#3656)
    ,(#3657,#3658,#3659,#3660,#3661,#3662,#3663,#3664,#3665,#3666)
    ,(#3667,#3668,#3669,#3670,#3671,#3672,#3673,#3674,#3675,#3676)
    ,(#3677,#3678,#3679,#3680,#3681,#3682,#3683,#3684,#3685,#3686)
    ,(#3687,#3688,#3689,#3690,#3691,#3692,#3693,#3694,#3695,#3696)
    ,(#3697,#3698,#3699,#3700,#3701,#3702,#3703,#3704,#3705,#3706)
    ,(#3707,#3708,#3709,#3710,#3711,#3712,#3713,#3714,#3715,#3716)
    ,(#3717,#3718,#3719,#3720,#3721,#3722,#3723,#3724,#3725,#3726)
    ,(#3727,#3728,#3729,#3730,#3731,#3732,#3733,#3734,#3735,#3736)
    ,(#3737,#3738,#3739,#3740,#3741,#3742,#3743,#3744,#3745,#3746)
    ,(#3747,#3748,#3749,#3750,#3751,#3752,#3753,#3754,#3755,#3756)
    ,(#3757,#3758,#3759,#3760,#3761,#3762,#3763,#3764,#3765,#3766)
    ,(#3767,#3768,#3769,#3770,#3771,#3772,#3773,#3774,#3775,#3776)
    ,(#3777,#3778,#3779,#3780,#3781,#3782,#3783,#3784,#3785,#3786
)),.UNSPECIFIED.,.T.,.F.,.F.) B_SPLINE_SURFACE_WITH_KNOTS((1,2,1,1,1,1,1
    ,1,1,2,1,1,1,1,1,1,1,2,1,1,1,1,1,1,1,2,1),(3,1,1,1,1,1,1,1,3),(
    -0.261799387799,0.,0.261799387799,0.523598775598,0.785398163397,
    1.047197551197,1.308996938996,1.570796326795,1.832595714594,
    2.094395102393,2.356194490192,2.617993877991,2.879793265791,
    3.14159265359,3.403392041389,3.665191429188,3.926990816987,
    4.188790204786,4.450589592586,4.712388980385,4.974188368184,
    5.235987755983,5.497787143782,5.759586531581,6.02138591938,
    6.28318530718,6.544984694979),(0.608289174235,1.032253027455,
    1.456216880676,1.880180733897,2.304144587117,2.728108440338,
    3.152072293559,3.576036146779,4.),.UNSPECIFIED.) 
GEOMETRIC_REPRESENTATION_ITEM() RATIONAL_B_SPLINE_SURFACE((
    (1.,1.,1.,1.,1.,1.,1.,1.,1.,1.)
    ,(0.9375,0.9375,0.9375,0.9375,0.9375,0.9375,0.9375,0.9375,0.9375
      ,0.9375)
    ,(0.84375,0.84375,0.84375,0.84375,0.84375,0.84375,0.84375,0.84375
      ,0.84375,0.84375)
    ,(0.78125,0.78125,0.78125,0.78125,0.78125,0.78125,0.78125,0.78125
      ,0.78125,0.78125)
    ,(0.75,0.75,0.75,0.75,0.75,0.75,0.75,0.75,0.75,0.75)
    ,(0.75,0.75,0.75,0.75,0.75,0.75,0.75,0.75,0.75,0.75)
    ,(0.78125,0.78125,0.78125,0.78125,0.78125,0.78125,0.78125,0.78125
      ,0.78125,0.78125)
    ,(0.84375,0.84375,0.84375,0.84375,0.84375,0.84375,0.84375,0.84375
      ,0.84375,0.84375)
    ,(0.9375,0.9375,0.9375,0.9375,0.9375,0.9375,0.9375,0.9375,0.9375
      ,0.9375)
    ,(1.,1.,1.,1.,1.,1.,1.,1.,1.,1.)
    ,(0.9375,0.9375,0.9375,0.9375,0.9375,0.9375,0.9375,0.9375,0.9375
      ,0.9375)
    ,(0.84375,0.84375,0.84375,0.84375,0.84375,0.84375,0.84375,0.84375
      ,0.84375,0.84375)
    ,(0.78125,0.78125,0.78125,0.78125,0.78125,0.78125,0.78125,0.78125
      ,0.78125,0.78125)
    ,(0.75,0.75,0.75,0.75,0.75,0.75,0.75,0.75,0.75,0.75)
    ,(0.75,0.75,0.75,0.75,0.75,0.75,0.75,0.75,0.75,0.75)
    ,(0.78125,0.78125,0.78125,0.78125,0.78125,0.78125,0.78125,0.78125
      ,0.78125,0.78125)
    ,(0.84375,0.84375,0.84375,0.84375,0.84375,0.84375,0.84375,0.84375
      ,0.84375,0.84375)
    ,(0.9375,0.9375,0.9375,0.9375,0.9375,0.9375,0.9375,0.9375,0.9375
      ,0.9375)
    ,(1.,1.,1.,1.,1.,1.,1.,1.,1.,1.)
    ,(0.9375,0.9375,0.9375,0.9375,0.9375,0.9375,0.9375,0.9375,0.9375
      ,0.9375)
    ,(0.84375,0.84375,0.84375,0.84375,0.84375,0.84375,0.84375,0.84375
      ,0.84375,0.84375)
    ,(0.78125,0.78125,0.78125,0.78125,0.78125,0.78125,0.78125,0.78125
      ,0.78125,0.78125)
    ,(0.75,0.75,0.75,0.75,0.75,0.75,0.75,0.75,0.75,0.75)
    ,(0.75,0.75,0.75,0.75,0.75,0.75,0.75,0.75,0.75,0.75)
    ,(0.78125,0.78125,0.78125,0.78125,0.78125,0.78125,0.78125,0.78125
      ,0.78125,0.78125)
    ,(0.84375,0.84375,0.84375,0.84375,0.84375,0.84375,0.84375,0.84375
      ,0.84375,0.84375)
    ,(0.9375,0.9375,0.9375,0.9375,0.9375,0.9375,0.9375,0.9375,0.9375
      ,0.9375)
,(1.,1.,1.,1.,1.,1.,1.,1.,1.,1.))) REPRESENTATION_ITEM('') SURFACE() );
#3507 = CARTESIAN_POINT('',(0.430125400024,0.8,0.430125400024));
#3508 = CARTESIAN_POINT('',(0.580019257819,0.8,0.580019257819));
#3509 = CARTESIAN_POINT('',(0.879806973409,0.8,0.879806973409));
#3510 = CARTESIAN_POINT('',(1.179594688999,0.8,1.179594688999));
#3511 = CARTESIAN_POINT('',(1.47938240459,0.8,1.47938240459));
#3512 = CARTESIAN_POINT('',(1.77917012018,0.8,1.77917012018));
#3513 = CARTESIAN_POINT('',(2.07895783577,0.8,2.07895783577));
#3514 = CARTESIAN_POINT('',(2.378745551361,0.8,2.378745551361));
#3515 = CARTESIAN_POINT('',(2.678533266951,0.8,2.678533266951));
#3516 = CARTESIAN_POINT('',(2.828427124746,0.8,2.828427124746));
#3517 = CARTESIAN_POINT('',(0.364805673549,0.8,0.495445126498));
#3518 = CARTESIAN_POINT('',(0.514699531345,0.8,0.645338984293));
#3519 = CARTESIAN_POINT('',(0.814487246935,0.8,0.945126699883));
#3520 = CARTESIAN_POINT('',(1.114274962525,0.8,1.244914415474));
#3521 = CARTESIAN_POINT('',(1.414062678116,0.8,1.544702131064));
#3522 = CARTESIAN_POINT('',(1.713850393706,0.8,1.844489846654));
#3523 = CARTESIAN_POINT('',(2.013638109296,0.8,2.144277562245));
#3524 = CARTESIAN_POINT('',(2.313425824887,0.8,2.444065277835));
#3525 = CARTESIAN_POINT('',(2.613213540477,0.8,2.743852993425));
#3526 = CARTESIAN_POINT('',(2.763107398272,0.8,2.89374685122));
#3527 = CARTESIAN_POINT('',(0.230537346908,0.755555555556,0.629713453139
    ));
#3528 = CARTESIAN_POINT('',(0.380431204703,0.755555555556,0.779607310934
    ));
#3529 = CARTESIAN_POINT('',(0.680218920293,0.755555555556,1.079395026525
    ));
#3530 = CARTESIAN_POINT('',(0.980006635884,0.755555555556,1.379182742115
    ));
#3531 = CARTESIAN_POINT('',(1.279794351474,0.755555555556,1.678970457705
    ));
#3532 = CARTESIAN_POINT('',(1.579582067064,0.755555555556,1.978758173296
    ));
#3533 = CARTESIAN_POINT('',(1.879369782655,0.755555555556,2.278545888886
    ));
#3534 = CARTESIAN_POINT('',(2.179157498245,0.755555555556,2.578333604476
    ));
#3535 = CARTESIAN_POINT('',(2.478945213835,0.755555555556,2.878121320067
    ));
#3536 = CARTESIAN_POINT('',(2.628839071631,0.755555555556,3.028015177862
    ));
#3537 = CARTESIAN_POINT('',(9.699479500516E-02,0.656,0.763256005042));
#3538 = CARTESIAN_POINT('',(0.2468886528,0.656,0.913149862837));
#3539 = CARTESIAN_POINT('',(0.546676368391,0.656,1.212937578428));
#3540 = CARTESIAN_POINT('',(0.846464083981,0.656,1.512725294018));
#3541 = CARTESIAN_POINT('',(1.146251799571,0.656,1.812513009608));
#3542 = CARTESIAN_POINT('',(1.446039515162,0.656,2.112300725199));
#3543 = CARTESIAN_POINT('',(1.745827230752,0.656,2.412088440789));
#3544 = CARTESIAN_POINT('',(2.045614946342,0.656,2.711876156379));
#3545 = CARTESIAN_POINT('',(2.345402661933,0.656,3.01166387197));
#3546 = CARTESIAN_POINT('',(2.495296519728,0.656,3.161557729765));
#3547 = CARTESIAN_POINT('',(-1.894771948658E-02,0.5,0.879198519534));
#3548 = CARTESIAN_POINT('',(0.130946138309,0.5,1.029092377329));
#3549 = CARTESIAN_POINT('',(0.430733853899,0.5,1.328880092919));
#3550 = CARTESIAN_POINT('',(0.730521569489,0.5,1.62866780851));
#3551 = CARTESIAN_POINT('',(1.03030928508,0.5,1.9284555241));
#3552 = CARTESIAN_POINT('',(1.33009700067,0.5,2.22824323969));
#3553 = CARTESIAN_POINT('',(1.62988471626,0.5,2.528030955281));
#3554 = CARTESIAN_POINT('',(1.92967243185,0.5,2.827818670871));
#3555 = CARTESIAN_POINT('',(2.229460147441,0.5,3.127606386461));
#3556 = CARTESIAN_POINT('',(2.379354005236,0.5,3.277500244256));
#3557 = CARTESIAN_POINT('',(-0.100597377579,0.3,0.960848177627));
#3558 = CARTESIAN_POINT('',(4.929648021581E-02,0.3,1.110742035422));
#3559 = CARTESIAN_POINT('',(0.349084195806,0.3,1.410529751012));
#3560 = CARTESIAN_POINT('',(0.648871911396,0.3,1.710317466602));
#3561 = CARTESIAN_POINT('',(0.948659626987,0.3,2.010105182193));
#3562 = CARTESIAN_POINT('',(1.248447342577,0.3,2.309892897783));
#3563 = CARTESIAN_POINT('',(1.548235058167,0.3,2.609680613373));
#3564 = CARTESIAN_POINT('',(1.848022773758,0.3,2.909468328964));
#3565 = CARTESIAN_POINT('',(2.147810489348,0.3,3.209256044554));
#3566 = CARTESIAN_POINT('',(2.297704347143,0.3,3.359149902349));
#3567 = CARTESIAN_POINT('',(-0.138156220302,8.E-02,0.998407020349));
#3568 = CARTESIAN_POINT('',(1.173763749313E-02,8.E-02,1.148300878145));
#3569 = CARTESIAN_POINT('',(0.311525353083,8.E-02,1.448088593735));
#3570 = CARTESIAN_POINT('',(0.611313068674,8.E-02,1.747876309325));
#3571 = CARTESIAN_POINT('',(0.911100784264,8.E-02,2.047664024915));
#3572 = CARTESIAN_POINT('',(1.210888499854,8.E-02,2.347451740506));
#3573 = CARTESIAN_POINT('',(1.510676215445,8.E-02,2.647239456096));
#3574 = CARTESIAN_POINT('',(1.810463931035,8.E-02,2.947027171686));
#3575 = CARTESIAN_POINT('',(2.110251646625,8.E-02,3.246814887277));
#3576 = CARTESIAN_POINT('',(2.26014550442,8.E-02,3.396708745072));
#3577 = CARTESIAN_POINT('',(-0.132350022393,-0.133333333333,
    0.992600822441));
#3578 = CARTESIAN_POINT('',(1.754383540195E-02,-0.133333333333,
    1.142494680236));
#3579 = CARTESIAN_POINT('',(0.317331550992,-0.133333333333,
    1.442282395826));
#3580 = CARTESIAN_POINT('',(0.617119266583,-0.133333333333,
    1.742070111416));
#3581 = CARTESIAN_POINT('',(0.916906982173,-0.133333333333,
    2.041857827007));
#3582 = CARTESIAN_POINT('',(1.216694697763,-0.133333333333,
    2.341645542597));
#3583 = CARTESIAN_POINT('',(1.516482413354,-0.133333333333,
    2.641433258187));
#3584 = CARTESIAN_POINT('',(1.816270128944,-0.133333333333,
    2.941220973778));
#3585 = CARTESIAN_POINT('',(2.116057844534,-0.133333333333,
    3.241008689368));
#3586 = CARTESIAN_POINT('',(2.265951702329,-0.133333333333,
    3.390902547163));
#3587 = CARTESIAN_POINT('',(-9.243241177007E-02,-0.32,0.952683211817));
#3588 = CARTESIAN_POINT('',(5.746144602508E-02,-0.32,1.102577069613));
#3589 = CARTESIAN_POINT('',(0.357249161615,-0.32,1.402364785203));
#3590 = CARTESIAN_POINT('',(0.657036877206,-0.32,1.702152500793));
#3591 = CARTESIAN_POINT('',(0.956824592796,-0.32,2.001940216384));
#3592 = CARTESIAN_POINT('',(1.256612308386,-0.32,2.301727931974));
#3593 = CARTESIAN_POINT('',(1.556400023977,-0.32,2.601515647564));
#3594 = CARTESIAN_POINT('',(1.856187739567,-0.32,2.901303363154));
#3595 = CARTESIAN_POINT('',(2.155975455157,-0.32,3.201091078745));
#3596 = CARTESIAN_POINT('',(2.305869312952,-0.32,3.35098493654));
#3597 = CARTESIAN_POINT('',(-5.977254853296E-02,-0.4,0.92002334858));
#3598 = CARTESIAN_POINT('',(9.012130926219E-02,-0.4,1.069917206375));
#3599 = CARTESIAN_POINT('',(0.389909024853,-0.4,1.369704921966));
#3600 = CARTESIAN_POINT('',(0.689696740443,-0.4,1.669492637556));
#3601 = CARTESIAN_POINT('',(0.989484456033,-0.4,1.969280353146));
#3602 = CARTESIAN_POINT('',(1.289272171623,-0.4,2.269068068737));
#3603 = CARTESIAN_POINT('',(1.589059887214,-0.4,2.568855784327));
#3604 = CARTESIAN_POINT('',(1.888847602804,-0.4,2.868643499917));
#3605 = CARTESIAN_POINT('',(2.188635318394,-0.4,3.168431215508));
#3606 = CARTESIAN_POINT('',(2.33852917619,-0.4,3.318325073303));
#3607 = CARTESIAN_POINT('',(-2.711268529585E-02,-0.48,0.887363485343));
#3608 = CARTESIAN_POINT('',(0.122781172499,-0.48,1.037257343138));
#3609 = CARTESIAN_POINT('',(0.42256888809,-0.48,1.337045058729));
#3610 = CARTESIAN_POINT('',(0.72235660368,-0.48,1.636832774319));
#3611 = CARTESIAN_POINT('',(1.02214431927,-0.48,1.936620489909));
#3612 = CARTESIAN_POINT('',(1.321932034861,-0.48,2.2364082055));
#3613 = CARTESIAN_POINT('',(1.621719750451,-0.48,2.53619592109));
#3614 = CARTESIAN_POINT('',(1.921507466041,-0.48,2.83598363668));
#3615 = CARTESIAN_POINT('',(2.221295181632,-0.48,3.135771352271));
#3616 = CARTESIAN_POINT('',(2.371189039427,-0.48,3.285665210066));
#3617 = CARTESIAN_POINT('',(6.723803072246E-02,-0.622222222222,
    0.793012769325));
#3618 = CARTESIAN_POINT('',(0.217131888518,-0.622222222222,0.94290662712
    ));
#3619 = CARTESIAN_POINT('',(0.516919604108,-0.622222222222,1.24269434271
    ));
#3620 = CARTESIAN_POINT('',(0.816707319698,-0.622222222222,
    1.542482058301));
#3621 = CARTESIAN_POINT('',(1.116495035289,-0.622222222222,
    1.842269773891));
#3622 = CARTESIAN_POINT('',(1.416282750879,-0.622222222222,
    2.142057489481));
#3623 = CARTESIAN_POINT('',(1.716070466469,-0.622222222222,
    2.441845205072));
#3624 = CARTESIAN_POINT('',(2.01585818206,-0.622222222222,2.741632920662
    ));
#3625 = CARTESIAN_POINT('',(2.31564589765,-0.622222222222,3.041420636252
    ));
#3626 = CARTESIAN_POINT('',(2.465539755445,-0.622222222222,
    3.191314494047));
#3627 = CARTESIAN_POINT('',(0.194974384716,-0.736,0.665276415331));
#3628 = CARTESIAN_POINT('',(0.344868242512,-0.736,0.815170273126));
#3629 = CARTESIAN_POINT('',(0.644655958102,-0.736,1.114957988716));
#3630 = CARTESIAN_POINT('',(0.944443673692,-0.736,1.414745704307));
#3631 = CARTESIAN_POINT('',(1.244231389283,-0.736,1.714533419897));
#3632 = CARTESIAN_POINT('',(1.544019104873,-0.736,2.014321135487));
#3633 = CARTESIAN_POINT('',(1.843806820463,-0.736,2.314108851078));
#3634 = CARTESIAN_POINT('',(2.143594536054,-0.736,2.613896566668));
#3635 = CARTESIAN_POINT('',(2.443382251644,-0.736,2.913684282258));
#3636 = CARTESIAN_POINT('',(2.593276109439,-0.736,3.063578140053));
#3637 = CARTESIAN_POINT('',(0.348475741931,-0.8,0.511775058116));
#3638 = CARTESIAN_POINT('',(0.498369599726,-0.8,0.661668915912));
#3639 = CARTESIAN_POINT('',(0.798157315316,-0.8,0.961456631502));
#3640 = CARTESIAN_POINT('',(1.097945030907,-0.8,1.261244347092));
#3641 = CARTESIAN_POINT('',(1.397732746497,-0.8,1.561032062683));
#3642 = CARTESIAN_POINT('',(1.697520462087,-0.8,1.860819778273));
#3643 = CARTESIAN_POINT('',(1.997308177678,-0.8,2.160607493863));
#3644 = CARTESIAN_POINT('',(2.297095893268,-0.8,2.460395209453));
#3645 = CARTESIAN_POINT('',(2.596883608858,-0.8,2.760182925044));
#3646 = CARTESIAN_POINT('',(2.746777466653,-0.8,2.910076782839));
#3647 = CARTESIAN_POINT('',(0.511775058116,-0.8,0.348475741931));
#3648 = CARTESIAN_POINT('',(0.661668915912,-0.8,0.498369599726));
#3649 = CARTESIAN_POINT('',(0.961456631502,-0.8,0.798157315316));
#3650 = CARTESIAN_POINT('',(1.261244347092,-0.8,1.097945030907));
#3651 = CARTESIAN_POINT('',(1.561032062683,-0.8,1.397732746497));
#3652 = CARTESIAN_POINT('',(1.860819778273,-0.8,1.697520462087));
#3653 = CARTESIAN_POINT('',(2.160607493863,-0.8,1.997308177678));
#3654 = CARTESIAN_POINT('',(2.460395209453,-0.8,2.297095893268));
#3655 = CARTESIAN_POINT('',(2.760182925044,-0.8,2.596883608858));
#3656 = CARTESIAN_POINT('',(2.910076782839,-0.8,2.746777466653));
#3657 = CARTESIAN_POINT('',(0.665276415331,-0.736,0.194974384716));
#3658 = CARTESIAN_POINT('',(0.815170273126,-0.736,0.344868242512));
#3659 = CARTESIAN_POINT('',(1.114957988716,-0.736,0.644655958102));
#3660 = CARTESIAN_POINT('',(1.414745704307,-0.736,0.944443673692));
#3661 = CARTESIAN_POINT('',(1.714533419897,-0.736,1.244231389283));
#3662 = CARTESIAN_POINT('',(2.014321135487,-0.736,1.544019104873));
#3663 = CARTESIAN_POINT('',(2.314108851078,-0.736,1.843806820463));
#3664 = CARTESIAN_POINT('',(2.613896566668,-0.736,2.143594536054));
#3665 = CARTESIAN_POINT('',(2.913684282258,-0.736,2.443382251644));
#3666 = CARTESIAN_POINT('',(3.063578140053,-0.736,2.593276109439));
#3667 = CARTESIAN_POINT('',(0.793012769325,-0.622222222222,
    6.723803072246E-02));
#3668 = CARTESIAN_POINT('',(0.94290662712,-0.622222222222,0.217131888518
    ));
#3669 = CARTESIAN_POINT('',(1.24269434271,-0.622222222222,0.516919604108
    ));
#3670 = CARTESIAN_POINT('',(1.542482058301,-0.622222222222,
    0.816707319698));
#3671 = CARTESIAN_POINT('',(1.842269773891,-0.622222222222,
    1.116495035289));
#3672 = CARTESIAN_POINT('',(2.142057489481,-0.622222222222,
    1.416282750879));
#3673 = CARTESIAN_POINT('',(2.441845205072,-0.622222222222,
    1.716070466469));
#3674 = CARTESIAN_POINT('',(2.741632920662,-0.622222222222,2.01585818206
    ));
#3675 = CARTESIAN_POINT('',(3.041420636252,-0.622222222222,2.31564589765
    ));
#3676 = CARTESIAN_POINT('',(3.191314494047,-0.622222222222,
    2.465539755445));
#3677 = CARTESIAN_POINT('',(0.887363485343,-0.48,-2.711268529585E-02));
#3678 = CARTESIAN_POINT('',(1.037257343138,-0.48,0.122781172499));
#3679 = CARTESIAN_POINT('',(1.337045058729,-0.48,0.42256888809));
#3680 = CARTESIAN_POINT('',(1.636832774319,-0.48,0.72235660368));
#3681 = CARTESIAN_POINT('',(1.936620489909,-0.48,1.02214431927));
#3682 = CARTESIAN_POINT('',(2.2364082055,-0.48,1.321932034861));
#3683 = CARTESIAN_POINT('',(2.53619592109,-0.48,1.621719750451));
#3684 = CARTESIAN_POINT('',(2.83598363668,-0.48,1.921507466041));
#3685 = CARTESIAN_POINT('',(3.135771352271,-0.48,2.221295181632));
#3686 = CARTESIAN_POINT('',(3.285665210066,-0.48,2.371189039427));
#3687 = CARTESIAN_POINT('',(0.92002334858,-0.4,-5.977254853296E-02));
#3688 = CARTESIAN_POINT('',(1.069917206375,-0.4,9.012130926219E-02));
#3689 = CARTESIAN_POINT('',(1.369704921966,-0.4,0.389909024853));
#3690 = CARTESIAN_POINT('',(1.669492637556,-0.4,0.689696740443));
#3691 = CARTESIAN_POINT('',(1.969280353146,-0.4,0.989484456033));
#3692 = CARTESIAN_POINT('',(2.269068068737,-0.4,1.289272171623));
#3693 = CARTESIAN_POINT('',(2.568855784327,-0.4,1.589059887214));
#3694 = CARTESIAN_POINT('',(2.868643499917,-0.4,1.888847602804));
#3695 = CARTESIAN_POINT('',(3.168431215508,-0.4,2.188635318394));
#3696 = CARTESIAN_POINT('',(3.318325073303,-0.4,2.33852917619));
#3697 = CARTESIAN_POINT('',(0.952683211817,-0.32,-9.243241177007E-02));
#3698 = CARTESIAN_POINT('',(1.102577069613,-0.32,5.746144602508E-02));
#3699 = CARTESIAN_POINT('',(1.402364785203,-0.32,0.357249161615));
#3700 = CARTESIAN_POINT('',(1.702152500793,-0.32,0.657036877206));
#3701 = CARTESIAN_POINT('',(2.001940216384,-0.32,0.956824592796));
#3702 = CARTESIAN_POINT('',(2.301727931974,-0.32,1.256612308386));
#3703 = CARTESIAN_POINT('',(2.601515647564,-0.32,1.556400023977));
#3704 = CARTESIAN_POINT('',(2.901303363154,-0.32,1.856187739567));
#3705 = CARTESIAN_POINT('',(3.201091078745,-0.32,2.155975455157));
#3706 = CARTESIAN_POINT('',(3.35098493654,-0.32,2.305869312952));
#3707 = CARTESIAN_POINT('',(0.992600822441,-0.133333333333,
    -0.132350022393));
#3708 = CARTESIAN_POINT('',(1.142494680236,-0.133333333333,
    1.754383540195E-02));
#3709 = CARTESIAN_POINT('',(1.442282395826,-0.133333333333,
    0.317331550992));
#3710 = CARTESIAN_POINT('',(1.742070111416,-0.133333333333,
    0.617119266583));
#3711 = CARTESIAN_POINT('',(2.041857827007,-0.133333333333,
    0.916906982173));
#3712 = CARTESIAN_POINT('',(2.341645542597,-0.133333333333,
    1.216694697763));
#3713 = CARTESIAN_POINT('',(2.641433258187,-0.133333333333,
    1.516482413354));
#3714 = CARTESIAN_POINT('',(2.941220973778,-0.133333333333,
    1.816270128944));
#3715 = CARTESIAN_POINT('',(3.241008689368,-0.133333333333,
    2.116057844534));
#3716 = CARTESIAN_POINT('',(3.390902547163,-0.133333333333,
    2.265951702329));
#3717 = CARTESIAN_POINT('',(0.998407020349,8.E-02,-0.138156220302));
#3718 = CARTESIAN_POINT('',(1.148300878145,8.E-02,1.173763749313E-02));
#3719 = CARTESIAN_POINT('',(1.448088593735,8.E-02,0.311525353083));
#3720 = CARTESIAN_POINT('',(1.747876309325,8.E-02,0.611313068674));
#3721 = CARTESIAN_POINT('',(2.047664024915,8.E-02,0.911100784264));
#3722 = CARTESIAN_POINT('',(2.347451740506,8.E-02,1.210888499854));
#3723 = CARTESIAN_POINT('',(2.647239456096,8.E-02,1.510676215445));
#3724 = CARTESIAN_POINT('',(2.947027171686,8.E-02,1.810463931035));
#3725 = CARTESIAN_POINT('',(3.246814887277,8.E-02,2.110251646625));
#3726 = CARTESIAN_POINT('',(3.396708745072,8.E-02,2.26014550442));
#3727 = CARTESIAN_POINT('',(0.960848177627,0.3,-0.100597377579));
#3728 = CARTESIAN_POINT('',(1.110742035422,0.3,4.929648021581E-02));
#3729 = CARTESIAN_POINT('',(1.410529751012,0.3,0.349084195806));
#3730 = CARTESIAN_POINT('',(1.710317466602,0.3,0.648871911396));
#3731 = CARTESIAN_POINT('',(2.010105182193,0.3,0.948659626987));
#3732 = CARTESIAN_POINT('',(2.309892897783,0.3,1.248447342577));
#3733 = CARTESIAN_POINT('',(2.609680613373,0.3,1.548235058167));
#3734 = CARTESIAN_POINT('',(2.909468328964,0.3,1.848022773758));
#3735 = CARTESIAN_POINT('',(3.209256044554,0.3,2.147810489348));
#3736 = CARTESIAN_POINT('',(3.359149902349,0.3,2.297704347143));
#3737 = CARTESIAN_POINT('',(0.879198519534,0.5,-1.894771948658E-02));
#3738 = CARTESIAN_POINT('',(1.029092377329,0.5,0.130946138309));
#3739 = CARTESIAN_POINT('',(1.328880092919,0.5,0.430733853899));
#3740 = CARTESIAN_POINT('',(1.62866780851,0.5,0.730521569489));
#3741 = CARTESIAN_POINT('',(1.9284555241,0.5,1.03030928508));
#3742 = CARTESIAN_POINT('',(2.22824323969,0.5,1.33009700067));
#3743 = CARTESIAN_POINT('',(2.528030955281,0.5,1.62988471626));
#3744 = CARTESIAN_POINT('',(2.827818670871,0.5,1.92967243185));
#3745 = CARTESIAN_POINT('',(3.127606386461,0.5,2.229460147441));
#3746 = CARTESIAN_POINT('',(3.277500244256,0.5,2.379354005236));
#3747 = CARTESIAN_POINT('',(0.763256005042,0.656,9.699479500516E-02));
#3748 = CARTESIAN_POINT('',(0.913149862837,0.656,0.2468886528));
#3749 = CARTESIAN_POINT('',(1.212937578428,0.656,0.546676368391));
#3750 = CARTESIAN_POINT('',(1.512725294018,0.656,0.846464083981));
#3751 = CARTESIAN_POINT('',(1.812513009608,0.656,1.146251799571));
#3752 = CARTESIAN_POINT('',(2.112300725199,0.656,1.446039515162));
#3753 = CARTESIAN_POINT('',(2.412088440789,0.656,1.745827230752));
#3754 = CARTESIAN_POINT('',(2.711876156379,0.656,2.045614946342));
#3755 = CARTESIAN_POINT('',(3.01166387197,0.656,2.345402661933));
#3756 = CARTESIAN_POINT('',(3.161557729765,0.656,2.495296519728));
#3757 = CARTESIAN_POINT('',(0.629713453139,0.755555555556,0.230537346908
    ));
#3758 = CARTESIAN_POINT('',(0.779607310934,0.755555555556,0.380431204703
    ));
#3759 = CARTESIAN_POINT('',(1.079395026525,0.755555555556,0.680218920293
    ));
#3760 = CARTESIAN_POINT('',(1.379182742115,0.755555555556,0.980006635884
    ));
#3761 = CARTESIAN_POINT('',(1.678970457705,0.755555555556,1.279794351474
    ));
#3762 = CARTESIAN_POINT('',(1.978758173296,0.755555555556,1.579582067064
    ));
#3763 = CARTESIAN_POINT('',(2.278545888886,0.755555555556,1.879369782655
    ));
#3764 = CARTESIAN_POINT('',(2.578333604476,0.755555555556,2.179157498245
    ));
#3765 = CARTESIAN_POINT('',(2.878121320067,0.755555555556,2.478945213835
    ));
#3766 = CARTESIAN_POINT('',(3.028015177862,0.755555555556,2.628839071631
    ));
#3767 = CARTESIAN_POINT('',(0.495445126498,0.8,0.364805673549));
#3768 = CARTESIAN_POINT('',(0.645338984293,0.8,0.514699531345));
#3769 = CARTESIAN_POINT('',(0.945126699883,0.8,0.814487246935));
#3770 = CARTESIAN_POINT('',(1.244914415474,0.8,1.114274962525));
#3771 = CARTESIAN_POINT('',(1.544702131064,0.8,1.414062678116));
#3772 = CARTESIAN_POINT('',(1.844489846654,0.8,1.713850393706));
#3773 = CARTESIAN_POINT('',(2.144277562245,0.8,2.013638109296));
#3774 = CARTESIAN_POINT('',(2.444065277835,0.8,2.313425824886));
#3775 = CARTESIAN_POINT('',(2.743852993425,0.8,2.613213540477));
#3776 = CARTESIAN_POINT('',(2.89374685122,0.8,2.763107398272));
#3777 = CARTESIAN_POINT('',(0.430125400024,0.8,0.430125400024));
#3778 = CARTESIAN_POINT('',(0.580019257819,0.8,0.580019257819));
#3779 = CARTESIAN_POINT('',(0.879806973409,0.8,0.879806973409));
#3780 = CARTESIAN_POINT('',(1.179594688999,0.8,1.179594688999));
#3781 = CARTESIAN_POINT('',(1.47938240459,0.8,1.47938240459));
#3782 = CARTESIAN_POINT('',(1.77917012018,0.8,1.77917012018));
#3783 = CARTESIAN_POINT('',(2.07895783577,0.8,2.07895783577));
#3784 = CARTESIAN_POINT('',(2.378745551361,0.8,2.378745551361));
#3785 = CARTESIAN_POINT('',(2.678533266951,0.8,2.678533266951));
#3786 = CARTESIAN_POINT('',(2.828427124746,0.8,2.828427124746));
#3787 = DEFINITIONAL_REPRESENTATION('',(#3788),#4064);
#3788 = B_SPLINE_CURVE_WITH_KNOTS('',8,(#3789,#3790,#3791,#3792,#3793,
    #3794,#3795,#3796,#3797,#3798,#3799,#3800,#3801,#3802,#3803,#3804,
    #3805,#3806,#3807,#3808,#3809,#3810,#3811,#3812,#3813,#3814,#3815,
    #3816,#3817,#3818,#3819,#3820,#3821,#3822,#3823,#3824,#3825,#3826,
    #3827,#3828,#3829,#3830,#3831,#3832,#3833,#3834,#3835,#3836,#3837,
    #3838,#3839,#3840,#3841,#3842,#3843,#3844,#3845,#3846,#3847,#3848,
    #3849,#3850,#3851,#3852,#3853,#3854,#3855,#3856,#3857,#3858,#3859,
    #3860,#3861,#3862,#3863,#3864,#3865,#3866,#3867,#3868,#3869,#3870,
    #3871,#3872,#3873,#3874,#3875,#3876,#3877,#3878,#3879,#3880,#3881,
    #3882,#3883,#3884,#3885,#3886,#3887,#3888,#3889,#3890,#3891,#3892,
    #3893,#3894,#3895,#3896,#3897,#3898,#3899,#3900,#3901,#3902,#3903,
    #3904,#3905,#3906,#3907,#3908,#3909,#3910,#3911,#3912,#3913,#3914,
    #3915,#3916,#3917,#3918,#3919,#3920,#3921,#3922,#3923,#3924,#3925,
    #3926,#3927,#3928,#3929,#3930,#3931,#3932,#3933,#3934,#3935,#3936,
    #3937,#3938,#3939,#3940,#3941,#3942,#3943,#3944,#3945,#3946,#3947,
    #3948,#3949,#3950,#3951,#3952,#3953,#3954,#3955,#3956,#3957,#3958,
    #3959,#3960,#3961,#3962,#3963,#3964,#3965,#3966,#3967,#3968,#3969,
    #3970,#3971,#3972,#3973,#3974,#3975,#3976,#3977,#3978,#3979,#3980,
    #3981,#3982,#3983,#3984,#3985,#3986,#3987,#3988,#3989,#3990,#3991,
    #3992,#3993,#3994,#3995,#3996,#3997,#3998,#3999,#4000,#4001,#4002,
    #4003,#4004,#4005,#4006,#4007,#4008,#4009,#4010,#4011,#4012,#4013,
    #4014,#4015,#4016,#4017,#4018,#4019,#4020,#4021,#4022,#4023,#4024,
    #4025,#4026,#4027,#4028,#4029,#4030,#4031,#4032,#4033,#4034,#4035,
    #4036,#4037,#4038,#4039,#4040,#4041,#4042,#4043,#4044,#4045,#4046,
    #4047,#4048,#4049,#4050,#4051,#4052,#4053,#4054,#4055,#4056,#4057,
    #4058,#4059,#4060,#4061,#4062,#4063),.UNSPECIFIED.,.F.,.F.,(9,7,7,7,
    7,7,7,7,7,7,7,7,7,7,7,7,7,7,7,7,7,7,7,8,8,8,8,8,8,8,8,8,8,8,8,8,8,9)
  ,(0.,4.180500874576E-02,8.09972044449E-02,8.329362216165E-02,
    8.786851683173E-02,0.160494969719,0.192269042858,0.207163139641,
    0.214377467771,0.216152868834,0.219689800639,0.247764196845,
    0.260924070067,0.267298383658,0.270435741129,0.271992164562,
    0.27509285187,0.299704557373,0.311241294328,0.31403534781,
    0.316807572748,0.360816643646,0.363223389711,0.365611333072,
    0.403519933929,0.407666187148,0.440317931246,0.468888207332,
    0.472013081279,0.478165176862,0.573522658397,0.585442343589,
    0.62716124176,0.629768672896,0.649324406414,0.659102273173,
    0.663991206553,0.668880139932),.UNSPECIFIED.);
#3789 = CARTESIAN_POINT('',(0.,0.848528137424));
#3790 = CARTESIAN_POINT('',(3.691238344184E-02,0.872949192928));
#3791 = CARTESIAN_POINT('',(7.199415310172E-02,0.898257411013));
#3792 = CARTESIAN_POINT('',(0.105490791325,0.924329948001));
#3793 = CARTESIAN_POINT('',(0.137597744843,0.951046152548));
#3794 = CARTESIAN_POINT('',(0.168476285502,0.978293570265));
#3795 = CARTESIAN_POINT('',(0.198265323197,1.0059726295));
#3796 = CARTESIAN_POINT('',(0.227089171031,1.034000008269));
#3797 = CARTESIAN_POINT('',(0.281285064705,1.088851873419));
#3798 = CARTESIAN_POINT('',(0.306760635204,1.115642340061));
#3799 = CARTESIAN_POINT('',(0.331581238949,1.142627859342));
#3800 = CARTESIAN_POINT('',(0.355833588282,1.169769423217));
#3801 = CARTESIAN_POINT('',(0.37960064666,1.197043566188));
#3802 = CARTESIAN_POINT('',(0.402964432203,1.224442692949));
#3803 = CARTESIAN_POINT('',(0.42600882126,1.251975406032));
#3804 = CARTESIAN_POINT('',(0.450159079213,1.281289374506));
#3805 = CARTESIAN_POINT('',(0.451495012969,1.282912458963));
#3806 = CARTESIAN_POINT('',(0.452830171052,1.284536092208));
#3807 = CARTESIAN_POINT('',(0.454164571289,1.286160279623));
#3808 = CARTESIAN_POINT('',(0.455498231508,1.287785026589));
#3809 = CARTESIAN_POINT('',(0.456831169534,1.289410338489));
#3810 = CARTESIAN_POINT('',(0.458163403194,1.291036220706));
#3811 = CARTESIAN_POINT('',(0.462147878826,1.295903177483));
#3812 = CARTESIAN_POINT('',(0.464797024596,1.2991446736));
#3813 = CARTESIAN_POINT('',(0.467437804716,1.302381417546));
#3814 = CARTESIAN_POINT('',(0.470074702805,1.3056187396));
#3815 = CARTESIAN_POINT('',(0.472706705072,1.308855256685));
#3816 = CARTESIAN_POINT('',(0.475331789244,1.312088356213));
#3817 = CARTESIAN_POINT('',(0.477953020076,1.315321642843));
#3818 = CARTESIAN_POINT('',(0.522095308624,1.369852737));
#3819 = CARTESIAN_POINT('',(0.562364837955,1.420814316064));
#3820 = CARTESIAN_POINT('',(0.601897220619,1.471529755232));
#3821 = CARTESIAN_POINT('',(0.641097956315,1.522090766305));
#3822 = CARTESIAN_POINT('',(0.680294622624,1.57253896025));
#3823 = CARTESIAN_POINT('',(0.719763852427,1.622831615337));
#3824 = CARTESIAN_POINT('',(0.759748883115,1.6728230422));
#3825 = CARTESIAN_POINT('',(0.818282074265,1.743890911439));
#3826 = CARTESIAN_POINT('',(0.836237383124,1.765414192701));
#3827 = CARTESIAN_POINT('',(0.854351502613,1.786810430034));
#3828 = CARTESIAN_POINT('',(0.872642050161,1.808054396442));
#3829 = CARTESIAN_POINT('',(0.89112636219,1.829116597475));
#3830 = CARTESIAN_POINT('',(0.909821494115,1.849963271233));
#3831 = CARTESIAN_POINT('',(0.928744220341,1.870556388367));
#3832 = CARTESIAN_POINT('',(0.956895533067,1.90036797114));
#3833 = CARTESIAN_POINT('',(0.96593374827,1.909817249725));
#3834 = CARTESIAN_POINT('',(0.975027419783,1.919197113807));
#3835 = CARTESIAN_POINT('',(0.984178308153,1.928502971174));
#3836 = CARTESIAN_POINT('',(0.993388194559,1.937730011425));
#3837 = CARTESIAN_POINT('',(1.002658880818,1.946873205968));
#3838 = CARTESIAN_POINT('',(1.011992189381,1.955927308021));
#3839 = CARTESIAN_POINT('',(1.025942015088,1.969226609788));
#3840 = CARTESIAN_POINT('',(1.030509187539,1.973544218294));
#3841 = CARTESIAN_POINT('',(1.035091696358,1.97783902606));
#3842 = CARTESIAN_POINT('',(1.039689757213,1.982110381021));
#3843 = CARTESIAN_POINT('',(1.044303585774,1.98635763111));
#3844 = CARTESIAN_POINT('',(1.048933397711,1.990580124262));
#3845 = CARTESIAN_POINT('',(1.053579408691,1.99477720841));
#3846 = CARTESIAN_POINT('',(1.059389217533,1.999974724756));
#3847 = CARTESIAN_POINT('',(1.060537605114,2.000999606732));
#3848 = CARTESIAN_POINT('',(1.061686997127,2.002022877418));
#3849 = CARTESIAN_POINT('',(1.06283739357,2.003044536812));
#3850 = CARTESIAN_POINT('',(1.063988794446,2.004064584916));
#3851 = CARTESIAN_POINT('',(1.065141199753,2.005083021728));
#3852 = CARTESIAN_POINT('',(1.066294609491,2.00609984725));
#3853 = CARTESIAN_POINT('',(1.069748662109,2.009137317758));
#3854 = CARTESIAN_POINT('',(1.072054341323,2.011154810927));
#3855 = CARTESIAN_POINT('',(1.074355480479,2.013158205329));
#3856 = CARTESIAN_POINT('',(1.076677553618,2.015169675491));
#3857 = CARTESIAN_POINT('',(1.078994519288,2.017166200923));
#3858 = CARTESIAN_POINT('',(1.081323618317,2.019162825411));
#3859 = CARTESIAN_POINT('',(1.083657161889,2.02115261252));
#3860 = CARTESIAN_POINT('',(1.104573282651,2.038891951962));
#3861 = CARTESIAN_POINT('',(1.12355104318,2.054314455682));
#3862 = CARTESIAN_POINT('',(1.142943740715,2.069343503069));
#3863 = CARTESIAN_POINT('',(1.162765449795,2.083913115823));
#3864 = CARTESIAN_POINT('',(1.18303167341,2.097952819865));
#3865 = CARTESIAN_POINT('',(1.203759700922,2.111387660657));
#3866 = CARTESIAN_POINT('',(1.224968965989,2.124138218529));
#3867 = CARTESIAN_POINT('',(1.256859106003,2.141737376487));
#3868 = CARTESIAN_POINT('',(1.267147391498,2.147185346828));
#3869 = CARTESIAN_POINT('',(1.277548499368,2.152455895929));
#3870 = CARTESIAN_POINT('',(1.288064817619,2.157540171408));
#3871 = CARTESIAN_POINT('',(1.298698883869,2.162429107607));
#3872 = CARTESIAN_POINT('',(1.309453385353,2.167113425592));
#3873 = CARTESIAN_POINT('',(1.320331158916,2.17158363315));
#3874 = CARTESIAN_POINT('',(1.33666529119,2.177886850214));
#3875 = CARTESIAN_POINT('',(1.342024987053,2.179891199358));
#3876 = CARTESIAN_POINT('',(1.347414647138,2.181841940312));
#3877 = CARTESIAN_POINT('',(1.352834639972,2.183737941161));
#3878 = CARTESIAN_POINT('',(1.358285334085,2.185578069991));
#3879 = CARTESIAN_POINT('',(1.363767098007,2.187361194886));
#3880 = CARTESIAN_POINT('',(1.369280300267,2.189086183933));
#3881 = CARTESIAN_POINT('',(1.377554504331,2.191571741032));
#3882 = CARTESIAN_POINT('',(1.380291410268,2.192377212895));
#3883 = CARTESIAN_POINT('',(1.383036076217,2.193168180688));
#3884 = CARTESIAN_POINT('',(1.385788551192,2.193944504294));
#3885 = CARTESIAN_POINT('',(1.388548884205,2.194706043595));
#3886 = CARTESIAN_POINT('',(1.391317124269,2.195452658473));
#3887 = CARTESIAN_POINT('',(1.394093320397,2.196184208811));
#3888 = CARTESIAN_POINT('',(1.398258747137,2.197255928434));
#3889 = CARTESIAN_POINT('',(1.399641943192,2.197607559995));
#3890 = CARTESIAN_POINT('',(1.401027116087,2.197955431757));
#3891 = CARTESIAN_POINT('',(1.402414272146,2.198299526303));
#3892 = CARTESIAN_POINT('',(1.40380341769,2.198639826217));
#3893 = CARTESIAN_POINT('',(1.405194559041,2.198976314081));
#3894 = CARTESIAN_POINT('',(1.406587702521,2.199308972479));
#3895 = CARTESIAN_POINT('',(1.410762393398,2.200292867588));
#3896 = CARTESIAN_POINT('',(1.413548350305,2.200932337852));
#3897 = CARTESIAN_POINT('',(1.416349687606,2.20155805636));
#3898 = CARTESIAN_POINT('',(1.419143029256,2.202164552364));
#3899 = CARTESIAN_POINT('',(1.421954606783,2.20275780627));
#3900 = CARTESIAN_POINT('',(1.424764943324,2.203333167068));
#3901 = CARTESIAN_POINT('',(1.427583637627,2.203892798246));
#3902 = CARTESIAN_POINT('',(1.452821089214,2.208746191365));
#3903 = CARTESIAN_POINT('',(1.475588384168,2.212019050413));
#3904 = CARTESIAN_POINT('',(1.498655044119,2.214197186236));
#3905 = CARTESIAN_POINT('',(1.521968977296,2.215243711662));
#3906 = CARTESIAN_POINT('',(1.545478181031,2.215142118405));
#3907 = CARTESIAN_POINT('',(1.569128723485,2.213896329107));
#3908 = CARTESIAN_POINT('',(1.592862725372,2.211530749374));
#3909 = CARTESIAN_POINT('',(1.627750869289,2.206477617478));
#3910 = CARTESIAN_POINT('',(1.638889613489,2.204628740057));
#3911 = CARTESIAN_POINT('',(1.650026097337,2.202548314075));
#3912 = CARTESIAN_POINT('',(1.661153436524,2.200241956043));
#3913 = CARTESIAN_POINT('',(1.672264339383,2.197716272467));
#3914 = CARTESIAN_POINT('',(1.683351106885,2.194978859843));
#3915 = CARTESIAN_POINT('',(1.694405632646,2.192038304664));
#3916 = CARTESIAN_POINT('',(1.708086790326,2.188145144465));
#3917 = CARTESIAN_POINT('',(1.710751788182,2.187374741687));
#3918 = CARTESIAN_POINT('',(1.713414269291,2.186593119623));
#3919 = CARTESIAN_POINT('',(1.716074106455,2.185800422816));
#3920 = CARTESIAN_POINT('',(1.718731172477,2.184996795807));
#3921 = CARTESIAN_POINT('',(1.721385340162,2.184182383139));
#3922 = CARTESIAN_POINT('',(1.724036482311,2.183357329353));
#3923 = CARTESIAN_POINT('',(1.72931186202,2.181692731717));
#3924 = CARTESIAN_POINT('',(1.731935479707,2.180853582735));
#3925 = CARTESIAN_POINT('',(1.734557754389,2.180003629903));
#3926 = CARTESIAN_POINT('',(1.737174366127,2.179144412825));
#3927 = CARTESIAN_POINT('',(1.739787290752,2.178275403559));
#3928 = CARTESIAN_POINT('',(1.742399462531,2.177395737725));
#3929 = CARTESIAN_POINT('',(1.74500818347,2.176506382602));
#3930 = CARTESIAN_POINT('',(1.788988189588,2.161331665422));
#3931 = CARTESIAN_POINT('',(1.829699765297,2.144573813294));
#3932 = CARTESIAN_POINT('',(1.869805939005,2.125711997658));
#3933 = CARTESIAN_POINT('',(1.909356629433,2.105082617319));
#3934 = CARTESIAN_POINT('',(1.948399758665,2.082979844189));
#3935 = CARTESIAN_POINT('',(1.986986140124,2.059655412845));
#3936 = CARTESIAN_POINT('',(2.025174366545,2.035318410084));
#3937 = CARTESIAN_POINT('',(2.065106240837,2.008757850482));
#3938 = CARTESIAN_POINT('',(2.067175805981,2.007378106662));
#3939 = CARTESIAN_POINT('',(2.069244405385,2.005995859282));
#3940 = CARTESIAN_POINT('',(2.071312051046,2.004611134604));
#3941 = CARTESIAN_POINT('',(2.073378754961,2.003223958889));
#3942 = CARTESIAN_POINT('',(2.075444529126,2.0018343584));
#3943 = CARTESIAN_POINT('',(2.07750938554,2.000442359399));
#3944 = CARTESIAN_POINT('',(2.081621187767,1.997664509747));
#3945 = CARTESIAN_POINT('',(2.083667870516,1.996278695013));
#3946 = CARTESIAN_POINT('',(2.085715052875,1.994890568167));
#3947 = CARTESIAN_POINT('',(2.087757260684,1.993500153665));
#3948 = CARTESIAN_POINT('',(2.089806788092,1.992107476923));
#3949 = CARTESIAN_POINT('',(2.091844004644,1.990712559891));
#3950 = CARTESIAN_POINT('',(2.093892066263,1.989315426134));
#3951 = CARTESIAN_POINT('',(2.095930545964,1.987916098779));
#3952 = CARTESIAN_POINT('',(2.128297240788,1.965701787136));
#3953 = CARTESIAN_POINT('',(2.159314455588,1.942934596987));
#3954 = CARTESIAN_POINT('',(2.18912829293,1.919706152347));
#3955 = CARTESIAN_POINT('',(2.217873706718,1.896084511919));
#3956 = CARTESIAN_POINT('',(2.245677570339,1.872114422095));
#3957 = CARTESIAN_POINT('',(2.272661744823,1.847817569962));
#3958 = CARTESIAN_POINT('',(2.298946146992,1.823192836307));
#3959 = CARTESIAN_POINT('',(2.324651817615,1.798216548617));
#3960 = CARTESIAN_POINT('',(2.327463403158,1.795484733408));
#3961 = CARTESIAN_POINT('',(2.330267655772,1.792749118445));
#3962 = CARTESIAN_POINT('',(2.33306723414,1.790007183707));
#3963 = CARTESIAN_POINT('',(2.335854017729,1.787267117033));
#3964 = CARTESIAN_POINT('',(2.338645419601,1.784511776917));
#3965 = CARTESIAN_POINT('',(2.341419631077,1.781762847895));
#3966 = CARTESIAN_POINT('',(2.344190454339,1.779006845533));
#3967 = CARTESIAN_POINT('',(2.346952991907,1.776248722177));
#3968 = CARTESIAN_POINT('',(2.368708695604,1.754527793262));
#3969 = CARTESIAN_POINT('',(2.390007754623,1.732619045655));
#3970 = CARTESIAN_POINT('',(2.41088473879,1.710550994207));
#3971 = CARTESIAN_POINT('',(2.431372633163,1.688348228954));
#3972 = CARTESIAN_POINT('',(2.451503095042,1.666031737637));
#3973 = CARTESIAN_POINT('',(2.471306710984,1.643619228196));
#3974 = CARTESIAN_POINT('',(2.490813253811,1.621125451288));
#3975 = CARTESIAN_POINT('',(2.510051939625,1.598562522784));
#3976 = CARTESIAN_POINT('',(2.526885716885,1.578819861142));
#3977 = CARTESIAN_POINT('',(2.543514614984,1.559024543988));
#3978 = CARTESIAN_POINT('',(2.559957904258,1.539184283014));
#3979 = CARTESIAN_POINT('',(2.576234797517,1.51930564721));
#3980 = CARTESIAN_POINT('',(2.592364450039,1.499394062863));
#3981 = CARTESIAN_POINT('',(2.608365959576,1.479453813562));
#3982 = CARTESIAN_POINT('',(2.624258366352,1.45948804019));
#3983 = CARTESIAN_POINT('',(2.640060653062,1.439498740932));
#3984 = CARTESIAN_POINT('',(2.641789036303,1.43731242238));
#3985 = CARTESIAN_POINT('',(2.643516343824,1.435125826156));
#3986 = CARTESIAN_POINT('',(2.64524260097,1.432938955192));
#3987 = CARTESIAN_POINT('',(2.646967833081,1.430751812419));
#3988 = CARTESIAN_POINT('',(2.6486920655,1.428564400771));
#3989 = CARTESIAN_POINT('',(2.650415323569,1.426376723178));
#3990 = CARTESIAN_POINT('',(2.652137632631,1.424188782573));
#3991 = CARTESIAN_POINT('',(2.653859018027,1.422000581887));
#3992 = CARTESIAN_POINT('',(2.65724781746,1.417692788567));
#3993 = CARTESIAN_POINT('',(2.660635691049,1.413380605991));
#3994 = CARTESIAN_POINT('',(2.664006808787,1.409084452942));
#3995 = CARTESIAN_POINT('',(2.667383208376,1.404776588824));
#3996 = CARTESIAN_POINT('',(2.670743642695,1.400484312617));
#3997 = CARTESIAN_POINT('',(2.674104027181,1.396187663096));
#3998 = CARTESIAN_POINT('',(2.677456663172,1.39189670427));
#3999 = CARTESIAN_POINT('',(2.680804606416,1.387607824163));
#4000 = CARTESIAN_POINT('',(2.732696948703,1.321131252835));
#4001 = CARTESIAN_POINT('',(2.783336789573,1.255312530071));
#4002 = CARTESIAN_POINT('',(2.833836925898,1.189756484878));
#4003 = CARTESIAN_POINT('',(2.884961251131,1.12439324015));
#4004 = CARTESIAN_POINT('',(2.93730544529,1.059629856395));
#4005 = CARTESIAN_POINT('',(2.991412541076,0.996364305034));
#4006 = CARTESIAN_POINT('',(3.047914280346,0.935848015673));
#4007 = CARTESIAN_POINT('',(3.107789175126,0.879383241746));
#4008 = CARTESIAN_POINT('',(3.115272429905,0.872326199169));
#4009 = CARTESIAN_POINT('',(3.122831566019,0.865310586089));
#4010 = CARTESIAN_POINT('',(3.130470938122,0.858337947036));
#4011 = CARTESIAN_POINT('',(3.138180028618,0.851423753818));
#4012 = CARTESIAN_POINT('',(3.145969574107,0.844563371742));
#4013 = CARTESIAN_POINT('',(3.153829591341,0.837771563818));
#4014 = CARTESIAN_POINT('',(3.161765244,0.831048719938));
#4015 = CARTESIAN_POINT('',(3.169774415159,0.824401956379));
#4016 = CARTESIAN_POINT('',(3.197806817223,0.801138182004));
#4017 = CARTESIAN_POINT('',(3.226744236696,0.778801453136));
#4018 = CARTESIAN_POINT('',(3.256584924364,0.757614927528));
#4019 = CARTESIAN_POINT('',(3.287354082087,0.737754453762));
#4020 = CARTESIAN_POINT('',(3.319100402377,0.719350547139));
#4021 = CARTESIAN_POINT('',(3.351892607978,0.702490365569));
#4022 = CARTESIAN_POINT('',(3.38581599145,0.68721968546));
#4023 = CARTESIAN_POINT('',(3.420968954742,0.673544877611));
#4024 = CARTESIAN_POINT('',(3.42316581652,0.672690284457));
#4025 = CARTESIAN_POINT('',(3.425368800482,0.67184141897));
#4026 = CARTESIAN_POINT('',(3.427574426764,0.670999640695));
#4027 = CARTESIAN_POINT('',(3.429782843058,0.670164878531));
#4028 = CARTESIAN_POINT('',(3.431994846892,0.669336807826));
#4029 = CARTESIAN_POINT('',(3.434210464921,0.668515410375));
#4030 = CARTESIAN_POINT('',(3.436429089265,0.667700917307));
#4031 = CARTESIAN_POINT('',(3.438651170857,0.666893134878));
#4032 = CARTESIAN_POINT('',(3.455316655478,0.660834820768));
#4033 = CARTESIAN_POINT('',(3.472169759619,0.655156782515));
#4034 = CARTESIAN_POINT('',(3.489212028504,0.649853546321));
#4035 = CARTESIAN_POINT('',(3.506444104685,0.644917758195));
#4036 = CARTESIAN_POINT('',(3.523865496937,0.640340345592));
#4037 = CARTESIAN_POINT('',(3.541474349148,0.636110679048));
#4038 = CARTESIAN_POINT('',(3.559267209207,0.632216733822));
#4039 = CARTESIAN_POINT('',(3.577238797901,0.628645251528));
#4040 = CARTESIAN_POINT('',(3.586224596175,0.626859508006));
#4041 = CARTESIAN_POINT('',(3.59525505566,0.62515439241));
#4042 = CARTESIAN_POINT('',(3.604329535546,0.623528235717));
#4043 = CARTESIAN_POINT('',(3.613447254515,0.621979307288));
#4044 = CARTESIAN_POINT('',(3.622607290739,0.620505814874));
#4045 = CARTESIAN_POINT('',(3.631808581881,0.61910590461));
#4046 = CARTESIAN_POINT('',(3.641049925095,0.617777661018));
#4047 = CARTESIAN_POINT('',(3.650329977026,0.616519107006));
#4048 = CARTESIAN_POINT('',(3.654969980002,0.615889827272));
#4049 = CARTESIAN_POINT('',(3.659619689127,0.615277980237));
#4050 = CARTESIAN_POINT('',(3.664278905864,0.614683313969));
#4051 = CARTESIAN_POINT('',(3.668947431678,0.614105576533));
#4052 = CARTESIAN_POINT('',(3.673625068033,0.613544515996));
#4053 = CARTESIAN_POINT('',(3.678311616394,0.612999880425));
#4054 = CARTESIAN_POINT('',(3.683006878225,0.612471417885));
#4055 = CARTESIAN_POINT('',(3.687710654991,0.611958876444));
#4056 = CARTESIAN_POINT('',(3.692414376701,0.61144633437));
#4057 = CARTESIAN_POINT('',(3.697126808933,0.610949680864));
#4058 = CARTESIAN_POINT('',(3.701847025543,0.610468745002));
#4059 = CARTESIAN_POINT('',(3.706574817246,0.610003200454));
#4060 = CARTESIAN_POINT('',(3.7113144006,0.609552493741));
#4061 = CARTESIAN_POINT('',(3.716052686679,0.60911739684));
#4062 = CARTESIAN_POINT('',(3.72080698245,0.608696127417));
#4063 = CARTESIAN_POINT('',(3.725568911977,0.608289175217));
#4064 = ( GEOMETRIC_REPRESENTATION_CONTEXT(2) 
PARAMETRIC_REPRESENTATION_CONTEXT() REPRESENTATION_CONTEXT('2D SPACE',''
  ) );
#4065 = ORIENTED_EDGE('',*,*,#4066,.F.);
#4066 = EDGE_CURVE('',#2079,#3102,#4067,.T.);
#4067 = SURFACE_CURVE('',#4068,(#4169,#4178),.PCURVE_S1.);
#4068 = B_SPLINE_CURVE_WITH_KNOTS('',8,(#4069,#4070,#4071,#4072,#4073,
    #4074,#4075,#4076,#4077,#4078,#4079,#4080,#4081,#4082,#4083,#4084,
    #4085,#4086,#4087,#4088,#4089,#4090,#4091,#4092,#4093,#4094,#4095,
    #4096,#4097,#4098,#4099,#4100,#4101,#4102,#4103,#4104,#4105,#4106,
    #4107,#4108,#4109,#4110,#4111,#4112,#4113,#4114,#4115,#4116,#4117,
    #4118,#4119,#4120,#4121,#4122,#4123,#4124,#4125,#4126,#4127,#4128,
    #4129,#4130,#4131,#4132,#4133,#4134,#4135,#4136,#4137,#4138,#4139,
    #4140,#4141,#4142,#4143,#4144,#4145,#4146,#4147,#4148,#4149,#4150,
    #4151,#4152,#4153,#4154,#4155,#4156,#4157,#4158,#4159,#4160,#4161,
    #4162,#4163,#4164,#4165,#4166,#4167,#4168),.UNSPECIFIED.,.T.,.F.,(9,
    7,7,7,7,7,7,7,7,7,7,7,7,7,9),(0.,8.348632389597E-02,0.217001209961,
    0.272679621339,0.315532252133,0.40592392368,0.472484747066,
    0.573625930423,0.627591281326,0.667549843529,0.764012915628,
    0.816232049129,0.912695121111,0.953771844591,1.),.UNSPECIFIED.);
#4069 = CARTESIAN_POINT('',(0.6,0.8,0.6));
#4070 = CARTESIAN_POINT('',(0.6,0.8,0.668970990191));
#4071 = CARTESIAN_POINT('',(0.604530465903,0.796602352993,0.738415201989
    ));
#4072 = CARTESIAN_POINT('',(0.612658794463,0.790505297177,0.807881738438
    ));
#4073 = CARTESIAN_POINT('',(0.623513493737,0.78214112989,0.876907149382)
  );
#4074 = CARTESIAN_POINT('',(0.636400572214,0.771807795965,0.945171602884
    ));
#4075 = CARTESIAN_POINT('',(0.650838798479,0.759690507234,1.012609598886
    ));
#4076 = CARTESIAN_POINT('',(0.6665491471,0.745819813332,1.079456434699)
  );
#4077 = CARTESIAN_POINT('',(0.710436316872,0.704732885301,1.252969387346
    ));
#4078 = CARTESIAN_POINT('',(0.739525885308,0.675357497925,1.355872538653
    ));
#4079 = CARTESIAN_POINT('',(0.769835613589,0.64182118864,1.456551877631)
  );
#4080 = CARTESIAN_POINT('',(0.801298357355,0.603342607854,1.556136427372
    ));
#4081 = CARTESIAN_POINT('',(0.833538790292,0.558955098708,1.654490419683
    ));
#4082 = CARTESIAN_POINT('',(0.865787532298,0.507656672985,1.750045380616
    ));
#4083 = CARTESIAN_POINT('',(0.896744814793,0.448534051798,1.839840359362
    ));
#4084 = CARTESIAN_POINT('',(0.936175958793,0.35284869047,1.952565051618)
  );
#4085 = CARTESIAN_POINT('',(0.947410107872,0.322804998754,1.98445578051)
  );
#4086 = CARTESIAN_POINT('',(0.958092850998,0.290804820658,2.014589927811
    ));
#4087 = CARTESIAN_POINT('',(0.968014918679,0.256791354624,2.042423836659
    ));
#4088 = CARTESIAN_POINT('',(0.976939060073,0.220727196881,2.067343471729
    ));
#4089 = CARTESIAN_POINT('',(0.984601093922,0.182599543877,2.088664082295
    ));
#4090 = CARTESIAN_POINT('',(0.990711936706,0.14242679946,2.105629384216)
  );
#4091 = CARTESIAN_POINT('',(0.998230578214,6.781817497315E-02,
    2.126477357883));
#4092 = CARTESIAN_POINT('',(1.000366405557,3.450087744496E-02,
    2.132387214657));
#4093 = CARTESIAN_POINT('',(1.001231188177,6.966966651201E-04,
    2.134775594195));
#4094 = CARTESIAN_POINT('',(1.000759179426,-3.321219530984E-02,
    2.133470386189));
#4095 = CARTESIAN_POINT('',(0.99895793513,-6.68435181066E-02,
    2.128491662599));
#4096 = CARTESIAN_POINT('',(0.99590881876,-9.981426241836E-02,
    2.120052380482));
#4097 = CARTESIAN_POINT('',(0.991765864555,-0.13173938743,2.108559732067
    ));
#4098 = CARTESIAN_POINT('',(0.976179054216,-0.226545202393,
    2.065207185413));
#4099 = CARTESIAN_POINT('',(0.961619709774,-0.285173536385,
    2.024577477564));
#4100 = CARTESIAN_POINT('',(0.94437068983,-0.338214618186,1.976141670669
    ));
#4101 = CARTESIAN_POINT('',(0.925455787683,-0.386038443878,
    1.922535016469));
#4102 = CARTESIAN_POINT('',(0.905603992434,-0.429186253139,1.86561302998
    ));
#4103 = CARTESIAN_POINT('',(0.885245699337,-0.46830776807,1.806445285829
    ));
#4104 = CARTESIAN_POINT('',(0.864535792129,-0.504106915781,
    1.745307467375));
#4105 = CARTESIAN_POINT('',(0.82785621557,-0.561687033746,1.634818220954
    ));
#4106 = CARTESIAN_POINT('',(0.812180881632,-0.584511313527,
    1.586923500021));
#4107 = CARTESIAN_POINT('',(0.796503136942,-0.605832314232,
    1.538226789228));
#4108 = CARTESIAN_POINT('',(0.780918418685,-0.625744708701,
    1.488889982024));
#4109 = CARTESIAN_POINT('',(0.765504549442,-0.644339901825,
    1.439010146227));
#4110 = CARTESIAN_POINT('',(0.750328971796,-0.66169995152,1.388628780019
    ));
#4111 = CARTESIAN_POINT('',(0.735458516637,-0.67789218374,1.337740879711
    ));
#4112 = CARTESIAN_POINT('',(0.698958557167,-0.715867344026,
    1.208143651011));
#4113 = CARTESIAN_POINT('',(0.678200712545,-0.735800647032,
    1.130025992649));
#4114 = CARTESIAN_POINT('',(0.658708388607,-0.75330097313,1.051119863952
    ));
#4115 = CARTESIAN_POINT('',(0.640724397572,-0.768486513545,
    0.970874007427));
#4116 = CARTESIAN_POINT('',(0.624821453409,-0.781173940768,
    0.889253885694));
#4117 = CARTESIAN_POINT('',(0.611962407821,-0.790995738281,
    0.806741847791));
#4118 = CARTESIAN_POINT('',(0.603453098006,-0.797405836025,
    0.724141405253));
#4119 = CARTESIAN_POINT('',(0.599257864795,-0.800558145845,
    0.598519699751));
#4120 = CARTESIAN_POINT('',(0.599420404067,-0.800431541772,
    0.554355839042));
#4121 = CARTESIAN_POINT('',(0.601520969356,-0.798861420879,
    0.510304766553));
#4122 = CARTESIAN_POINT('',(0.605819218128,-0.795650324666,
    0.466804348955));
#4123 = CARTESIAN_POINT('',(0.612503008225,-0.790598940836,
    0.424179277429));
#4124 = CARTESIAN_POINT('',(0.621674311439,-0.783492178508,
    0.382662142776));
#4125 = CARTESIAN_POINT('',(0.63333663509,-0.774095861106,0.342416837841
    ));
#4126 = CARTESIAN_POINT('',(0.657785265808,-0.753329135836,
    0.274795975119));
#4127 = CARTESIAN_POINT('',(0.669384538678,-0.743197331552,
    0.247094751057));
#4128 = CARTESIAN_POINT('',(0.682082305791,-0.731727955852,
    0.220506340316));
#4129 = CARTESIAN_POINT('',(0.69573983251,-0.718895503193,0.195068969935
    ));
#4130 = CARTESIAN_POINT('',(0.710181219841,-0.704699142918,
    0.170816955775));
#4131 = CARTESIAN_POINT('',(0.725199387797,-0.689173359478,
    0.147783140743));
#4132 = CARTESIAN_POINT('',(0.740565936248,-0.672399720676,
    0.126000184201));
#4133 = CARTESIAN_POINT('',(0.793412263388,-0.611356194072,
    5.601336205199E-02));
#4134 = CARTESIAN_POINT('',(0.831734722248,-0.561398120064,
    1.360775768953E-02));
#4135 = CARTESIAN_POINT('',(0.868768915409,-0.505226554028,
    -2.24556755582E-02));
#4136 = CARTESIAN_POINT('',(0.90261942641,-0.443681714939,
    -5.270831332821E-02));
#4137 = CARTESIAN_POINT('',(0.932054430148,-0.377738653255,
    -7.750146010857E-02));
#4138 = CARTESIAN_POINT('',(0.956238782699,-0.308280453258,
    -9.70897840123E-02));
#4139 = CARTESIAN_POINT('',(0.974597445428,-0.236165240544,
    -0.111613269531));
#4140 = CARTESIAN_POINT('',(0.993333262301,-0.122205787067,
    -0.126252706454));
#4141 = CARTESIAN_POINT('',(0.998082888701,-8.172491101103E-02,
    -0.129911850131));
#4142 = CARTESIAN_POINT('',(1.000952439749,-4.093884770737E-02,
    -0.13210197622));
#4143 = CARTESIAN_POINT('',(1.00191225263,1.801686577707E-11,
    -0.132831124894));
#4144 = CARTESIAN_POINT('',(1.000952439744,4.093884772588E-02,
    -0.132101976216));
#4145 = CARTESIAN_POINT('',(0.9980828887,8.172491098919E-02,
    -0.12991185013));
#4146 = CARTESIAN_POINT('',(0.993333262309,0.122205787018,
    -0.126252706461));
#4147 = CARTESIAN_POINT('',(0.974597445428,0.236165240544,
    -0.111613269531));
#4148 = CARTESIAN_POINT('',(0.956238782698,0.308280453259,
    -9.708978401178E-02));
#4149 = CARTESIAN_POINT('',(0.93205443015,0.377738653251,
    -7.750146011052E-02));
#4150 = CARTESIAN_POINT('',(0.902619426408,0.443681714945,
    -5.270831332544E-02));
#4151 = CARTESIAN_POINT('',(0.868768915411,0.505226554025,
    -2.245567556013E-02));
#4152 = CARTESIAN_POINT('',(0.831734722247,0.561398120065,
    1.360775769013E-02));
#4153 = CARTESIAN_POINT('',(0.793412263388,0.611356194072,
    5.601336205193E-02));
#4154 = CARTESIAN_POINT('',(0.740132788533,0.672900055619,0.126573821647
    ));
#4155 = CARTESIAN_POINT('',(0.724334618974,0.690116871518,0.149009699029
    ));
#4156 = CARTESIAN_POINT('',(0.708909449907,0.706012130429,0.172770833239
    ));
#4157 = CARTESIAN_POINT('',(0.694107652531,0.720496484546,0.197819536493
    ));
#4158 = CARTESIAN_POINT('',(0.680154780827,0.733533977519,0.224117590998
    ));
#4159 = CARTESIAN_POINT('',(0.667240171097,0.745128198284,0.251624507446
    ));
#4160 = CARTESIAN_POINT('',(0.655510254147,0.755309940645,0.280294385726
    ));
#4161 = CARTESIAN_POINT('',(0.633313164897,0.774048464846,0.343582702559
    ));
#4162 = CARTESIAN_POINT('',(0.623308668208,0.782140162843,0.378154591865
    ));
#4163 = CARTESIAN_POINT('',(0.615127539446,0.788541849729,0.413694895535
    ));
#4164 = CARTESIAN_POINT('',(0.608780919976,0.79339458851,0.45008384889)
  );
#4165 = CARTESIAN_POINT('',(0.604220462391,0.796834455236,0.487160058644
    ));
#4166 = CARTESIAN_POINT('',(0.60134356192,0.798992452602,0.524707218497)
  );
#4167 = CARTESIAN_POINT('',(0.6,0.8,0.562441554477));
#4168 = CARTESIAN_POINT('',(0.6,0.8,0.6));
#4169 = PCURVE('',#461,#4170);
#4170 = DEFINITIONAL_REPRESENTATION('',(#4171),#4177);
#4171 = B_SPLINE_CURVE_WITH_KNOTS('',4,(#4172,#4173,#4174,#4175,#4176),
  .UNSPECIFIED.,.F.,.F.,(5,5),(0.988681185727,1.),
  .PIECEWISE_BEZIER_KNOTS.);
#4172 = CARTESIAN_POINT('',(5.604316364971,4.526415318679));
#4173 = CARTESIAN_POINT('',(5.605776498721,4.544750465244));
#4174 = CARTESIAN_POINT('',(5.606710528731,4.563166585774));
#4175 = CARTESIAN_POINT('',(5.607154452718,4.581607861405));
#4176 = CARTESIAN_POINT('',(5.60715445464,4.6));
#4177 = ( GEOMETRIC_REPRESENTATION_CONTEXT(2) 
PARAMETRIC_REPRESENTATION_CONTEXT() REPRESENTATION_CONTEXT('2D SPACE',''
  ) );
#4178 = PCURVE('',#3506,#4179);
#4179 = DEFINITIONAL_REPRESENTATION('',(#4180),#4186);
#4180 = B_SPLINE_CURVE_WITH_KNOTS('',4,(#4181,#4182,#4183,#4184,#4185),
  .UNSPECIFIED.,.F.,.F.,(5,5),(0.988681185727,1.),
  .PIECEWISE_BEZIER_KNOTS.);
#4181 = CARTESIAN_POINT('',(6.203428788413,0.798193642815));
#4182 = CARTESIAN_POINT('',(6.223623815423,0.810285824831));
#4183 = CARTESIAN_POINT('',(6.243662399837,0.822748748014));
#4184 = CARTESIAN_POINT('',(6.263527928644,0.835522936343));
#4185 = CARTESIAN_POINT('',(6.28318530718,0.848528137424));
#4186 = ( GEOMETRIC_REPRESENTATION_CONTEXT(2) 
PARAMETRIC_REPRESENTATION_CONTEXT() REPRESENTATION_CONTEXT('2D SPACE',''
  ) );
#4187 = ADVANCED_FACE('',(#4188),#1216,.T.);
#4188 = FACE_BOUND('',#4189,.T.);
#4189 = EDGE_LOOP('',(#4190,#4191,#4218,#4240,#4262,#4263,#4294,#4329,
    #4410));
#4190 = ORIENTED_EDGE('',*,*,#1195,.T.);
#4191 = ORIENTED_EDGE('',*,*,#4192,.T.);
#4192 = EDGE_CURVE('',#1127,#4193,#4195,.T.);
#4193 = VERTEX_POINT('',#4194);
#4194 = CARTESIAN_POINT('',(0.692820323028,0.8,-0.4));
#4195 = SURFACE_CURVE('',#4196,(#4200,#4209),.PCURVE_S1.);
#4196 = ( BOUNDED_CURVE() B_SPLINE_CURVE(2,(#4197,#4198,#4199),
.UNSPECIFIED.,.F.,.F.) B_SPLINE_CURVE_WITH_KNOTS((3,3),(6.194105284106,
6.28318530718),.PIECEWISE_BEZIER_KNOTS.) CURVE() 
GEOMETRIC_REPRESENTATION_ITEM() RATIONAL_B_SPLINE_CURVE((1.,
0.999008257655,1.)) REPRESENTATION_ITEM('') );
#4197 = CARTESIAN_POINT('',(0.654488385768,0.796827998181,
    -0.460048859247));
#4198 = CARTESIAN_POINT('',(0.674992527852,0.8,-0.430878647031));
#4199 = CARTESIAN_POINT('',(0.692820323028,0.8,-0.4));
#4200 = PCURVE('',#1216,#4201);
#4201 = DEFINITIONAL_REPRESENTATION('',(#4202),#4208);
#4202 = B_SPLINE_CURVE_WITH_KNOTS('',4,(#4203,#4204,#4205,#4206,#4207),
  .UNSPECIFIED.,.F.,.F.,(5,5),(6.194105284106,6.28318530718),
  .PIECEWISE_BEZIER_KNOTS.);
#4203 = CARTESIAN_POINT('',(6.17810250756,0.796827998181));
#4204 = CARTESIAN_POINT('',(6.203739587774,0.798412425883));
#4205 = CARTESIAN_POINT('',(6.22978889698,0.799471332586));
#4206 = CARTESIAN_POINT('',(6.256265329091,0.800000000153));
#4207 = CARTESIAN_POINT('',(6.28318530718,0.8));
#4208 = ( GEOMETRIC_REPRESENTATION_CONTEXT(2) 
PARAMETRIC_REPRESENTATION_CONTEXT() REPRESENTATION_CONTEXT('2D SPACE',''
  ) );
#4209 = PCURVE('',#832,#4210);
#4210 = DEFINITIONAL_REPRESENTATION('',(#4211),#4217);
#4211 = B_SPLINE_CURVE_WITH_KNOTS('',4,(#4212,#4213,#4214,#4215,#4216),
  .UNSPECIFIED.,.F.,.F.,(5,5),(6.194105284106,6.28318530718),
  .PIECEWISE_BEZIER_KNOTS.);
#4212 = CARTESIAN_POINT('',(3.715290138275,0.796827998181));
#4213 = CARTESIAN_POINT('',(3.693080284432,0.798412425883));
#4214 = CARTESIAN_POINT('',(3.671064269417,0.799471332586));
#4215 = CARTESIAN_POINT('',(3.649238288143,0.800000000153));
#4216 = CARTESIAN_POINT('',(3.627598728468,0.8));
#4217 = ( GEOMETRIC_REPRESENTATION_CONTEXT(2) 
PARAMETRIC_REPRESENTATION_CONTEXT() REPRESENTATION_CONTEXT('2D SPACE',''
  ) );
#4218 = ORIENTED_EDGE('',*,*,#4219,.T.);
#4219 = EDGE_CURVE('',#4193,#4220,#4222,.T.);
#4220 = VERTEX_POINT('',#4221);
#4221 = CARTESIAN_POINT('',(3.464101615138,0.8,-2.));
#4222 = SEAM_CURVE('',#4223,(#4226,#4233),.PCURVE_S1.);
#4223 = B_SPLINE_CURVE_WITH_KNOTS('',1,(#4224,#4225),.UNSPECIFIED.,.F.,
  .F.,(2,2),(0.8,4.),.PIECEWISE_BEZIER_KNOTS.);
#4224 = CARTESIAN_POINT('',(0.692820323028,0.8,-0.4));
#4225 = CARTESIAN_POINT('',(3.464101615138,0.8,-2.));
#4226 = PCURVE('',#1216,#4227);
#4227 = DEFINITIONAL_REPRESENTATION('',(#4228),#4232);
#4228 = B_SPLINE_CURVE_WITH_KNOTS('',2,(#4229,#4230,#4231),
  .UNSPECIFIED.,.F.,.F.,(3,3),(0.8,4.),.PIECEWISE_BEZIER_KNOTS.);
#4229 = CARTESIAN_POINT('',(0.,0.8));
#4230 = CARTESIAN_POINT('',(0.,2.4));
#4231 = CARTESIAN_POINT('',(0.,4.));
#4232 = ( GEOMETRIC_REPRESENTATION_CONTEXT(2) 
PARAMETRIC_REPRESENTATION_CONTEXT() REPRESENTATION_CONTEXT('2D SPACE',''
  ) );
#4233 = PCURVE('',#1216,#4234);
#4234 = DEFINITIONAL_REPRESENTATION('',(#4235),#4239);
#4235 = B_SPLINE_CURVE_WITH_KNOTS('',2,(#4236,#4237,#4238),
  .UNSPECIFIED.,.F.,.F.,(3,3),(0.8,4.),.PIECEWISE_BEZIER_KNOTS.);
#4236 = CARTESIAN_POINT('',(6.28318530718,0.8));
#4237 = CARTESIAN_POINT('',(6.28318530718,2.4));
#4238 = CARTESIAN_POINT('',(6.28318530718,4.));
#4239 = ( GEOMETRIC_REPRESENTATION_CONTEXT(2) 
PARAMETRIC_REPRESENTATION_CONTEXT() REPRESENTATION_CONTEXT('2D SPACE',''
  ) );
#4240 = ORIENTED_EDGE('',*,*,#4241,.F.);
#4241 = EDGE_CURVE('',#4220,#4220,#4242,.T.);
#4242 = SURFACE_CURVE('',#4243,(#4251),.PCURVE_S1.);
#4243 = ( BOUNDED_CURVE() B_SPLINE_CURVE(2,(#4244,#4245,#4246,#4247,
#4248,#4249,#4250),.UNSPECIFIED.,.T.,.F.) B_SPLINE_CURVE_WITH_KNOTS((1,2
    ,2,2,2,1),(-2.094395102393,0.,2.094395102393,4.188790204786,
6.28318530718,8.377580409573),.UNSPECIFIED.) CURVE() 
GEOMETRIC_REPRESENTATION_ITEM() RATIONAL_B_SPLINE_CURVE((1.,0.5,1.,0.5,
1.,0.5,1.)) REPRESENTATION_ITEM('') );
#4244 = CARTESIAN_POINT('',(3.464101615138,0.8,-2.));
#4245 = CARTESIAN_POINT('',(4.156921938165,0.8,-0.8));
#4246 = CARTESIAN_POINT('',(3.810511776652,-0.4,-1.4));
#4247 = CARTESIAN_POINT('',(3.464101615138,-1.6,-2.));
#4248 = CARTESIAN_POINT('',(3.117691453624,-0.4,-2.6));
#4249 = CARTESIAN_POINT('',(2.77128129211,0.8,-3.2));
#4250 = CARTESIAN_POINT('',(3.464101615138,0.8,-2.));
#4251 = PCURVE('',#1216,#4252);
#4252 = DEFINITIONAL_REPRESENTATION('',(#4253),#4261);
#4253 = B_SPLINE_CURVE_WITH_KNOTS('',2,(#4254,#4255,#4256,#4257,#4258,
    #4259,#4260),.UNSPECIFIED.,.F.,.F.,(3,2,2,3),(0.,2.094395102393,
    4.188790204786,6.28318530718),.PIECEWISE_BEZIER_KNOTS.);
#4254 = CARTESIAN_POINT('',(0.,4.));
#4255 = CARTESIAN_POINT('',(1.047197551197,4.));
#4256 = CARTESIAN_POINT('',(2.094395102393,4.));
#4257 = CARTESIAN_POINT('',(3.14159265359,4.));
#4258 = CARTESIAN_POINT('',(4.188790204786,4.));
#4259 = CARTESIAN_POINT('',(5.235987755983,4.));
#4260 = CARTESIAN_POINT('',(6.28318530718,4.));
#4261 = ( GEOMETRIC_REPRESENTATION_CONTEXT(2) 
PARAMETRIC_REPRESENTATION_CONTEXT() REPRESENTATION_CONTEXT('2D SPACE',''
  ) );
#4262 = ORIENTED_EDGE('',*,*,#4219,.F.);
#4263 = ORIENTED_EDGE('',*,*,#4264,.T.);
#4264 = EDGE_CURVE('',#4193,#4265,#4267,.T.);
#4265 = VERTEX_POINT('',#4266);
#4266 = CARTESIAN_POINT('',(0.793155889099,0.634682672233,0.104420953776
    ));
#4267 = SURFACE_CURVE('',#4268,(#4272,#4283),.PCURVE_S1.);
#4268 = ( BOUNDED_CURVE() B_SPLINE_CURVE(2,(#4269,#4270,#4271),
.UNSPECIFIED.,.F.,.F.) B_SPLINE_CURVE_WITH_KNOTS((3,3),(0.,
0.654498469498),.PIECEWISE_BEZIER_KNOTS.) CURVE() 
GEOMETRIC_REPRESENTATION_ITEM() RATIONAL_B_SPLINE_CURVE((1.,
0.946930129495,1.)) REPRESENTATION_ITEM('') );
#4269 = CARTESIAN_POINT('',(0.692820323028,0.8,-0.4));
#4270 = CARTESIAN_POINT('',(0.828602026573,0.8,-0.164819190721));
#4271 = CARTESIAN_POINT('',(0.793155889099,0.634682672233,0.104420953776
    ));
#4272 = PCURVE('',#1216,#4273);
#4273 = DEFINITIONAL_REPRESENTATION('',(#4274),#4282);
#4274 = B_SPLINE_CURVE_WITH_KNOTS('',6,(#4275,#4276,#4277,#4278,#4279,
    #4280,#4281),.UNSPECIFIED.,.F.,.F.,(7,7),(0.,0.654498469498),
  .PIECEWISE_BEZIER_KNOTS.);
#4275 = CARTESIAN_POINT('',(0.,0.8));
#4276 = CARTESIAN_POINT('',(0.129561484991,0.799999813515));
#4277 = CARTESIAN_POINT('',(0.252255550976,0.788979788285));
#4278 = CARTESIAN_POINT('',(0.368764573645,0.766057638646));
#4279 = CARTESIAN_POINT('',(0.479650934445,0.73140699359));
#4280 = CARTESIAN_POINT('',(0.585394627557,0.686864332816));
#4281 = CARTESIAN_POINT('',(0.686410425705,0.634682672233));
#4282 = ( GEOMETRIC_REPRESENTATION_CONTEXT(2) 
PARAMETRIC_REPRESENTATION_CONTEXT() REPRESENTATION_CONTEXT('2D SPACE',''
  ) );
#4283 = PCURVE('',#832,#4284);
#4284 = DEFINITIONAL_REPRESENTATION('',(#4285),#4293);
#4285 = B_SPLINE_CURVE_WITH_KNOTS('',6,(#4286,#4287,#4288,#4289,#4290,
    #4291,#4292),.UNSPECIFIED.,.F.,.F.,(7,7),(0.,0.654498469498),
  .PIECEWISE_BEZIER_KNOTS.);
#4286 = CARTESIAN_POINT('',(3.627598728468,0.8));
#4287 = CARTESIAN_POINT('',(3.523451039909,0.799999813515));
#4288 = CARTESIAN_POINT('',(3.420680582647,0.788979788286));
#4289 = CARTESIAN_POINT('',(3.319253208737,0.766057638647));
#4290 = CARTESIAN_POINT('',(3.219136275232,0.731406993591));
#4291 = CARTESIAN_POINT('',(3.12029852053,0.686864332816));
#4292 = CARTESIAN_POINT('',(3.022709962406,0.634682672233));
#4293 = ( GEOMETRIC_REPRESENTATION_CONTEXT(2) 
PARAMETRIC_REPRESENTATION_CONTEXT() REPRESENTATION_CONTEXT('2D SPACE',''
  ) );
#4294 = ORIENTED_EDGE('',*,*,#4295,.F.);
#4295 = EDGE_CURVE('',#4296,#4265,#4298,.T.);
#4296 = VERTEX_POINT('',#4297);
#4297 = CARTESIAN_POINT('',(1.30290102379,-1.959434878636E-16,
    0.171530173891));
#4298 = SURFACE_CURVE('',#4299,(#4303,#4316),.PCURVE_S1.);
#4299 = ( BOUNDED_CURVE() B_SPLINE_CURVE(2,(#4300,#4301,#4302),
.UNSPECIFIED.,.F.,.F.) B_SPLINE_CURVE_WITH_KNOTS((3,3),(0.,
0.916297857297),.PIECEWISE_BEZIER_KNOTS.) CURVE() 
GEOMETRIC_REPRESENTATION_ITEM() RATIONAL_B_SPLINE_CURVE((1.,
0.896872741533,1.)) REPRESENTATION_ITEM('') );
#4300 = CARTESIAN_POINT('',(1.30290102379,0.,0.171530173891));
#4301 = CARTESIAN_POINT('',(1.30290102379,0.394516340825,0.171530173891)
  );
#4302 = CARTESIAN_POINT('',(0.793155889099,0.634682672233,0.104420953776
    ));
#4303 = PCURVE('',#1216,#4304);
#4304 = DEFINITIONAL_REPRESENTATION('',(#4305),#4315);
#4305 = B_SPLINE_CURVE_WITH_KNOTS('',8,(#4306,#4307,#4308,#4309,#4310,
    #4311,#4312,#4313,#4314),.UNSPECIFIED.,.F.,.F.,(9,9),(0.,
    0.916297857297),.PIECEWISE_BEZIER_KNOTS.);
#4306 = CARTESIAN_POINT('',(1.533203626075,1.042580298273));
#4307 = CARTESIAN_POINT('',(1.425726130907,1.042580350678));
#4308 = CARTESIAN_POINT('',(1.31872103438,1.02801215135));
#4309 = CARTESIAN_POINT('',(1.212184702403,0.997375734834));
#4310 = CARTESIAN_POINT('',(1.10611354727,0.950117132292));
#4311 = CARTESIAN_POINT('',(1.000504022253,0.887201617959));
#4312 = CARTESIAN_POINT('',(0.895352627267,0.811426104752));
#4313 = CARTESIAN_POINT('',(0.790655900995,0.726140646311));
#4314 = CARTESIAN_POINT('',(0.686410425705,0.634682672233));
#4315 = ( GEOMETRIC_REPRESENTATION_CONTEXT(2) 
PARAMETRIC_REPRESENTATION_CONTEXT() REPRESENTATION_CONTEXT('2D SPACE',''
  ) );
#4316 = PCURVE('',#3506,#4317);
#4317 = DEFINITIONAL_REPRESENTATION('',(#4318),#4328);
#4318 = B_SPLINE_CURVE_WITH_KNOTS('',8,(#4319,#4320,#4321,#4322,#4323,
    #4324,#4325,#4326,#4327),.UNSPECIFIED.,.F.,.F.,(9,9),(0.,
    0.916297857297),.PIECEWISE_BEZIER_KNOTS.);
#4319 = CARTESIAN_POINT('',(4.749981681104,1.042580298273));
#4320 = CARTESIAN_POINT('',(4.857459176274,1.042580350677));
#4321 = CARTESIAN_POINT('',(4.96446427294,1.028012151302));
#4322 = CARTESIAN_POINT('',(5.07100060425,0.997375734987));
#4323 = CARTESIAN_POINT('',(5.177071758604,0.950117131986));
#4324 = CARTESIAN_POINT('',(5.28268128421,0.887201617974));
#4325 = CARTESIAN_POINT('',(5.387832679626,0.811426104705));
#4326 = CARTESIAN_POINT('',(5.492529406143,0.726140646315));
#4327 = CARTESIAN_POINT('',(5.596774881475,0.634682672233));
#4328 = ( GEOMETRIC_REPRESENTATION_CONTEXT(2) 
PARAMETRIC_REPRESENTATION_CONTEXT() REPRESENTATION_CONTEXT('2D SPACE',''
  ) );
#4329 = ORIENTED_EDGE('',*,*,#4330,.F.);
#4330 = EDGE_CURVE('',#2544,#4296,#4331,.T.);
#4331 = SURFACE_CURVE('',#4332,(#4336,#4373),.PCURVE_S1.);
#4332 = ( BOUNDED_CURVE() B_SPLINE_CURVE(2,(#4333,#4334,#4335),
.UNSPECIFIED.,.F.,.F.) B_SPLINE_CURVE_WITH_KNOTS((3,3),(5.335354132049,
6.28318530718),.PIECEWISE_BEZIER_KNOTS.) CURVE() 
GEOMETRIC_REPRESENTATION_ITEM() RATIONAL_B_SPLINE_CURVE((1.,
0.889788142143,1.)) REPRESENTATION_ITEM('') );
#4333 = CARTESIAN_POINT('',(0.760172228901,-0.649721619165,
    0.100078572531));
#4334 = CARTESIAN_POINT('',(1.30290102379,-0.4103213309,0.171530173891)
  );
#4335 = CARTESIAN_POINT('',(1.30290102379,-1.959434878636E-16,
    0.171530173891));
#4336 = PCURVE('',#1216,#4337);
#4337 = DEFINITIONAL_REPRESENTATION('',(#4338),#4372);
#4338 = B_SPLINE_CURVE_WITH_KNOTS('',7,(#4339,#4340,#4341,#4342,#4343,
    #4344,#4345,#4346,#4347,#4348,#4349,#4350,#4351,#4352,#4353,#4354,
    #4355,#4356,#4357,#4358,#4359,#4360,#4361,#4362,#4363,#4364,#4365,
    #4366,#4367,#4368,#4369,#4370,#4371),.UNSPECIFIED.,.F.,.F.,(8,6,6,6,
    7,8),(5.335354132049,5.572311925832,5.750030271169,5.758360818606,
    5.76656120124,6.28318530718),.UNSPECIFIED.);
#4339 = CARTESIAN_POINT('',(2.557616395199,0.608289175214));
#4340 = CARTESIAN_POINT('',(2.524988630843,0.635891114091));
#4341 = CARTESIAN_POINT('',(2.491661693227,0.662992414979));
#4342 = CARTESIAN_POINT('',(2.457608599083,0.689500535146));
#4343 = CARTESIAN_POINT('',(2.422800659706,0.715321827315));
#4344 = CARTESIAN_POINT('',(2.387207254493,0.740363837901));
#4345 = CARTESIAN_POINT('',(2.350795604474,0.76453760525));
#4346 = CARTESIAN_POINT('',(2.28558176763,0.805176618278));
#4347 = CARTESIAN_POINT('',(2.257152890012,0.822058463699));
#4348 = CARTESIAN_POINT('',(2.228229166725,0.838369780046));
#4349 = CARTESIAN_POINT('',(2.198794979132,0.854077451742));
#4350 = CARTESIAN_POINT('',(2.168833836234,0.869150961732));
#4351 = CARTESIAN_POINT('',(2.138328374664,0.883562391474));
#4352 = CARTESIAN_POINT('',(2.105804049378,0.897929745903));
#4353 = CARTESIAN_POINT('',(2.104346499123,0.898571554858));
#4354 = CARTESIAN_POINT('',(2.102887707924,0.899211847812));
#4355 = CARTESIAN_POINT('',(2.101427675783,0.899850624765));
#4356 = CARTESIAN_POINT('',(2.099966402698,0.900487885717));
#4357 = CARTESIAN_POINT('',(2.098503888671,0.901123630668));
#4358 = CARTESIAN_POINT('',(2.095599144788,0.902382172565));
#4359 = CARTESIAN_POINT('',(2.094158227301,0.903005010428));
#4360 = CARTESIAN_POINT('',(2.092709689074,0.903626370905));
#4361 = CARTESIAN_POINT('',(2.091274308754,0.904246251523));
#4362 = CARTESIAN_POINT('',(2.089831093759,0.904864650092));
#4363 = CARTESIAN_POINT('',(2.088393035938,0.905481564156));
#4364 = CARTESIAN_POINT('',(2.086955026092,0.906096991464));
#4365 = CARTESIAN_POINT('',(1.996368099103,0.944868854498));
#4366 = CARTESIAN_POINT('',(1.910162957013,0.977740109466));
#4367 = CARTESIAN_POINT('',(1.827958194654,1.004131783313));
#4368 = CARTESIAN_POINT('',(1.749427423544,1.023706471995));
#4369 = CARTESIAN_POINT('',(1.674286794037,1.036435894434));
#4370 = CARTESIAN_POINT('',(1.602286122864,1.042580381252));
#4371 = CARTESIAN_POINT('',(1.533203626075,1.042580298273));
#4372 = ( GEOMETRIC_REPRESENTATION_CONTEXT(2) 
PARAMETRIC_REPRESENTATION_CONTEXT() REPRESENTATION_CONTEXT('2D SPACE',''
  ) );
#4373 = PCURVE('',#3506,#4374);
#4374 = DEFINITIONAL_REPRESENTATION('',(#4375),#4409);
#4375 = B_SPLINE_CURVE_WITH_KNOTS('',7,(#4376,#4377,#4378,#4379,#4380,
    #4381,#4382,#4383,#4384,#4385,#4386,#4387,#4388,#4389,#4390,#4391,
    #4392,#4393,#4394,#4395,#4396,#4397,#4398,#4399,#4400,#4401,#4402,
    #4403,#4404,#4405,#4406,#4407,#4408),.UNSPECIFIED.,.F.,.F.,(8,6,6,6,
    7,8),(5.335354132049,5.572311925832,5.750030271169,5.758360818606,
    5.76656120124,6.28318530718),.UNSPECIFIED.);
#4376 = CARTESIAN_POINT('',(3.72556891198,0.608289175214));
#4377 = CARTESIAN_POINT('',(3.758196676336,0.635891114091));
#4378 = CARTESIAN_POINT('',(3.791523613953,0.662992414979));
#4379 = CARTESIAN_POINT('',(3.825576708097,0.689500535146));
#4380 = CARTESIAN_POINT('',(3.860384647474,0.715321827315));
#4381 = CARTESIAN_POINT('',(3.895978052687,0.740363837901));
#4382 = CARTESIAN_POINT('',(3.932389702706,0.76453760525));
#4383 = CARTESIAN_POINT('',(3.997603539549,0.805176618278));
#4384 = CARTESIAN_POINT('',(4.026032417167,0.822058463699));
#4385 = CARTESIAN_POINT('',(4.054956140455,0.838369780046));
#4386 = CARTESIAN_POINT('',(4.084390328047,0.854077451742));
#4387 = CARTESIAN_POINT('',(4.114351470946,0.869150961732));
#4388 = CARTESIAN_POINT('',(4.144856932516,0.883562391474));
#4389 = CARTESIAN_POINT('',(4.177381257801,0.897929745903));
#4390 = CARTESIAN_POINT('',(4.178838808057,0.898571554858));
#4391 = CARTESIAN_POINT('',(4.180297599255,0.899211847812));
#4392 = CARTESIAN_POINT('',(4.181757631397,0.899850624765));
#4393 = CARTESIAN_POINT('',(4.183218904481,0.900487885717));
#4394 = CARTESIAN_POINT('',(4.184681418509,0.901123630668));
#4395 = CARTESIAN_POINT('',(4.1875861624,0.902382172566));
#4396 = CARTESIAN_POINT('',(4.189027079847,0.903005010428));
#4397 = CARTESIAN_POINT('',(4.190475618096,0.903626370911));
#4398 = CARTESIAN_POINT('',(4.191910998314,0.904246251524));
#4399 = CARTESIAN_POINT('',(4.193354213439,0.904864650095));
#4400 = CARTESIAN_POINT('',(4.194792271242,0.905481564155));
#4401 = CARTESIAN_POINT('',(4.196230281088,0.906096991464));
#4402 = CARTESIAN_POINT('',(4.28681720808,0.944868854498));
#4403 = CARTESIAN_POINT('',(4.373022350157,0.977740109466));
#4404 = CARTESIAN_POINT('',(4.455227112526,1.004131783313));
#4405 = CARTESIAN_POINT('',(4.533757883634,1.023706471995));
#4406 = CARTESIAN_POINT('',(4.608898513131,1.036435894434));
#4407 = CARTESIAN_POINT('',(4.68089918432,1.042580381252));
#4408 = CARTESIAN_POINT('',(4.749981681104,1.042580298273));
#4409 = ( GEOMETRIC_REPRESENTATION_CONTEXT(2) 
PARAMETRIC_REPRESENTATION_CONTEXT() REPRESENTATION_CONTEXT('2D SPACE',''
  ) );
#4410 = ORIENTED_EDGE('',*,*,#2543,.T.);
#4411 = ADVANCED_FACE('',(#4412),#832,.T.);
#4412 = FACE_BOUND('',#4413,.T.);
#4413 = EDGE_LOOP('',(#4414,#4415,#4437,#4459,#4460,#4461,#4462,#4491,
    #4492,#4493,#4494));
#4414 = ORIENTED_EDGE('',*,*,#2411,.T.);
#4415 = ORIENTED_EDGE('',*,*,#4416,.T.);
#4416 = EDGE_CURVE('',#2248,#4417,#4419,.T.);
#4417 = VERTEX_POINT('',#4418);
#4418 = CARTESIAN_POINT('',(-0.8,4.,-1.959434878636E-16));
#4419 = SEAM_CURVE('',#4420,(#4423,#4430),.PCURVE_S1.);
#4420 = B_SPLINE_CURVE_WITH_KNOTS('',1,(#4421,#4422),.UNSPECIFIED.,.F.,
  .F.,(2,2),(0.6,4.),.PIECEWISE_BEZIER_KNOTS.);
#4421 = CARTESIAN_POINT('',(-0.8,0.6,-1.959434878636E-16));
#4422 = CARTESIAN_POINT('',(-0.8,4.,-1.959434878636E-16));
#4423 = PCURVE('',#832,#4424);
#4424 = DEFINITIONAL_REPRESENTATION('',(#4425),#4429);
#4425 = B_SPLINE_CURVE_WITH_KNOTS('',2,(#4426,#4427,#4428),
  .UNSPECIFIED.,.F.,.F.,(3,3),(0.6,4.),.PIECEWISE_BEZIER_KNOTS.);
#4426 = CARTESIAN_POINT('',(0.,0.6));
#4427 = CARTESIAN_POINT('',(0.,2.3));
#4428 = CARTESIAN_POINT('',(0.,4.));
#4429 = ( GEOMETRIC_REPRESENTATION_CONTEXT(2) 
PARAMETRIC_REPRESENTATION_CONTEXT() REPRESENTATION_CONTEXT('2D SPACE',''
  ) );
#4430 = PCURVE('',#832,#4431);
#4431 = DEFINITIONAL_REPRESENTATION('',(#4432),#4436);
#4432 = B_SPLINE_CURVE_WITH_KNOTS('',2,(#4433,#4434,#4435),
  .UNSPECIFIED.,.F.,.F.,(3,3),(0.6,4.),.PIECEWISE_BEZIER_KNOTS.);
#4433 = CARTESIAN_POINT('',(6.28318530718,0.6));
#4434 = CARTESIAN_POINT('',(6.28318530718,2.3));
#4435 = CARTESIAN_POINT('',(6.28318530718,4.));
#4436 = ( GEOMETRIC_REPRESENTATION_CONTEXT(2) 
PARAMETRIC_REPRESENTATION_CONTEXT() REPRESENTATION_CONTEXT('2D SPACE',''
  ) );
#4437 = ORIENTED_EDGE('',*,*,#4438,.F.);
#4438 = EDGE_CURVE('',#4417,#4417,#4439,.T.);
#4439 = SURFACE_CURVE('',#4440,(#4448),.PCURVE_S1.);
#4440 = ( BOUNDED_CURVE() B_SPLINE_CURVE(2,(#4441,#4442,#4443,#4444,
#4445,#4446,#4447),.UNSPECIFIED.,.T.,.F.) B_SPLINE_CURVE_WITH_KNOTS((1,2
    ,2,2,2,1),(-2.094395102393,0.,2.094395102393,4.188790204786,
6.28318530718,8.377580409573),.UNSPECIFIED.) CURVE() 
GEOMETRIC_REPRESENTATION_ITEM() RATIONAL_B_SPLINE_CURVE((1.,0.5,1.,0.5,
1.,0.5,1.)) REPRESENTATION_ITEM('') );
#4441 = CARTESIAN_POINT('',(-0.8,4.,0.));
#4442 = CARTESIAN_POINT('',(-0.8,4.,1.385640646055));
#4443 = CARTESIAN_POINT('',(0.4,4.,0.692820323028));
#4444 = CARTESIAN_POINT('',(1.6,4.,1.959434878636E-16));
#4445 = CARTESIAN_POINT('',(0.4,4.,-0.692820323028));
#4446 = CARTESIAN_POINT('',(-0.8,4.,-1.385640646055));
#4447 = CARTESIAN_POINT('',(-0.8,4.,0.));
#4448 = PCURVE('',#832,#4449);
#4449 = DEFINITIONAL_REPRESENTATION('',(#4450),#4458);
#4450 = B_SPLINE_CURVE_WITH_KNOTS('',2,(#4451,#4452,#4453,#4454,#4455,
    #4456,#4457),.UNSPECIFIED.,.F.,.F.,(3,2,2,3),(0.,2.094395102393,
    4.188790204786,6.28318530718),.PIECEWISE_BEZIER_KNOTS.);
#4451 = CARTESIAN_POINT('',(0.,4.));
#4452 = CARTESIAN_POINT('',(1.047197551197,4.));
#4453 = CARTESIAN_POINT('',(2.094395102393,4.));
#4454 = CARTESIAN_POINT('',(3.14159265359,4.));
#4455 = CARTESIAN_POINT('',(4.188790204786,4.));
#4456 = CARTESIAN_POINT('',(5.235987755983,4.));
#4457 = CARTESIAN_POINT('',(6.28318530718,4.));
#4458 = ( GEOMETRIC_REPRESENTATION_CONTEXT(2) 
PARAMETRIC_REPRESENTATION_CONTEXT() REPRESENTATION_CONTEXT('2D SPACE',''
  ) );
#4459 = ORIENTED_EDGE('',*,*,#4416,.F.);
#4460 = ORIENTED_EDGE('',*,*,#2247,.T.);
#4461 = ORIENTED_EDGE('',*,*,#2076,.T.);
#4462 = ORIENTED_EDGE('',*,*,#4463,.F.);
#4463 = EDGE_CURVE('',#4265,#2079,#4464,.T.);
#4464 = SURFACE_CURVE('',#4465,(#4469,#4480),.PCURVE_S1.);
#4465 = ( BOUNDED_CURVE() B_SPLINE_CURVE(2,(#4466,#4467,#4468),
.UNSPECIFIED.,.F.,.F.) B_SPLINE_CURVE_WITH_KNOTS((3,3),(5.628686837682,
6.215972262234),.PIECEWISE_BEZIER_KNOTS.) CURVE() 
GEOMETRIC_REPRESENTATION_ITEM() RATIONAL_B_SPLINE_CURVE((1.,
0.957195878505,1.)) REPRESENTATION_ITEM('') );
#4466 = CARTESIAN_POINT('',(0.793155889099,0.634682672233,0.104420953776
    ));
#4467 = CARTESIAN_POINT('',(0.761580640679,0.781946551019,0.344258776822
    ));
#4468 = CARTESIAN_POINT('',(0.602400956329,0.798193642822,0.526415318749
    ));
#4469 = PCURVE('',#832,#4470);
#4470 = DEFINITIONAL_REPRESENTATION('',(#4471),#4479);
#4471 = B_SPLINE_CURVE_WITH_KNOTS('',6,(#4472,#4473,#4474,#4475,#4476,
    #4477,#4478),.UNSPECIFIED.,.F.,.F.,(7,7),(5.628686837682,
    6.215972262234),.PIECEWISE_BEZIER_KNOTS.);
#4472 = CARTESIAN_POINT('',(3.022709962406,0.634682672233));
#4473 = CARTESIAN_POINT('',(2.934836114441,0.681669632993));
#4474 = CARTESIAN_POINT('',(2.844790900408,0.722370111031));
#4475 = CARTESIAN_POINT('',(2.752473720043,0.75518174583));
#4476 = CARTESIAN_POINT('',(2.657775679118,0.778821742925));
#4477 = CARTESIAN_POINT('',(2.560578337818,0.793009655861));
#4478 = CARTESIAN_POINT('',(2.460751866823,0.798193642822));
#4479 = ( GEOMETRIC_REPRESENTATION_CONTEXT(2) 
PARAMETRIC_REPRESENTATION_CONTEXT() REPRESENTATION_CONTEXT('2D SPACE',''
  ) );
#4480 = PCURVE('',#3506,#4481);
#4481 = DEFINITIONAL_REPRESENTATION('',(#4482),#4490);
#4482 = B_SPLINE_CURVE_WITH_KNOTS('',6,(#4483,#4484,#4485,#4486,#4487,
    #4488,#4489),.UNSPECIFIED.,.F.,.F.,(7,7),(5.628686837682,
    6.215972262234),.PIECEWISE_BEZIER_KNOTS.);
#4483 = CARTESIAN_POINT('',(5.596774881475,0.634682672233));
#4484 = CARTESIAN_POINT('',(5.687734797659,0.681669632993));
#4485 = CARTESIAN_POINT('',(5.782346854264,0.722370111031));
#4486 = CARTESIAN_POINT('',(5.880885952445,0.755181745831));
#4487 = CARTESIAN_POINT('',(5.983663957642,0.778821742924));
#4488 = CARTESIAN_POINT('',(6.091038331702,0.793009655861));
#4489 = CARTESIAN_POINT('',(6.203428788413,0.798193642822));
#4490 = ( GEOMETRIC_REPRESENTATION_CONTEXT(2) 
PARAMETRIC_REPRESENTATION_CONTEXT() REPRESENTATION_CONTEXT('2D SPACE',''
  ) );
#4491 = ORIENTED_EDGE('',*,*,#4264,.F.);
#4492 = ORIENTED_EDGE('',*,*,#4192,.F.);
#4493 = ORIENTED_EDGE('',*,*,#1126,.T.);
#4494 = ORIENTED_EDGE('',*,*,#810,.T.);
#4495 = ADVANCED_FACE('',(#4496),#3506,.T.);
#4496 = FACE_BOUND('',#4497,.T.);
#4497 = EDGE_LOOP('',(#4498,#4499,#4500,#4522,#4544,#4545,#4546,#4547));
#4498 = ORIENTED_EDGE('',*,*,#4463,.T.);
#4499 = ORIENTED_EDGE('',*,*,#4066,.T.);
#4500 = ORIENTED_EDGE('',*,*,#4501,.T.);
#4501 = EDGE_CURVE('',#3102,#4502,#4504,.T.);
#4502 = VERTEX_POINT('',#4503);
#4503 = CARTESIAN_POINT('',(2.828427124746,0.8,2.828427124746));
#4504 = SEAM_CURVE('',#4505,(#4508,#4515),.PCURVE_S1.);
#4505 = B_SPLINE_CURVE_WITH_KNOTS('',1,(#4506,#4507),.UNSPECIFIED.,.F.,
  .F.,(2,2),(0.848528137424,4.),.PIECEWISE_BEZIER_KNOTS.);
#4506 = CARTESIAN_POINT('',(0.6,0.8,0.6));
#4507 = CARTESIAN_POINT('',(2.828427124746,0.8,2.828427124746));
#4508 = PCURVE('',#3506,#4509);
#4509 = DEFINITIONAL_REPRESENTATION('',(#4510),#4514);
#4510 = B_SPLINE_CURVE_WITH_KNOTS('',2,(#4511,#4512,#4513),
  .UNSPECIFIED.,.F.,.F.,(3,3),(0.848528137424,4.),
  .PIECEWISE_BEZIER_KNOTS.);
#4511 = CARTESIAN_POINT('',(0.,0.848528137424));
#4512 = CARTESIAN_POINT('',(2.337290160697E-32,2.424264068712));
#4513 = CARTESIAN_POINT('',(0.,4.));
#4514 = ( GEOMETRIC_REPRESENTATION_CONTEXT(2) 
PARAMETRIC_REPRESENTATION_CONTEXT() REPRESENTATION_CONTEXT('2D SPACE',''
  ) );
#4515 = PCURVE('',#3506,#4516);
#4516 = DEFINITIONAL_REPRESENTATION('',(#4517),#4521);
#4517 = B_SPLINE_CURVE_WITH_KNOTS('',2,(#4518,#4519,#4520),
  .UNSPECIFIED.,.F.,.F.,(3,3),(0.848528137424,4.),
  .PIECEWISE_BEZIER_KNOTS.);
#4518 = CARTESIAN_POINT('',(6.28318530718,0.848528137424));
#4519 = CARTESIAN_POINT('',(6.28318530718,2.424264068712));
#4520 = CARTESIAN_POINT('',(6.28318530718,4.));
#4521 = ( GEOMETRIC_REPRESENTATION_CONTEXT(2) 
PARAMETRIC_REPRESENTATION_CONTEXT() REPRESENTATION_CONTEXT('2D SPACE',''
  ) );
#4522 = ORIENTED_EDGE('',*,*,#4523,.F.);
#4523 = EDGE_CURVE('',#4502,#4502,#4524,.T.);
#4524 = SURFACE_CURVE('',#4525,(#4533),.PCURVE_S1.);
#4525 = ( BOUNDED_CURVE() B_SPLINE_CURVE(2,(#4526,#4527,#4528,#4529,
#4530,#4531,#4532),.UNSPECIFIED.,.T.,.F.) B_SPLINE_CURVE_WITH_KNOTS((1,2
    ,2,2,2,1),(-2.094395102393,0.,2.094395102393,4.188790204786,
6.28318530718,8.377580409573),.UNSPECIFIED.) CURVE() 
GEOMETRIC_REPRESENTATION_ITEM() RATIONAL_B_SPLINE_CURVE((1.,0.5,1.,0.5,
1.,0.5,1.)) REPRESENTATION_ITEM('') );
#4526 = CARTESIAN_POINT('',(2.828427124746,0.8,2.828427124746));
#4527 = CARTESIAN_POINT('',(1.848631227633,0.8,3.808223021859));
#4528 = CARTESIAN_POINT('',(2.33852917619,-0.4,3.318325073303));
#4529 = CARTESIAN_POINT('',(2.828427124746,-1.6,2.828427124746));
#4530 = CARTESIAN_POINT('',(3.318325073303,-0.4,2.33852917619));
#4531 = CARTESIAN_POINT('',(3.808223021859,0.8,1.848631227633));
#4532 = CARTESIAN_POINT('',(2.828427124746,0.8,2.828427124746));
#4533 = PCURVE('',#3506,#4534);
#4534 = DEFINITIONAL_REPRESENTATION('',(#4535),#4543);
#4535 = B_SPLINE_CURVE_WITH_KNOTS('',2,(#4536,#4537,#4538,#4539,#4540,
    #4541,#4542),.UNSPECIFIED.,.F.,.F.,(3,2,2,3),(0.,2.094395102393,
    4.188790204786,6.28318530718),.PIECEWISE_BEZIER_KNOTS.);
#4536 = CARTESIAN_POINT('',(0.,4.));
#4537 = CARTESIAN_POINT('',(1.047197551197,4.));
#4538 = CARTESIAN_POINT('',(2.094395102393,4.));
#4539 = CARTESIAN_POINT('',(3.14159265359,4.));
#4540 = CARTESIAN_POINT('',(4.188790204786,4.));
#4541 = CARTESIAN_POINT('',(5.235987755983,4.));
#4542 = CARTESIAN_POINT('',(6.28318530718,4.));
#4543 = ( GEOMETRIC_REPRESENTATION_CONTEXT(2) 
PARAMETRIC_REPRESENTATION_CONTEXT() REPRESENTATION_CONTEXT('2D SPACE',''
  ) );
#4544 = ORIENTED_EDGE('',*,*,#4501,.F.);
#4545 = ORIENTED_EDGE('',*,*,#3101,.T.);
#4546 = ORIENTED_EDGE('',*,*,#4330,.T.);
#4547 = ORIENTED_EDGE('',*,*,#4295,.T.);
#4548 = ( GEOMETRIC_REPRESENTATION_CONTEXT(3) 
GLOBAL_UNCERTAINTY_ASSIGNED_CONTEXT((#4552)) 
GLOBAL_UNIT_ASSIGNED_CONTEXT((#4549,#4550,#4551)) REPRESENTATION_CONTEXT
('Context #1','3D Context with UNIT and UNCERTAINTY') );
#4549 = ( LENGTH_UNIT() NAMED_UNIT(*) SI_UNIT(.MILLI.,.METRE.) );
#4550 = ( NAMED_UNIT(*) PLANE_ANGLE_UNIT() SI_UNIT($,.RADIAN.) );
#4551 = ( NAMED_UNIT(*) SI_UNIT($,.STERADIAN.) SOLID_ANGLE_UNIT() );
#4552 = UNCERTAINTY_MEASURE_WITH_UNIT(LENGTH_MEASURE(1.E-07),#4549,
  'distance_accuracy_value','confusion accuracy');
#4553 = PRODUCT_RELATED_PRODUCT_CATEGORY('part',$,(#7));
ENDSEC;
END-ISO-10303-21;
