relError,absError,h,nbQuadptsInterface,IntegrationTime_sec_
0.421546353457006,0.886621722534616,1,104,0.1499734
