relError,absError,h,nbQuadptsInterface,IntegrationTime_sec_
0.0176095116315749,0.00691311624246566,1,0,0.2449271
