relError,absError,h,nbQuadptsInterface,IntegrationTime_sec_
0.0171651241960983,0.00586475076700027,1,301,0.15744
