relError,absError,h,nbQuadptsInterface,IntegrationTime_sec_
0.0110046409124868,0.0022940008909581,1,177,0.766364
