relError,absError,h,nbQuadptsInterface,IntegrationTime_sec_
0.000723335741012274,0.000283966084044129,1,124,0.10044
