relError,absError,h,nbQuadptsInterface,IntegrationTime_sec_
0.898140836421187,0.112863706143592,0.25,24,8.7975606
