relError,absError,h,nbQuadptsInterface,IntegrationTime_sec_
0.000168936268265074,6.63207523592391e-05,1,12,0.0023028
