relError,absError,h,nbQuadptsInterface,IntegrationTime_sec_
0.0044220319093986,0.00331652393204895,1,243,0.160964
