relError,absError,h,nbQuadptsInterface,IntegrationTime_sec_
0.169781130970925,0.0486381901665949,1,242,0.107839
