relError,absError,h,nbQuadptsInterface,IntegrationTime_sec_
0.0880803722727891,0.0528482233636735,1,298,0.149193
