relError,absError,h,nbQuadptsInterface,IntegrationTime_sec_
0.0391419451144566,0.00440346882537637,1,351,0.108056
