relError,absError,h,nbQuadptsInterface,IntegrationTime_sec_
0.00445318072904027,0.000392903279163248,1,32,0.069359
