relError,absError,h,nbQuadptsInterface,IntegrationTime_sec_
0.0522749150039708,0.0365924405027795,1,263,0.123894
